time,native_index,left,right,imbalance,p4,front_contact_window,mode_before,mode_after,release_count
0.0,0,0.3,0.3,0.0,,,SEEK,SEEK,0
0.09999999999999999,10,0.3,0.3,0.0,,,SEEK,SEEK,0
0.20000000000000004,20,0.3,0.3,0.0,,,SEEK,SEEK,0
0.3000000000000001,30,0.3,0.3,0.0,,,SEEK,SEEK,0
0.4000000000000002,40,0.3,0.3,0.0,,,SEEK,SEEK,0
0.5000000000000002,50,0.3,0.3,0.0,,,SEEK,SEEK,0
0.6000000000000003,60,0.3,0.3,0.0,,,SEEK,SEEK,0
0.7000000000000004,70,0.3,0.3,0.0,,,SEEK,SEEK,0
0.8000000000000005,80,0.3,0.3,0.0,,,SEEK,SEEK,0
0.9000000000000006,90,0.3,0.3,0.0,,,SEEK,SEEK,0
1.0000000000000007,100,0.3,0.3,0.0,,,SEEK,SEEK,0
1.1000000000000008,110,0.3,0.3,0.0,,,SEEK,SEEK,0
1.2000000000000008,120,0.3,0.3,0.0,,,SEEK,SEEK,0
1.300000000000001,130,0.3,0.3,0.0,,,SEEK,SEEK,0
1.400000000000001,140,0.3,0.3,0.0,,,SEEK,SEEK,0
1.500000000000001,150,0.3,0.3,0.0,,,SEEK,SEEK,0
1.6000000000000012,160,0.3,0.3,0.0,,,SEEK,SEEK,0
1.7000000000000013,170,0.3,0.3,0.0,,,SEEK,SEEK,0
1.8000000000000014,180,0.3,0.3,0.0,,,SEEK,SEEK,0
1.9000000000000015,190,0.3,0.3,0.0,,,SEEK,SEEK,0
2.0000000000000013,200,0.3,0.3,0.0,,,SEEK,SEEK,0
2.099999999999999,210,0.3,0.3,0.0,,,SEEK,SEEK,0
2.199999999999997,220,0.3,0.3,0.0,,,SEEK,SEEK,0
2.299999999999995,230,0.3,0.3,0.0,,,SEEK,SEEK,0
2.399999999999993,240,0.3,0.3,0.0,,,SEEK,SEEK,0
2.4999999999999907,250,0.3,0.3,0.0,,,SEEK,SEEK,0
2.5999999999999885,260,0.3,0.3,0.0,,,SEEK,SEEK,0
2.6999999999999864,270,0.3,0.3,0.0,,,SEEK,SEEK,0
2.7999999999999843,280,0.3,0.3,0.0,,,SEEK,SEEK,0
2.899999999999982,290,0.3,0.3,0.0,,,SEEK,SEEK,0
2.99999999999998,300,0.3,0.3,0.0,,,SEEK,SEEK,0
3.099999999999978,310,0.3,0.3,0.0,,,SEEK,SEEK,0
3.1999999999999758,320,0.3,0.3,0.0,,,SEEK,SEEK,0
3.2999999999999736,330,0.3,0.3,0.0,,,SEEK,SEEK,0
3.3999999999999715,340,0.3,0.3,0.0,,,SEEK,SEEK,0
3.4999999999999694,350,0.3,0.3,0.0,,,SEEK,SEEK,0
3.5999999999999672,360,0.3,0.3,0.0,,,SEEK,SEEK,0
3.699999999999965,370,0.3,0.3,0.0,,,SEEK,SEEK,0
3.799999999999963,380,0.3,0.3,0.0,,,SEEK,SEEK,0
3.899999999999961,390,0.3,0.3,0.0,,,SEEK,SEEK,0
3.9999999999999587,400,0.3,0.3,0.0,,,SEEK,SEEK,0
4.099999999999957,410,0.3,0.3,0.0,,,SEEK,SEEK,0
4.199999999999955,420,0.3,0.3,0.0,,,SEEK,SEEK,0
4.299999999999953,430,0.3,0.3,0.0,,,SEEK,SEEK,0
4.399999999999951,440,0.3,0.3,0.0,,,SEEK,SEEK,0
4.4999999999999485,450,0.3,0.3,0.0,,,SEEK,SEEK,0
4.599999999999946,460,0.3,0.3,0.0,,,SEEK,SEEK,0
4.699999999999944,470,0.3,0.3,0.0,,,SEEK,SEEK,0
4.799999999999942,480,0.3,0.3,0.0,,,SEEK,SEEK,0
4.89999999999994,490,0.3,0.3,0.0,,,SEEK,SEEK,0
4.999999999999938,500,0.3,0.3,0.0,,,SEEK,SEEK,0
5.099999999999936,510,0.3,0.3,0.0,,,SEEK,SEEK,0
5.199999999999934,520,0.3,0.3,0.0,,,SEEK,SEEK,0
5.299999999999931,530,0.3,0.3,0.0,,,SEEK,SEEK,0
5.399999999999929,540,0.3,0.3,0.0,,,SEEK,SEEK,0
5.499999999999927,550,0.3,0.3,0.0,,,SEEK,SEEK,0
5.599999999999925,560,0.3,0.3,0.0,,,SEEK,SEEK,0
5.699999999999923,570,0.3,0.3,0.0,,,SEEK,SEEK,0
5.799999999999921,580,0.3,0.3,0.0,,,SEEK,SEEK,0
5.899999999999919,590,0.3,0.3,0.0,,,SEEK,SEEK,0
5.9999999999999165,600,0.3,0.3,0.0,,,SEEK,SEEK,0
6.099999999999914,610,0.3,0.3,0.0,,,SEEK,SEEK,0
6.199999999999912,620,0.3,0.3,0.0,,,SEEK,SEEK,0
6.29999999999991,630,0.3,0.3,0.0,,,SEEK,SEEK,0
6.399999999999908,640,0.3,0.3,0.0,,,SEEK,SEEK,0
6.499999999999906,650,0.3,0.3,0.0,,,SEEK,SEEK,0
6.599999999999904,660,0.3,0.3,0.0,,,SEEK,SEEK,0
6.699999999999902,670,0.3,0.3,0.0,,,SEEK,SEEK,0
6.7999999999998995,680,0.3,0.3,0.0,,,SEEK,SEEK,0
6.899999999999897,690,0.3,0.3,0.0,,,SEEK,SEEK,0
6.999999999999895,700,0.3,0.3,0.0,,,SEEK,SEEK,0
7.099999999999893,710,0.3,0.3,0.0,,,SEEK,SEEK,0
7.199999999999891,720,0.3,0.3,0.0,,,SEEK,SEEK,0
7.299999999999889,730,0.3,0.3,0.0,,,SEEK,SEEK,0
7.399999999999887,740,0.3,0.3,0.0,,,SEEK,SEEK,0
7.4999999999998845,750,0.3,0.3,0.0,,,SEEK,SEEK,0
7.599999999999882,760,0.3,0.3,0.0,,,SEEK,SEEK,0
7.69999999999988,770,0.3,0.3,0.0,,,SEEK,SEEK,0
7.799999999999878,780,0.3,0.3,0.0,,,SEEK,SEEK,0
7.899999999999876,790,0.3,0.3,0.0,,,SEEK,SEEK,0
7.999999999999874,800,0.3,0.3,0.0,,,SEEK,SEEK,0
8.099999999999872,810,0.3,0.3,0.0,,,SEEK,SEEK,0
8.19999999999987,820,0.3,0.3,0.0,,,SEEK,SEEK,0
8.299999999999867,830,0.3,0.3,0.0,,,SEEK,SEEK,0
8.399999999999865,840,0.3,0.3,0.0,,,SEEK,SEEK,0
8.499999999999863,850,0.3,0.3,0.0,,,SEEK,SEEK,0
8.599999999999861,860,0.3,0.3,0.0,,,SEEK,SEEK,0
8.699999999999859,870,0.3,0.3,0.0,,,SEEK,SEEK,0
8.799999999999857,880,0.3,0.3,0.0,,,SEEK,SEEK,0
8.899999999999855,890,0.3,0.3,0.0,,,SEEK,SEEK,0
8.999999999999853,900,0.3,0.3,0.0,,,SEEK,SEEK,0
9.09999999999985,910,0.3,0.3,0.0,,,SEEK,SEEK,0
9.199999999999848,920,0.3,0.3,0.0,,,SEEK,SEEK,0
9.299999999999846,930,0.3,0.3,0.0,,,SEEK,SEEK,0
9.399999999999844,940,0.3,0.3,0.0,,,SEEK,SEEK,0
9.499999999999842,950,0.3,0.3,0.0,,,SEEK,SEEK,0
9.59999999999984,960,0.3,0.3,0.0,,,SEEK,SEEK,0
9.699999999999838,970,0.3,0.3,0.0,,,SEEK,SEEK,0
9.799999999999836,980,0.3,0.3,0.0,,,SEEK,SEEK,0
9.899999999999833,990,0.3,0.3,0.0,,,SEEK,SEEK,0
9.999999999999831,1000,0.3,0.3,0.0,,,SEEK,SEEK,0
10.09999999999983,1010,0.3,0.3,0.0,,,SEEK,SEEK,0
10.199999999999827,1020,0.3,0.3,0.0,,,SEEK,SEEK,0
10.299999999999825,1030,0.3,0.3,0.0,,,SEEK,SEEK,0
10.399999999999823,1040,0.3,0.3,0.0,,,SEEK,SEEK,0
10.49999999999982,1050,0.3,0.3,0.0,,,SEEK,SEEK,0
10.599999999999818,1060,0.3,0.3,0.0,,,SEEK,SEEK,0
10.699999999999816,1070,0.3,0.3,0.0,,,SEEK,SEEK,0
10.799999999999814,1080,0.3,0.3,0.0,,,SEEK,SEEK,0
10.899999999999812,1090,0.3,0.3,0.0,,,SEEK,SEEK,0
10.99999999999981,1100,0.3,0.3,0.0,,,SEEK,SEEK,0
11.099999999999808,1110,0.3,0.3,0.0,,,SEEK,SEEK,0
11.199999999999806,1120,0.3,0.3,0.0,,,SEEK,SEEK,0
11.299999999999804,1130,0.3,0.3,0.0,,,SEEK,SEEK,0
11.399999999999801,1140,0.3,0.3,0.0,,,SEEK,SEEK,0
11.4999999999998,1150,0.3,0.3,0.0,,,SEEK,SEEK,0
11.599999999999797,1160,0.3,0.3,0.0,,,SEEK,SEEK,0
11.699999999999795,1170,0.3,0.3,0.0,,,SEEK,SEEK,0
11.799999999999793,1180,0.3,0.3,0.0,,,SEEK,SEEK,0
11.89999999999979,1190,0.3,0.3,0.0,,,SEEK,SEEK,0
11.999999999999789,1200,0.3,0.3,0.0,,,SEEK,SEEK,0
12.099999999999786,1210,0.3,0.3,0.0,,,SEEK,SEEK,0
12.199999999999784,1220,0.3,0.3,0.0,,,SEEK,SEEK,0
12.299999999999782,1230,0.3,0.3,0.0,,,SEEK,SEEK,0
12.39999999999978,1240,0.3,0.3,0.0,,,SEEK,SEEK,0
12.499999999999778,1250,0.3,0.3,0.0,,,SEEK,SEEK,0
12.599999999999776,1260,0.3,0.3,0.0,,,SEEK,SEEK,0
12.699999999999774,1270,0.3,0.3,0.0,,,SEEK,SEEK,0
12.799999999999772,1280,0.3,0.3,0.0,,,SEEK,SEEK,0
12.89999999999977,1290,0.3,0.3,0.0,,,SEEK,SEEK,0
12.999999999999767,1300,0.3,0.3,0.0,,,SEEK,SEEK,0
13.099999999999765,1310,0.3,0.3,0.0,,,SEEK,SEEK,0
13.199999999999763,1320,0.3,0.3,0.0,,,SEEK,SEEK,0
13.299999999999761,1330,0.3,0.3,0.0,,,SEEK,SEEK,0
13.399999999999759,1340,0.3,0.3,0.0,,,SEEK,SEEK,0
13.499999999999757,1350,0.3,0.3,0.0,,,SEEK,SEEK,0
13.599999999999755,1360,0.3,0.3,0.0,,,SEEK,SEEK,0
13.699999999999752,1370,0.3,0.3,0.0,,,SEEK,SEEK,0
13.79999999999975,1380,0.3,0.3,0.0,,,SEEK,SEEK,0
13.899999999999748,1390,0.3,0.3,0.0,,,SEEK,SEEK,0
13.999999999999746,1400,0.3,0.3,0.0,,,SEEK,SEEK,0
14.099999999999744,1410,0.3,0.3,0.0,,,SEEK,SEEK,0
14.199999999999742,1420,0.3,0.3,0.0,,,SEEK,SEEK,0
14.29999999999974,1430,0.3,0.3,0.0,,,SEEK,SEEK,0
14.399999999999737,1440,0.3,0.3,0.0,,,SEEK,SEEK,0
14.499999999999735,1450,0.3,0.3,0.0,,,SEEK,SEEK,0
14.599999999999733,1460,0.3,0.3,0.0,,,SEEK,SEEK,0
14.699999999999731,1470,0.3,0.3,0.0,,,SEEK,SEEK,0
14.799999999999729,1480,0.3,0.3,0.0,,,SEEK,SEEK,0
14.899999999999727,1490,0.3,0.3,0.0,,,SEEK,SEEK,0
14.999999999999725,1500,0.3,0.3,0.0,,,SEEK,SEEK,0
15.099999999999723,1510,0.3,0.3,0.0,,,SEEK,SEEK,0
15.19999999999972,1520,0.3,0.3,0.0,,,SEEK,SEEK,0
15.299999999999718,1530,0.3,0.3,0.0,,,SEEK,SEEK,0
15.399999999999716,1540,0.3,0.3,0.0,,,SEEK,SEEK,0
15.499999999999714,1550,0.3,0.3,0.0,,,SEEK,SEEK,0
15.599999999999712,1560,0.3,0.3,0.0,,,SEEK,SEEK,0
15.69999999999971,1570,0.3,0.3,0.0,,,SEEK,SEEK,0
15.799999999999708,1580,0.3,0.3,0.0,,,SEEK,SEEK,0
15.899999999999705,1590,0.3,0.3,0.0,,,SEEK,SEEK,0
15.999999999999703,1600,0.3,0.3,0.0,,,SEEK,SEEK,0
16.099999999999717,1610,0.3,0.3,0.0,,,SEEK,SEEK,0
16.199999999999733,1620,0.3,0.3,0.0,,,SEEK,SEEK,0
16.29999999999975,1630,0.3,0.3,0.0,,,SEEK,SEEK,0
16.399999999999764,1640,0.3,0.3,0.0,,,SEEK,SEEK,0
16.49999999999978,1650,0.3,0.3,0.0,,,SEEK,SEEK,0
16.599999999999795,1660,0.3,0.3,0.0,,,SEEK,SEEK,0
16.69999999999981,1670,0.3,0.3,0.0,,,SEEK,SEEK,0
16.799999999999827,1680,0.3,0.3,0.0,,,SEEK,SEEK,0
16.899999999999842,1690,0.3,0.3,0.0,,,SEEK,SEEK,0
16.999999999999858,1700,0.3,0.3,0.0,,,SEEK,SEEK,0
17.099999999999874,1710,0.3,0.3,0.0,,,SEEK,SEEK,0
17.19999999999989,1720,0.3,0.3,0.0,,,SEEK,SEEK,0
17.299999999999905,1730,0.3,0.3,0.0,,,SEEK,SEEK,0
17.39999999999992,1740,0.3,0.3,0.0,,,SEEK,SEEK,0
17.499999999999936,1750,0.3,0.3,0.0,,,SEEK,SEEK,0
17.59999999999995,1760,0.3,0.3,0.0,,,SEEK,SEEK,0
17.699999999999967,1770,0.3,0.3,0.0,,,SEEK,SEEK,0
17.799999999999983,1780,0.3,0.3,0.0,,,SEEK,SEEK,0
17.9,1790,0.3,0.3,0.0,,,SEEK,SEEK,0
18.000000000000014,1800,0.3,0.3,0.0,,,SEEK,SEEK,0
18.10000000000003,1810,0.3,0.3,0.0,,,SEEK,SEEK,0
18.200000000000045,1820,0.3,0.3,0.0,,,SEEK,SEEK,0
18.30000000000006,1830,0.3,0.3,0.0,,,SEEK,SEEK,0
18.400000000000077,1840,0.3,0.3,0.0,,,SEEK,SEEK,0
18.500000000000092,1850,0.3,0.3,0.0,,,SEEK,SEEK,0
18.600000000000108,1860,0.3,0.3,0.0,,,SEEK,SEEK,0
18.700000000000124,1870,0.3,0.3,0.0,,,SEEK,SEEK,0
18.80000000000014,1880,0.3,0.3,0.0,,,SEEK,SEEK,0
18.900000000000155,1890,0.3,0.3,0.0,,,SEEK,SEEK,0
19.00000000000017,1900,0.3,0.3,0.0,,,SEEK,SEEK,0
19.100000000000186,1910,0.3,0.3,0.0,,,SEEK,SEEK,0
19.200000000000202,1920,0.3,0.3,0.0,,,SEEK,SEEK,0
19.300000000000217,1930,0.3,0.3,0.0,,,SEEK,SEEK,0
19.400000000000233,1940,0.3,0.3,0.0,,,SEEK,SEEK,0
19.50000000000025,1950,0.3,0.3,0.0,,,SEEK,SEEK,0
19.600000000000264,1960,0.3,0.3,0.0,,,SEEK,SEEK,0
19.70000000000028,1970,0.3,0.3,0.0,,,SEEK,SEEK,0
19.800000000000296,1980,0.3,0.3,0.0,,,SEEK,SEEK,0
19.90000000000031,1990,0.3,0.3,0.0,,,SEEK,SEEK,0
20.000000000000327,2000,0.3,0.3,0.0,,,SEEK,SEEK,0
20.100000000000342,2010,0.3,0.3,0.0,,,SEEK,SEEK,0
20.200000000000358,2020,0.3,0.3,0.0,,,SEEK,SEEK,0
20.300000000000374,2030,0.3,0.3,0.0,,,SEEK,SEEK,0
20.40000000000039,2040,0.3,0.3,0.0,,,SEEK,SEEK,0
20.500000000000405,2050,0.3,0.3,0.0,,,SEEK,SEEK,0
20.60000000000042,2060,0.3,0.3,0.0,,,SEEK,SEEK,0
20.700000000000436,2070,0.3,0.3,0.0,,,SEEK,SEEK,0
20.800000000000452,2080,0.3,0.3,0.0,,,SEEK,SEEK,0
20.900000000000468,2090,0.3,0.3,0.0,,,SEEK,SEEK,0
21.000000000000483,2100,0.3,0.3,0.0,,,SEEK,SEEK,0
21.1000000000005,2110,0.3,0.3,0.0,,,SEEK,SEEK,0
21.200000000000514,2120,0.3,0.3,0.0,,,SEEK,SEEK,0
21.30000000000053,2130,0.3,0.3,0.0,,,SEEK,SEEK,0
21.400000000000546,2140,0.3,0.3,0.0,,,SEEK,SEEK,0
21.50000000000056,2150,0.3,0.3,0.0,,,SEEK,SEEK,0
21.600000000000577,2160,0.3,0.3,0.0,,,SEEK,SEEK,0
21.700000000000593,2170,0.3,0.3,0.0,,,SEEK,SEEK,0
21.80000000000061,2180,0.3,0.3,0.0,,,SEEK,SEEK,0
21.900000000000624,2190,0.3,0.3,0.0,,,SEEK,SEEK,0
22.00000000000064,2200,0.3,0.3,0.0,,,SEEK,SEEK,0
22.100000000000655,2210,0.3,0.3,0.0,,,SEEK,SEEK,0
22.20000000000067,2220,0.3,0.3,0.0,,,SEEK,SEEK,0
22.300000000000686,2230,0.3,0.3,0.0,,,SEEK,SEEK,0
22.400000000000702,2240,0.3,0.3,0.0,,,SEEK,SEEK,0
22.500000000000718,2250,0.3,0.3,0.0,,,SEEK,SEEK,0
22.600000000000733,2260,0.3,0.3,0.0,,,SEEK,SEEK,0
22.70000000000075,2270,0.3,0.3,0.0,,,SEEK,SEEK,0
22.800000000000765,2280,0.3,0.3,0.0,,,SEEK,SEEK,0
22.90000000000078,2290,0.3,0.3,0.0,,,SEEK,SEEK,0
23.000000000000796,2300,0.3,0.3,0.0,,,SEEK,SEEK,0
23.10000000000081,2310,0.3,0.3,0.0,,,SEEK,SEEK,0
23.200000000000827,2320,0.3,0.3,0.0,,,SEEK,SEEK,0
23.300000000000843,2330,0.3,0.3,0.0,,,SEEK,SEEK,0
23.40000000000086,2340,0.3,0.3,0.0,,,SEEK,SEEK,0
23.500000000000874,2350,0.3,0.3,0.0,,,SEEK,SEEK,0
23.60000000000089,2360,0.3,0.3,0.0,,,SEEK,SEEK,0
23.700000000000905,2370,0.3,0.3,0.0,,,SEEK,SEEK,0
23.80000000000092,2380,0.3,0.3,0.0,,,SEEK,SEEK,0
23.900000000000936,2390,0.3,0.3,0.0,,,SEEK,SEEK,0
24.000000000000952,2400,0.3,0.3,0.0,,,SEEK,SEEK,0
24.100000000000968,2410,0.3,0.3,0.0,,,SEEK,SEEK,0
24.200000000000983,2420,0.3,0.3,0.0,,,SEEK,SEEK,0
24.300000000001,2430,0.3,0.3,0.0,,,SEEK,SEEK,0
24.400000000001015,2440,0.3,0.3,0.0,,,SEEK,SEEK,0
24.50000000000103,2450,0.3,0.3,0.0,,,SEEK,SEEK,0
24.600000000001046,2460,0.3,0.3,0.0,,,SEEK,SEEK,0
24.70000000000106,2470,0.3,0.3,0.0,,,SEEK,SEEK,0
24.800000000001077,2480,0.3,0.3,0.0,,,SEEK,SEEK,0
24.900000000001093,2490,0.3,0.3,0.0,,,SEEK,SEEK,0
25.00000000000111,2500,0.3,0.3,0.0,,,SEEK,SEEK,0
25.100000000001124,2510,0.3,0.3,0.0,,,SEEK,SEEK,0
25.20000000000114,2520,0.3,0.3,0.0,,,SEEK,SEEK,0
25.300000000001155,2530,0.3,0.3,0.0,,,SEEK,SEEK,0
25.40000000000117,2540,0.3,0.3,0.0,,,SEEK,SEEK,0
25.500000000001187,2550,0.3,0.3,0.0,,,SEEK,SEEK,0
25.600000000001202,2560,0.3,0.3,0.0,,,SEEK,SEEK,0
25.700000000001218,2570,0.3,0.3,0.0,,,SEEK,SEEK,0
25.800000000001234,2580,0.3,0.3,0.0,,,SEEK,SEEK,0
25.90000000000125,2590,0.3,0.3,0.0,,,SEEK,SEEK,0
26.000000000001265,2600,0.3,0.3,0.0,,,SEEK,SEEK,0
26.10000000000128,2610,0.3,0.3,0.0,,,SEEK,SEEK,0
26.200000000001296,2620,0.3,0.3,0.0,,,SEEK,SEEK,0
26.30000000000131,2630,0.3,0.3,0.0,,,SEEK,SEEK,0
26.400000000001327,2640,0.3,0.3,0.0,,,SEEK,SEEK,0
26.500000000001343,2650,0.3,0.3,0.0,,,SEEK,SEEK,0
26.60000000000136,2660,0.3,0.3,0.0,,,SEEK,SEEK,0
26.700000000001374,2670,0.3,0.3,0.0,,,SEEK,SEEK,0
26.80000000000139,2680,0.3,0.3,0.0,,,SEEK,SEEK,0
26.900000000001405,2690,0.3,0.3,0.0,,,SEEK,SEEK,0
27.00000000000142,2700,0.3,0.3,0.0,,,SEEK,SEEK,0
27.100000000001437,2710,0.3,0.3,0.0,,,SEEK,SEEK,0
27.200000000001452,2720,0.3,0.3,0.0,,,SEEK,SEEK,0
27.300000000001468,2730,0.3,0.3,0.0,,,SEEK,SEEK,0
27.400000000001484,2740,0.3,0.3,0.0,,,SEEK,SEEK,0
27.5000000000015,2750,0.3,0.3,0.0,,,SEEK,SEEK,0
27.600000000001515,2760,0.3,0.3,0.0,,,SEEK,SEEK,0
27.70000000000153,2770,0.3,0.3,0.0,,,SEEK,SEEK,0
27.800000000001546,2780,0.3,0.3,0.0,,,SEEK,SEEK,0
27.90000000000156,2790,0.3,0.3,0.0,,,SEEK,SEEK,0
28.000000000001577,2800,0.3,0.3,0.0,,,SEEK,SEEK,0
28.100000000001593,2810,0.3,0.3,0.0,,,SEEK,SEEK,0
28.20000000000161,2820,0.3,0.3,0.0,,,SEEK,SEEK,0
28.300000000001624,2830,0.3,0.3,0.0,,,SEEK,SEEK,0
28.40000000000164,2840,0.3,0.3,0.0,,,SEEK,SEEK,0
28.500000000001656,2850,0.3,0.3,0.0,,,SEEK,SEEK,0
28.60000000000167,2860,0.3,0.3,0.0,,,SEEK,SEEK,0
28.700000000001687,2870,0.3,0.3,0.0,,,SEEK,SEEK,0
28.800000000001702,2880,0.3,0.3,0.0,,,SEEK,SEEK,0
28.900000000001718,2890,0.3,0.3,0.0,,,SEEK,SEEK,0
29.000000000001734,2900,0.3,0.3,0.0,,,SEEK,SEEK,0
29.10000000000175,2910,0.3,0.3,0.0,,,SEEK,SEEK,0
29.200000000001765,2920,0.3,0.3,0.0,,,SEEK,SEEK,0
29.30000000000178,2930,0.3,0.3,0.0,,,SEEK,SEEK,0
29.400000000001796,2940,0.3,0.3,0.0,,,SEEK,SEEK,0
29.500000000001812,2950,0.3,0.3,0.0,,,SEEK,SEEK,0
29.600000000001828,2960,0.3,0.3,0.0,,,SEEK,SEEK,0
29.700000000001843,2970,0.3,0.3,0.0,,,SEEK,SEEK,0
29.80000000000186,2980,0.3,0.3,0.0,,,SEEK,SEEK,0
29.900000000001874,2990,0.3,0.3,0.0,,,SEEK,SEEK,0
