index,time,wave,checkpoint_file,checkpoint_sha256,c0_shared_norm,c0_shared_birth_delta,c0_fine_norm,c0_fine_birth_delta,c0_shared_ref_norm,c0_shared_ref_birth_delta,c0_fine_ref_norm,c0_fine_ref_birth_delta,c0_shared_reference_separation,c0_fine_reference_separation,c0_activity_norm,c0_coactivity_norm,c0_opening_mean,c1_shared_norm,c1_shared_birth_delta,c1_fine_norm,c1_fine_birth_delta,c1_shared_ref_norm,c1_shared_ref_birth_delta,c1_fine_ref_norm,c1_fine_ref_birth_delta,c1_shared_reference_separation,c1_fine_reference_separation,c1_activity_norm,c1_coactivity_norm,c1_opening_mean,c2_shared_norm,c2_shared_birth_delta,c2_fine_norm,c2_fine_birth_delta,c2_shared_ref_norm,c2_shared_ref_birth_delta,c2_fine_ref_norm,c2_fine_ref_birth_delta,c2_shared_reference_separation,c2_fine_reference_separation,c2_activity_norm,c2_coactivity_norm,c2_opening_mean,c3_shared_norm,c3_shared_birth_delta,c3_fine_norm,c3_fine_birth_delta,c3_shared_ref_norm,c3_shared_ref_birth_delta,c3_fine_ref_norm,c3_fine_ref_birth_delta,c3_shared_reference_separation,c3_fine_reference_separation,c3_activity_norm,c3_coactivity_norm,c3_opening_mean,H_norm,H_use_mean,H_write_count,q_norm,theta_E_norm,theta_I_norm,reference_E_norm,reference_I_norm,eligibility_E_norm,eligibility_I_norm,last_wave_H_write_norm,last_wave_H_decay_norm,last_wave_H_projection_norm,last_wave_learning_norm,last_wave_reference_force_norm
0,0.0,0,checkpoint-000000000-s000-initial.ld,edbd94cc38dc223675c1e797b2950d222a87c45adfa1d39dc0de2107f7771681,0.07071067811865475,0.0,0.005656854249492381,0.0,0.07071067811865475,0.0,0.005656854249492381,0.0,0.0,0.0,0.0,0.0,0.0,0.07071067811865477,0.0,0.0052915026221291815,0.0,0.07071067811865477,0.0,0.0052915026221291815,0.0,0.0,0.0,0.0,0.0,0.0,0.07071067811865475,0.0,0.005656854249492381,0.0,0.07071067811865475,0.0,0.005656854249492381,0.0,0.0,0.0,0.0,0.0,0.0,0.07071067811865475,0.0,0.005656854249492381,0.0,0.07071067811865475,0.0,0.005656854249492381,0.0,0.0,0.0,0.0,0.0,0.0,0.0,0.0,0,0.0,0.0,0.0,0.0,0.0,0.0,0.0,0.0,0.0,0.0,0.0,0.0
6000,59.99999999999663,300,checkpoint-000006000-s000-periodic.ld,24811b258ae7fcea4f3e248f0b04cb47b598dfd30b908855cc2dbb352124e311,0.07071092058936287,4.789250885112358e-07,0.0036905406834143012,0.001966313737509387,0.07071067888946929,1.4376698717276574e-09,0.005644016506917044,1.2837743177392814e-05,4.774905548064915e-07,0.0019534759946189624,0.001563864014056362,8.04387333679381e-06,0.18126924692201804,0.07071068309123908,1.0887791105988588e-08,0.003451380581207716,0.0018401220413046897,0.07071067813463551,3.458997546383466e-11,0.005279488935044799,1.201368711924816e-05,1.08532155146164e-08,0.001828108354233916,0.001013987083923272,2.144629719577482e-07,0.18126924692201804,0.07071067811865475,0.0,0.0036902113303530527,0.001966643031507062,0.07071067811865475,0.0,0.005644015728442602,1.2838521251072051e-05,0.0,0.0019538045103157254,0.0,0.0,0.18126924692201804,0.07071411585869947,6.632351641043549e-06,0.0036908283098700157,0.0019660414969930795,0.07071068857370374,2.0082100159767735e-08,0.005644022610927765,1.2831701394740148e-05,6.612338369955863e-06,0.001953209796242059,0.0009575433556118583,0.00016162854397917524,0.18126924692201804,1.737341164658068e-05,5.864470329880727e-14,300,6.173033912062394e-07,0.001569860702699158,0.0,9.255965997881208e-06,0.0,0.709381387000518,1.1898450119482586,1.2941420525538186e-06,2.038027473791994e-08,0.0,1.216758454158398e-05,3.11202114533945e-08
12000,120.00000000002449,600,checkpoint-000012000-s000-periodic.ld,5add4a484164f67a88d4ce1569e9f2ba74e512f23ca085838937e9534df19a5a,0.07071099820783741,6.291099462821907e-07,0.0025339496250049633,0.0031229047487860723,0.07071068062947429,4.8964405780502234e-09,0.005613234343666027,4.361990730850125e-05,6.242169925133024e-07,0.00307928484160341,0.00018639710281742516,1.942849882153011e-06,0.3296799539643627,0.0707106906402387,2.7857501259958346e-08,0.0023697850990807663,0.002921717529456461,0.07071067819271785,1.6517126801781664e-10,0.00525068637804528,4.081624414251032e-05,2.769233143479153e-08,0.0028809012853157913,0.00046924651881904495,2.3125456118672112e-07,0.3296799539643627,0.07071067811865475,0.0,0.0025333526813326205,0.0031235017186672237,0.07071067811865475,0.0,0.00561322770894177,4.362654055150902e-05,0.0,0.003079875179012613,0.0,0.0,0.3296799539643627,0.0707175343032933,1.3035065695582385e-05,0.0025340080690893574,0.0031228838139345555,0.07071071977918855,7.948958066051836e-08,0.005613236738829355,4.361773403707825e-05,1.2955609910339602e-05,0.003079266081153149,0.01601683480828148,0.00016339089496341197,0.3296799539643627,3.046435362109834e-05,2.7005222702819826e-13,600,2.072923232203949e-06,0.002078009952593784,0.0,2.377003208615369e-05,0.0,1.1429018745531723,1.1521407395402374,2.2525726005577657e-06,3.013979631825001e-08,0.0,1.9558910159173338e-05,4.10561790843963e-08
18000,179.99999999998127,900,checkpoint-000018000-s000-periodic.ld,fafd8831e4e944e4bee2d1e24a18327f0bc7230aacca3a888f499ff0464291c8,0.07071105344069707,7.360375600415688e-07,0.00181524567776158,0.003841608846134104,0.07071068272556655,9.036331294734274e-09,0.005571887729042698,8.496652248122788e-05,7.270066999139565e-07,0.0037566423245380706,0.0007820325712719116,1.049144023806048e-06,0.45118836390597417,0.07071069441724065,3.450324482753636e-08,0.001698234618146252,0.003593268007545652,0.07071067827974674,3.5290453857414933e-10,0.005212009199539479,7.949342264643919e-05,3.41517209851682e-08,0.003513774584905671,8.308881551621177e-05,1.3608432550343708e-07,0.45118836390597417,0.07071067811865475,0.0,0.0018151213998541906,0.0038417329380707865,0.07071067811865475,0.0,0.005571877269688301,8.497698016657748e-05,0.0,0.0037567559579429768,0.0,0.0,0.45118836390597417,0.07072114560777204,1.9781661036422536e-05,0.001815566339704785,0.0038413625872226386,0.07071077166815677,1.7746235356502277e-07,0.005571893504352338,8.496120821276563e-05,1.960426080027587e-05,0.003756401385091269,0.016633255345878326,0.00016759283393194573,0.45118836390597417,4.413426482059338e-05,6.911298072888239e-13,900,3.371425808397064e-06,0.003382730274556847,0.0,5.2931510166722444e-05,0.0,0.868402977740762,0.9638303610065663,2.707804317005287e-06,4.1677311286606495e-08,0.0,1.494563546951993e-05,6.678519802273278e-08
24000,239.9999999999267,1200,checkpoint-000024000-s000-periodic.ld,4eb7e796181acd9838ffa4956861905dff306bec0b19463dd128cfe5d6522001,0.07071109795829661,7.545270951827744e-07,0.0013480258142510584,0.004308828756285438,0.07071068508958912,1.342382048932144e-08,0.005524094426248657,0.00013275982567834908,7.411630454602545e-07,0.004176068931704553,0.002087076178556329,1.727767513575214e-06,0.5506710358827808,0.07071069842870462,4.228620968869488e-08,0.0012614313876678023,0.004030071238683817,0.07071067838750317,5.77240203947072e-10,0.005167308141709265,0.0001241944804844538,4.171150303926655e-08,0.003905876758365442,0.00025730843469054965,2.5231311488467375e-07,0.5506710358827808,0.07071067811865475,0.0,0.0013479528259373048,0.004308901429604308,0.07071067811865475,0.0,0.005524085753075942,0.00013276849673802437,0.0,0.00417613293299242,0.0,0.0,0.5506710358827808,0.07072542055117964,2.7684600241113545e-05,0.0013475122414280752,0.004309489703271,0.07071084630967696,3.1769543640347033e-07,0.0055240988730891095,0.00013275617877530518,2.7367079514557906e-05,0.004176733559489686,0.003319939073566561,0.00023085210245083794,0.5506710358827808,5.992450818659722e-05,1.5593993139209483e-12,1200,1.7682277238610492e-06,0.0038957048983389348,0.0,9.077693859427591e-05,0.0,0.8225228967754351,0.6936234875218092,1.8992406893728447e-06,5.8517711773546254e-08,0.0,1.4110813727466438e-05,7.630815134412094e-08
30000,299.99999999987216,1500,checkpoint-000030000-s000-periodic.ld,3124018d0c420a4d07a8fc9ad0de2ecb2379fbb9976ce415f5f785b60c5c051e,0.07071113834038395,7.824601948494588e-07,0.0010317088521819753,0.004625145520900889,0.07071068766932083,1.789570827163943e-08,0.005472272422893517,0.00018458182924312278,7.647646755900107e-07,0.004440563692326493,0.0007259786733109531,1.7882814497225151e-06,0.6321205588285633,0.07071070105939689,4.761266204114032e-08,0.0009657680646924688,0.004325734691164282,0.07071067851515152,8.412127082154258e-10,0.005118841415969866,0.00017266120617198384,4.6773651226682544e-08,0.004153073485866132,0.0004193062727417905,1.3496825682381638e-07,0.6321205588285633,0.07071067811865475,0.0,0.0010319505508318205,0.004624903701264065,0.07071067811865475,0.0,0.005472265464365883,0.00018458878550649968,0.0,0.004440314916334087,0.0,0.0,0.6321205588285633,0.07072910295926074,3.443761264920384e-05,0.0010308103343891343,0.004626271040933349,0.07071094426054376,5.009535146381412e-07,0.005472269413958741,0.0001845860861640685,3.393704612651876e-05,0.004441685008805357,0.02018241611035926,0.0001795054757121613,0.6321205588285633,7.041098225360759e-05,2.041456609637287e-12,1500,6.333674378660598e-06,0.00364367727892215,0.0,0.00012803888336987288,0.0,0.9153308285676787,0.9414695786948841,4.333486312784998e-06,6.441382570000193e-08,0.0,1.557792250282968e-05,7.087768459181313e-08
36000,359.9999999998176,1800,checkpoint-000036000-s000-periodic.ld,0b844e9ad23a879420df388fba712fb095b338bf800ce2c9a777430f2275f070,0.07071117372689496,8.13064825231035e-07,0.0008106750319535417,0.004846179317163557,0.07071069047568763,2.2495750869324216e-08,0.005417908403691066,0.0002389458483517533,7.909514474113792e-07,0.004607233469748337,0.00017895878767044789,1.7421700844691914e-06,0.6988057880878054,0.07071070317362735,5.214933646587822e-08,0.0007586717914044661,0.004532831032820896,0.07071067865664946,1.1350442371696244e-09,0.005067994940933674,0.0002235076813081942,5.1015441193379755e-08,0.004309323352324324,8.94645760406657e-05,9.605216306446373e-08,0.6988057880878054,0.07071067811865475,0.0,0.0008110358713749367,0.004845818379913717,0.07071067811865475,0.0,0.005417905172966169,0.00023894907677788783,0.0,0.004606869303519129,0.0,0.0,0.6988057880878054,0.07073411927891779,4.3618330820879197e-05,0.0008085267295323226,0.004848741514444153,0.07071106752462634,7.30584497538676e-07,0.00541788595462766,0.00023897013632674492,4.2888861954346074e-05,0.004609771581099846,0.01879565515917561,0.00027893613739345574,0.6988057880878054,8.575816393097847e-05,3.8596836748142964e-12,1800,8.142832007711481e-06,0.0036742732227446695,0.0,0.00015973641752214704,0.0,0.744172306676282,1.4216159022927677,4.510898207905958e-06,7.431924191329482e-08,0.0,1.2870548725536975e-05,7.144258154560192e-08
42000,419.999999999763,2100,checkpoint-000042000-s000-periodic.ld,e20ff2e3b98a6fd948e9fcb7490b484930a7d3d4675ca938be2559669ef065bf,0.07071119279884061,8.295114071897662e-07,0.0006514315287174765,0.005005422818746624,0.0707106934334895,2.720187209055289e-08,0.005361951035355787,0.00029490321658590406,8.027809808733586e-07,0.0047105196035214705,0.0003949492009398963,5.003136222907759e-07,0.7534030360584022,0.07071070525561257,5.61854761300155e-08,0.0006095311276500231,0.004681971536742204,0.07071067880940407,1.45160012845588e-09,0.005015654822756144,0.0002758477995955695,5.4735900190252126e-08,0.0044061237371542964,0.00016676539862791275,7.8713875493752e-08,0.7534030360584022,0.07071067811865475,0.0,0.0006518812140687153,0.005004973036028351,0.07071067811865475,0.0,0.005361951971009624,0.0002949022786777125,0.0,0.004710070757609904,0.0,0.0,0.7534030360584022,0.07073857987098399,5.17624014209728e-05,0.0006486445378541707,0.005008833842659553,0.07071121914572288,1.011966611499398e-06,0.0053618954593956285,0.0002949614077774836,5.0752526187500416e-05,0.004713872762656568,0.0022900273121785205,0.00022826119062161417,0.7534030360584022,9.751146627818849e-05,4.543526668779511e-12,2100,2.15340003854672e-06,0.00431252860521824,0.0,0.000190220834233718,0.0,1.0680458256403424,1.4889650763342956,3.1781453670053397e-06,8.10031544741637e-08,0.0,1.8353745660413052e-05,8.32589104950936e-08
42996,429.9539438408388,2149,checkpoint-000042996-s000-final.ld,26ebe61f983091c4894ca2e6de48620b8b1183863c5e939581c46bf2eda53ca3,0.07071119369936212,8.297288455740029e-07,0.0006294439107765266,0.005027410463815297,0.07071069393072262,2.7986533625237844e-08,0.0053525606756060625,0.0003042935763072552,8.022112110300608e-07,0.00472311688937077,0.0003462763997313321,3.561314871408994e-07,0.7614508267612519,0.07071070534278118,5.6350432235423494e-08,0.000588839485777066,0.004702663220597458,0.07071067883575845,1.5060660970057114e-09,0.005006871188175278,0.00028463143418884696,5.4846399698943356e-08,0.0044180317864980275,0.00021652014938051492,4.596655587790395e-08,0.7614508267612519,0.07071067811865475,0.0,0.0006298572681949712,0.005026996982524161,0.07071067811865475,0.0,0.005352562443071038,0.00030429180661255343,0.0,0.004722705176030653,0.0,0.0,0.7614508267612519,0.07073925469144644,5.3036650053285924e-05,0.000626919854419767,0.005030603279158394,0.07071124670174017,1.063018321321159e-06,0.005352498825551076,0.00030435818317312333,5.197542666213218e-05,0.00472624543397465,0.01380219202311903,0.0002100288357487574,0.7614508267612519,9.951294033759943e-05,4.6179503020654444e-12,2149,4.684620831590292e-06,0.004707855656405019,0.0,0.00019661063508883314,0.0,1.4124404049682655,0.9916726662682207,3.2904816376200665e-06,8.488555730906692e-08,0.0,2.413081047874442e-05,9.089699053466394e-08
