life_id,collider,source,first_native,last_native,first_event,last_event,start_time,end_time,contact_duration,impulse,transfer,event_count
FS-017,repair-0,,18783,18783,18784,18785,187.82768691543913,187.82999999997415,0.0023130845350320733,0.05390349087172198,0.0,2
FS-017,repair-0,,18784,18784,18787,18788,187.83013695523192,187.83999999997414,0.009863044742216932,0.00021658138190409562,0.0,2
FS-017,repair-0,,18785,18785,18790,18791,187.84058764357056,187.84999999997413,0.009412356403593143,0.0002103647630021926,0.0,2
FS-017,repair-0,,18786,18786,18793,18794,187.85056445321862,187.85999999997412,0.009435546755503864,0.0002049956397536187,0.0,2
FS-017,repair-0,,18787,18787,18796,18797,187.86057032207037,187.8699999999741,0.009429677903758024,0.00019937381806959886,0.0,2
FS-017,repair-0,,18788,18788,18799,18800,187.87057509261174,187.8799999999741,0.00942490736237506,0.00019358032958759067,0.0,2
FS-017,repair-0,,18789,18789,18802,18803,187.8805804577584,187.8899999999741,0.009419542215686343,0.0001876251695051526,0.0,2
FS-017,repair-0,,18790,18790,18805,18806,187.8905863560578,187.89999999997409,0.009413643916272781,0.00018152120433120265,0.0,2
FS-017,repair-0,,18791,18791,18808,18809,187.90059283118677,187.90999999997408,0.009407168787319191,0.00017527994028150088,0.0,2
FS-017,repair-0,,18792,18792,18811,18812,187.91059992940131,187.91999999997407,0.009400070572749325,0.00016891186646705866,0.0,2
FS-017,repair-0,,18793,18793,18814,18815,187.92060770660365,187.92999999997406,0.009392293370412667,0.00016242653742880268,0.0,2
FS-017,repair-0,,18794,18794,18817,18818,187.93061622977652,187.93999999997405,0.009383770197541512,0.0001558326606168036,0.0,2
FS-017,repair-0,,18795,18795,18820,18821,187.94062557929215,187.94999999997404,0.009374420681896905,0.00014913817505490492,0.0,2
FS-017,repair-0,,18796,18796,18823,18824,187.95063585171545,187.95999999997403,0.009364148258591859,0.00014235032272498556,0.0,2
FS-017,repair-0,,18797,18797,18826,18827,187.9606471637837,187.96999999997402,0.009352836190336906,0.00013547571327896608,0.0,2
FS-017,repair-0,,18798,18798,18829,18830,187.97065965723655,187.979999999974,0.009340342737462124,0.00012852038272493974,0.0,2
FS-017,repair-0,,18799,18799,18832,18833,187.98067350571606,187.989999999974,0.009326494257950627,0.00012148984655763949,0.0,2
FS-017,repair-0,,18800,18800,18835,18836,187.99068892387933,187.999999999974,0.009311076094660425,0.00011438914789153702,0.0,2
FS-017,repair-0,,18801,18801,18838,18839,188.00073105264534,188.00999999997399,0.009268947328659263,0.00010043721107100769,0.0,2
FS-017,repair-0,,18802,18802,18841,18842,188.0107753379254,188.01999999997398,0.009224662048585268,8.78182006547867e-05,0.0,2
FS-017,repair-0,,18803,18803,18844,18845,188.02082427270614,188.02999999997397,0.009175727267849994,7.639296980435387e-05,0.0,2
FS-017,repair-0,,18804,18804,18847,18848,188.03087872617954,188.03999999997396,0.009121273794439637,6.604177716031371e-05,0.0,2
FS-017,repair-0,,18805,18805,18850,18851,188.04094004887804,188.04999999997395,0.009059951095922062,5.66558770676386e-05,0.0,2
FS-017,repair-0,,18806,18806,18853,18854,188.05101009409498,188.05999999997394,0.008989905878959958,4.813669403809826e-05,0.0,2
FS-017,repair-0,,18807,18807,18856,18857,188.0610914976402,188.06999999997393,0.008908502333719795,4.0394855266128454e-05,0.0,2
FS-017,repair-0,,18808,18808,18859,18860,188.07120242681015,188.07999999997392,0.008797573163780725,3.3348333528993696e-05,0.0,2
FS-017,repair-0,,18809,18809,18862,18863,188.08131039013912,188.0899999999739,0.008689609834787986,2.692758923060722e-05,0.0,2
FS-017,repair-0,,18810,18810,18865,18866,188.09146637259457,188.0999999999739,0.008533627379332508,2.1059338426404013e-05,0.0,2
FS-017,repair-0,,18811,18811,18868,18869,188.1016946453531,188.1099999999739,0.008305354620806777,1.5685887827688683e-05,0.0,2
FS-017,repair-0,,18812,18812,18871,18872,188.1119979648436,188.11999999997388,0.008002035130298058,1.0754165944689817e-05,0.0,2
FS-017,repair-0,,18813,18813,18874,18875,188.12264642720834,188.12999999997388,0.007353572765538888,6.192430019089264e-06,0.0,2
FS-017,repair-0,,18814,18814,18877,18878,188.13454078599247,188.13999999997387,0.0054592139814178525,1.9035546721648455e-06,0.0,2
