life_id,H_norm,H_use_mean,H_write_count,q_norm,theta_E_norm,theta_I_norm,reference_E_norm,reference_I_norm,eligibility_E_norm,eligibility_I_norm
FS-001,0.00010355049973520368,5.288188032471378e-12,2148,2.4821437396467434e-06,0.006190267698505304,0.0,0.0002509994668859757,0.0,0.944629203833405,0.9418393760317693
FS-002,0.0001017341823452907,5.078809760414951e-12,2147,8.410057486239067e-06,0.00361421035852474,6.861122794440026e-05,0.00020326785910404415,2.319727930469107e-06,0.6976673186157126,1.312995622191645
FS-003,0.00010399117507599774,5.279885747183489e-12,2149,1.651972561257722e-06,0.004363777205830662,0.0,0.0002566154506007039,0.0,1.2159380939270021,0.9104723435455593
FS-004,0.00010427571182912794,5.9593655054502835e-12,2148,8.598641738294796e-06,0.00696311031814238,0.0,0.00030133624726143624,0.0,1.113562831236675,1.278696697839028
FS-005,0.00010854888514406108,5.734711084012524e-12,2146,1.0299928490477492e-05,0.005324914071081765,0.0,0.0002936191515945495,0.0,0.7799839822465208,0.6095689179637691
FS-006,0.00010680313004105673,5.465763206281001e-12,2147,7.295869234874562e-06,0.007577626421170273,0.0,0.00024963750604564184,0.0,1.1365561911046453,1.5012558267310758
FS-007,9.78821868697703e-05,4.362836309791262e-12,2149,8.165762563377864e-06,0.004906428255447436,0.0,0.0002842395085899233,0.0,0.7355092773101858,0.6692451164157143
FS-008,0.00010082237008477655,5.032311061138743e-12,2149,7.684288643177527e-06,0.003325444978604459,0.0,0.00017123182387807664,0.0,0.903300627260143,0.6924773030366239
FS-009,0.00010591482088522941,5.546288439616598e-12,2149,4.128615870415103e-06,0.0070509295821452826,0.0,0.00030232974762855515,0.0,1.4721406060410949,1.1051991412133224
FS-010,0.00010414868771105348,5.324299325110086e-12,2149,6.302688868878737e-06,0.0056081268372754145,0.000972791481822565,0.00028971263314220085,8.017921090777576e-05,0.9029997803386767,0.8734084245839786
FS-011,0.00010455735168550612,5.582016510710099e-12,2147,4.278396147372232e-06,0.006331278559396015,0.0,0.00025277400450160416,0.0,1.167525601133452,1.4223265687664692
FS-012,0.00010569400675366206,5.691587907057209e-12,2147,5.654362481994093e-06,0.005784306736143505,0.0,0.00027018435901575986,0.0,0.9603463249223421,1.2193888735419685
FS-013,0.00010617268389150752,5.156078655414855e-12,2146,1.146883770051515e-05,0.004430227153397198,0.0,0.00023313415695036107,0.0,0.9749859448783367,1.0616349547247073
FS-014,0.00010875586475884721,6.394715647598174e-12,2147,3.512222723247257e-06,0.003957094407927461,0.0,0.0001627276673740652,0.0,0.9024775810949578,0.9883468443684736
FS-015,0.00010257199866056041,5.153897015166072e-12,2149,9.221635103969416e-06,0.0036296286080829943,0.0001345906606673999,0.0001730776697334722,1.0275255623236693e-05,1.400698838379835,0.9079919550275637
FS-016,0.00010453673105663888,5.700876730297785e-12,2148,1.4880403787159873e-06,0.004575337264894137,0.0,0.0002454111153243184,0.0,0.7616233000274125,0.904029101274318
FS-017,0.00010842787502261044,5.888456271675079e-12,2149,1.1405740290196945e-05,0.004646841119966844,4.9787117466010385e-05,0.00021344161345283877,2.3615792117617677e-06,0.9890950339244396,0.7080015012924662
FS-018,0.00010299488369352761,5.232656910296817e-12,2148,9.548192195491282e-06,0.004894682135281521,0.0,0.0001980368142960309,0.0,0.9115898115037114,0.8056537469428764
FS-019,9.879206452967015e-05,4.683865405709146e-12,2151,5.551487808802478e-06,0.004631465738043642,0.0,0.0003015677614420706,0.0,1.3253175819063563,1.0244951592950484
FS-020,0.00010023714441217126,5.112883620039391e-12,2148,9.423463257138343e-06,0.0053442274596233645,0.0,0.00021145689684967715,0.0,0.7140380190576693,1.4585159103233605
FS-021,0.00010260633691267057,5.3904543154508735e-12,2149,8.77594551764797e-06,0.003655948753122315,0.0,0.00017807626822480334,0.0,1.1369514601908306,1.0497670497392064
FS-022,0.00010374205219516652,4.973801574898186e-12,2148,1.2205335805000885e-06,0.003956631113531764,0.0,0.0002507225647245865,0.0,0.8286473936867919,1.0227328337831685
FS-023,0.00010544840203326911,5.2774734288989e-12,2146,1.0279657129337882e-05,0.004889660331697726,0.0,0.0002494687866181656,0.0,0.8465138462894993,1.1067820822452028
FS-024,0.00010291947152103353,5.3495296585803166e-12,2149,7.090687534275497e-06,0.004730273957840762,0.0,0.00023768726986069712,0.0,1.4943165538154832,1.3853876557739482
FS-025,0.00010262534682073606,5.0327019995020875e-12,2148,1.0815793625496247e-05,0.005118292650239351,0.0,0.00018027939378424324,0.0,0.7056813750560258,0.9778708592090251
FS-026,0.0001026021283770898,5.660104437862045e-12,2149,7.702389897061196e-06,0.006028432492054713,0.0,0.0002703136889495923,0.0,0.817963277491943,1.4239145234208979
FS-027,0.00010458973002467687,5.583025278075466e-12,2148,1.0651964004465284e-05,0.0065171958080159345,0.0,0.00037636821209838494,0.0,0.96763831273711,0.7178475567953431
FS-028,0.00010480968708601659,5.891465130049205e-12,2149,1.1937231561547317e-05,0.004720288523687807,0.0,0.00024880702636245744,0.0,1.0467889471670473,0.5760259023310075
FS-029,0.00010018944312441962,4.837201273504194e-12,2150,7.939335665587915e-06,0.00472600209368334,0.0,0.0002769491086740961,0.0,0.9972306065203741,1.1641653500601257
FS-030,0.00010344567163621882,5.118651694296131e-12,2148,5.335163990478761e-06,0.00405900627906559,0.0,0.00022040594844089116,0.0,0.9001732979970776,0.8575036202867015
FS-031,0.00010680588540135563,5.750789450427251e-12,2146,4.43166486338129e-06,0.005695342404396767,0.0,0.0002669896656643231,0.0,1.01477244162449,1.1514095090416476
FS-032,0.00010213683218078003,4.924519706454214e-12,2150,9.006872852222307e-06,0.005250012997267514,0.0002669669048829626,0.0002813188315912429,2.189220945946991e-05,1.1406575008971092,0.8616367568977297
FS-033,0.0001067450541556713,5.510051571985834e-12,2147,6.6623655008788566e-06,0.007678741077990048,0.0003090967022501452,0.000332257638487074,2.576189291289402e-05,1.1836118442172405,1.407964548627015
FS-034,0.00010873270697707102,6.487426502725238e-12,2152,1.0410817379892939e-05,0.003404742427983971,0.00021151745344764303,0.00026948664507313606,1.5899904167542007e-05,0.6613804458292055,1.126442617266365
FS-035,0.00010887573642682529,6.3300870886667355e-12,2147,9.407910058888738e-06,0.004421795236796695,0.0,0.00020383256330721108,0.0,1.0006932103986013,0.8835502945201816
FS-036,0.00010672432283316781,4.96405937888365e-12,2148,4.4936201649789045e-06,0.005376770662222526,0.0,0.00021676094505026933,0.0,0.9695517042697647,1.148824613279099
FS-037,0.00010333974124270244,5.2524281121255434e-12,2150,9.214913431654078e-06,0.004613817894850651,0.0,0.00022567319262978793,0.0,1.2055724535955543,1.0153127682914727
FS-038,9.555595069318313e-05,4.154216454000205e-12,2154,2.475694325997958e-06,0.004161809549780178,7.197779868618482e-05,0.00021883249952083287,5.139204601927266e-06,0.7582064211447157,1.0454786575757704
FS-039,0.00010738455651171257,5.782246907966015e-12,2148,6.692089278123944e-06,0.005484860403170388,0.0,0.00025002106391170504,0.0,0.9823275165046884,0.8024023628871174
FS-040,0.00010152003170955945,4.5831820198486384e-12,2149,7.07910079197289e-06,0.0058008639987357155,0.0,0.00022727830395585848,0.0,1.1169904442273062,0.9876330170011303
FS-041,0.00010559982595940862,6.083435142779089e-12,2145,9.090695754053513e-06,0.005634268818066973,0.0,0.000360918518960376,0.0,1.179232305747593,1.2699766973573867
FS-042,0.00010356405884113495,5.449257585025347e-12,2147,6.5977731880955406e-06,0.00801050531937258,0.0,0.00032653608191339956,0.0,0.7668539859765278,1.4319355780120673
FS-043,0.00010607002173272729,5.794084019786099e-12,2147,1.0393377965589067e-05,0.003953580308908002,0.0,0.0001936190982863928,0.0,1.0401861800599992,0.700779973597277
FS-044,0.00010710000752982097,5.8299255570418554e-12,2148,1.8906371789872477e-06,0.005180960926055214,4.6438244969658096e-05,0.00035422839659683594,2.399737669690109e-06,1.2348760879922256,0.9556719970967569
FS-045,0.00010001104810686974,5.087724347089075e-12,2152,1.086934822923339e-05,0.0031656404827031578,0.0,0.0002152985600987878,0.0,1.0169148725763504,0.9208827770748178
FS-046,9.951294033759943e-05,4.6179503020654444e-12,2149,4.684620831590292e-06,0.004707855656405019,0.0,0.00019661063508883314,0.0,1.4124404049682655,0.9916726662682207
FS-047,0.0001036289299899976,5.120096769435691e-12,2147,1.0222402269470189e-05,0.006168457251040597,0.0,0.0002689646526976619,0.0,1.1284012700948451,1.0338837306395101
FS-048,0.00011295560888194412,7.446516799407495e-12,2144,1.1992211349909268e-05,0.00643545292003146,0.0,0.0003077741921274233,0.0,1.3860202663634031,0.9953769339152162
FS-049,0.00010458434716504423,5.64036983051452e-12,2147,6.884431227115631e-06,0.0068782716959999,0.0,0.00028972680988631575,0.0,1.2285362877219295,1.2377881557441894
FS-050,0.00010083577444277557,4.640846878246499e-12,2146,8.763388491887828e-06,0.004911485517166645,0.0,0.00016931606231120717,0.0,1.0515747119730137,1.2868480508220757
FS-051,0.00010552908401089187,5.684999831459459e-12,2148,1.1438585627976605e-06,0.004174658645848272,0.0,0.00018751893953607274,0.0,1.1702563843885974,1.1611873926870562
FS-052,9.948109895490593e-05,5.099108151602134e-12,2150,4.7866679904332095e-06,0.005599321961845967,0.0,0.00029189537211509413,0.0,1.0657231453299432,0.9760098813446783
FS-053,9.924808920754957e-05,4.819008733687937e-12,2148,3.384360869105245e-06,0.00464155983726542,0.0,0.00020855200207031468,0.0,1.1634690339378346,1.016818815043854
FS-054,9.712280532026307e-05,4.312168917817593e-12,2152,7.624578508850491e-06,0.004903749898335417,0.0,0.0002886567169897276,0.0,1.048136076029505,1.107147333624406
FS-055,0.000103871880963304,5.44561694111581e-12,2147,4.938602064555543e-06,0.005763877870060431,0.0,0.0002123687601473304,0.0,1.2849774212947378,1.4496990236516683
FS-056,0.00010550456257815072,5.5975943287397815e-12,2149,5.1474410250637775e-06,0.005975573027979597,0.0,0.00027795162994293947,0.0,0.9918492533758332,1.2203658025341877
FS-057,0.00010057935681398943,4.772893314381187e-12,2151,7.071951514828265e-06,0.0041925712620897795,0.0,0.00024684998287715645,0.0,1.5511452929288816,1.339165945553167
FS-058,0.00010623452310734216,5.460367042847747e-12,2147,8.204909212392886e-06,0.006761319187532173,0.0,0.0003199061232430775,0.0,0.9510733875333423,0.9583325319213245
FS-059,0.00010893670119964638,6.252089514451484e-12,2146,9.193233806528051e-06,0.0050953383209145055,0.0,0.0001902879708204398,0.0,1.0289476974734206,1.2142121863010973
FS-060,3.347721529986149e-05,3.702481438319158e-13,600,1.6231326227086347e-06,0.004276705394098919,0.0,5.8595647848830026e-05,0.0,1.070198295291243,0.8069852609203598
