life_id,source,surface_gap_threshold,first_native,last_native,first_endpoint,last_endpoint
FS-006,0,0.25,1769,2002,17.689999999999966,20.02000000000033
FS-006,0,0.25,2423,4949,24.230000000000988,49.48999999999872
FS-006,0,0.25,5118,5697,51.17999999999839,56.969999999997235
FS-006,0,0.25,6024,6322,60.239999999996584,63.21999999999599
FS-006,0,0.25,8018,8366,80.18000000000411,83.6600000000059
FS-006,0,0.25,8811,9142,88.11000000000817,91.42000000000986
FS-006,0,0.25,9607,9818,96.07000000001224,98.18000000001332
FS-006,0,0.25,14332,14624,143.32000000001463,146.24000000001197
FS-006,0,0.25,15109,15392,151.09000000000756,153.920000000005
FS-006,0,0.25,17058,17337,170.57999999998984,173.3699999999873
FS-006,0,0.25,17811,18259,178.109999999983,182.58999999997891
FS-006,0,0.25,20620,20947,206.19999999995744,209.46999999995447
FS-006,0,0.25,21322,21847,213.21999999995106,218.46999999994628
FS-006,0,0.25,22202,22458,222.01999999994305,224.57999999994072
FS-006,0,0.25,23535,23576,235.34999999993093,235.75999999993056
FS-006,0,0.25,24158,24428,241.57999999992526,244.2799999999228
FS-006,0,0.25,25024,25214,250.2399999999174,252.13999999991566
FS-006,0,0.25,26113,26450,261.1299999999075,264.49999999990445
FS-006,0,0.25,26858,27298,268.57999999990074,272.97999999989673
FS-006,0,0.25,27670,28025,276.69999999989335,280.2499999998901
FS-006,0,0.25,36900,36909,368.9999999998094,369.0899999998093
FS-006,0,1.0,1,42941,0.01,429.4050741570968
