life_id,complete,x,y,heading_rad,heading_deg,mover_phase_rad,mover_phase_deg,mover_centre_x,mover_velocity_x,birth_minimum_surface_gap,rejected_proposals,nearest_source_id,nearest_source_body_gap,nearest_source_centre_to_surface,nearest_source_bearing_deg,source_ahead_cos,nearest_wall_body_gap,nearest_repair_body_gap,mover_actual_body_gap,mover_swept_body_gap,mover_centre_track_distance,chem_minus45_A,chem_minus45_B,chem_plus45_A,chem_plus45_B,chem_mean_A,chem_mean_B,chem_overall_mean,chem_plus_minus_A,chem_plus_minus_B,chem_chord_gradient_A,chem_chord_gradient_B,chem_max_abs_contrast,chem_abs_normalized_imbalance_A,chem_abs_normalized_imbalance_B,field_centre_A,field_centre_B,field_gradient_A_norm,field_gradient_B_norm,receptor_field_gradient_A_norm,receptor_field_gradient_B_norm,observed_duration,later_source_contact,later_gross_energy,later_damage,later_source_min_gap,later_near_source_1,later_near_source_05,later_max_excursion
FS-001,True,10.393333317907814,7.8909292235109545,5.118461234688779,293.26622634898735,4.301831170857631,246.47677026796362,6.332406671737321,-0.334366696941304,2.958089168455262,0,1,3.9067198583544425,4.4067198583544425,-27.8641137549331,0.8840585366683168,7.3909292235109545,8.857302380176561,2.958089168455262,1.1090707764890455,2.1090707764890455,0.49615720518749573,0.44858070613207807,0.4942836750958574,0.4470652792213972,0.49522044014167654,0.44782299267673764,0.4715217164092071,-0.0018735300916383202,-0.0015154269106808504,-0.0026442830989111973,-0.0021388595707285624,0.0018735300916383202,0.0018916122394931094,0.0016919931931395557,0.03775294261172885,0.021097781305321396,0.0014144755071144534,0.0005626085049791405,0.008761318721546035,0.007822218513281423,429.7881124132648,False,0.0,0.0,3.6771600136752625,False,False,0.4582679898010927
FS-002,True,5.890975097294737,0.8557473706134775,0.68486185364307,39.239693763254195,4.7259539459117725,270.7772152739423,6.000368010936361,0.011363810432252939,0.3557473706134775,0,0,2.5993827737279243,3.0993827737279243,104.19576859975932,-0.24523578986166325,0.3557473706134775,8.602798782835729,8.144252629386523,8.144252629386523,9.144902546197649,0.5542484195713716,0.503403801895172,0.5580826698986475,0.5074163393872241,0.5561655447350096,0.505410070641198,0.5307878076881039,0.003834250327275912,0.004012537492052104,0.005411625563240591,0.005663258423942725,0.004012537492052104,0.0034470405112049666,0.003969586010584952,0.04966992232833885,0.02646045294859008,0.0014080008859662678,0.0007971013997284742,0.007086302881099789,0.007314484873801361,429.4020111898858,False,0.0,0.0033378151683539172,2.5993830066064505,False,False,0.4366131779805646
FS-003,True,8.969533300219767,16.2023911152475,2.3564058156819967,135.01210805866057,0.570217752910867,32.67107064522629,12.159261449307353,0.705210852938296,0.3030892342399616,0,6,0.3030892342399616,0.8030892342399616,-97.27127523958957,-0.12656731466123883,3.297608884752499,3.047608884752499,5.608369160271846,5.202391115247501,6.202391115247501,0.6240133041764192,0.5833268840344544,0.5935435529250087,0.5519628265132981,0.608778428550714,0.5676448552738762,0.5882116419122951,-0.030469751251410493,-0.03136405752115634,-0.04300472600985958,-0.044266941634200765,0.03136405752115634,0.025025321054778657,0.027626479153082317,0.059677945495757945,0.03518759510583896,0.012028953697635798,0.00691468307985882,0.04775047166694275,0.04878214755138165,429.8343547239676,False,0.0,0.0,0.27059412127748605,True,True,0.692375748067961
FS-004,True,7.569648624122367,2.258959640866794,2.9283407817968703,167.7815677730006,0.5403400097866494,30.95920206283261,12.057710365097925,0.7184058535334004,1.5408165270429457,0,1,1.5408165270429457,2.0408165270429457,-150.8245383183152,-0.873130935034152,1.7589596408667938,8.802515809490076,7.537365251838031,6.741040359133207,7.741040359133207,0.557831671951304,0.5071752532675353,0.5567818681319091,0.5059667961333644,0.5573067700416066,0.5065710247004498,0.5319388973710282,-0.001049803819394901,-0.0012084571341709482,-0.0014816834323546349,-0.0017056052581747284,0.0012084571341709482,0.0009418545367002508,0.001192781540244573,0.050483238238517796,0.026830775533902743,0.0024417302212904443,0.0011588229559580008,0.011637339049042487,0.011409579359557817,429.7848873749152,False,0.0,0.0,1.3906157436875155,False,False,0.4672417488686588
FS-005,True,14.77970927754087,4.067936235916433,4.591349855659331,263.0649689972794,4.128178058083348,236.52717980668785,6.663409781972439,-0.46205819826302913,1.4637732639635166,0,2,1.4637732639635166,1.9637732639635166,71.2479711757208,0.3214729955789908,3.5679362359164326,5.8375796098023365,8.452599357041352,4.932063764083567,5.983086750051065,0.559009172399096,0.5094872612139433,0.5750638664726211,0.5257516718093699,0.5670365194358585,0.5176194665116566,0.5423279929737576,0.01605469407352511,0.016264410595426604,0.022659447204121917,0.022955439169717533,0.016264410595426604,0.01415666674299729,0.01571077948926051,0.0507388301701919,0.027572367823582335,0.004776878550725378,0.002466527710209241,0.022876908231961104,0.022854181532006294,429.2193066502889,False,0.0,0.0,1.355112272516875,False,False,0.5097226917615324
FS-006,True,1.5868193975215872,3.428528871541204,5.652427897319766,323.86026251842884,5.989524074983963,343.1744507885795,8.84216538377354,0.8018940531136928,0.4767248927832253,0,0,0.4767248927832253,0.9767248927832253,19.270484146704383,0.9439710904434611,1.0868193975215872,4.262922882004528,8.217345643682322,6.465096086117092,7.9158319728414686,0.6128050024087768,0.5645788639167575,0.6227661204868347,0.5751501377432384,0.6177855614478057,0.569864500829998,0.5938250311389018,0.009961118078057885,0.010571273826480931,0.014059030221945386,0.014920198420128799,0.010571273826480931,0.008061954422108537,0.009275252109127741,0.06086252680708669,0.033196700855174885,0.0074701217536621714,0.0034616558966642902,0.02828987622152918,0.027825989817020384,429.4050741570968,False,0.0,0.0,0.030306768467513345,True,True,0.5034067223113032
FS-007,True,5.857304837565784,16.334502978870674,3.006009900230245,172.2316804577347,0.16859443486514855,9.659749567166271,10.671187515271594,0.8258799640350332,1.933782067555264,0,5,1.933782067555264,2.433782067555264,-5.342738694736865,0.995655519094687,3.165497021129326,3.5319675668911685,6.470446620536966,5.334502978870674,6.336109997364595,0.5819877808160066,0.5390424658933523,0.5759062673340822,0.5325338440705802,0.5789470240750444,0.5357881549819663,0.5573675895285053,-0.006081513481924317,-0.006508621822772009,-0.008583392061768655,-0.009186208836448773,0.006508621822772009,0.00525221931284685,0.006073876178721307,0.052218786061185324,0.030701548110845703,0.0033849657847092093,0.0017916796079469333,0.015398825038646676,0.015141752072236255,429.8014413277581,False,0.0,0.0,1.1459453583304793,False,False,0.7887482856252794
FS-008,True,11.182141849301951,6.328454867705572,2.8499418624520114,163.28964057615363,3.785632590445343,216.90077021969503,7.598276098686995,-0.6699354909613967,2.5321482355960026,0,1,2.5321482355960026,3.0321482355960026,87.15723668074891,0.049595225788234526,5.828454867705572,8.229390380764293,3.5908508581200405,2.671545132294428,3.671545132294428,0.5061331203157362,0.45790944112418647,0.5185008620580208,0.46949283035844513,0.5123169911868786,0.4637011357413158,0.48800906346409717,0.01236774174228461,0.011583389234258668,0.01745571667451771,0.016348688775783538,0.01236774174228461,0.01207039972813747,0.012490145420649428,0.0414409418721942,0.022743067941558375,0.003173754813567367,0.0014418965264549324,0.018417211775518937,0.017327636803150633,429.94828824435905,False,0.0,0.0,2.5209961166732677,False,False,0.6957713569059982
FS-009,True,1.452910687418524,11.114699696797311,0.9350039869256602,53.57178227874554,5.608349970226946,321.33478332632495,7.500924981316381,0.6541297202802702,0.702910687418524,0,3,0.9068405164417506,1.4068405164417506,-89.3450648218522,0.011430526318262158,0.952910687418524,0.702910687418524,4.585302746999414,3.099958098182871,4.681727953505276,0.6244781268513447,0.5882899161802914,0.6153713293840106,0.581146743304355,0.6199247281176776,0.5847183297423232,0.6023215289300005,-0.009106797467334116,-0.007143172875936354,-0.012853249988112632,-0.010081808342839138,0.009106797467334116,0.007345083245014072,0.006108216993201022,0.06298374427334746,0.040963220014555414,0.005036227500974499,0.004120607956240402,0.01883461295473046,0.020752717464379733,429.8823348052575,False,0.0,0.0,0.8489855546751242,True,False,0.3565843873211004
FS-010,True,7.017896806865999,9.241272931433246,5.6633355112118124,324.4852227590014,2.11641234177655,121.26149489319545,13.41923110096296,-0.4347501482926588,3.088907129686353,0,3,3.088907129686353,3.588907129686353,-155.17885584064132,-0.9076226241402328,6.517896806865999,6.267896806865999,4.90752733257975,-0.24127293143324557,0.7587270685667544,0.5082394362191158,0.46239241740383935,0.501788134460439,0.45623022041147454,0.5050137853397774,0.459311318907657,0.48216255212371717,-0.0064513017586768084,-0.00616219699236481,-0.009105307826429283,-0.008697268024567873,0.0064513017586768084,0.0063872531265025964,0.006708083100390238,0.04044206757501759,0.023111894740474953,0.002888038899430325,0.0017587169564193287,0.018089441788190955,0.01835962563820725,429.9273372020348,False,0.0,0.01692408689137445,2.126264286049322,False,False,1.1834324867564188
FS-011,True,6.10294600294201,12.027029593322748,2.2912675887623357,131.27996257119858,0.017526231604679213,1.0041791017169153,10.070101337466218,0.8376293776871122,2.706362484887303,0,3,2.706362484887303,3.206362484887303,81.87500466104754,0.14133311728953168,5.60294600294201,5.3530084155304305,2.8370391304386735,1.027029593322748,2.027029593322748,0.5328251653360716,0.4890761697752968,0.5420461869210109,0.4983451767786659,0.5374356761285413,0.49371067327698137,0.5155731747027613,0.009221021584939315,0.009269007003369134,0.013014464854646936,0.013082191031832164,0.009269007003369134,0.008578721133069957,0.009387083878343703,0.04402959744690564,0.025696577242560407,0.0033980372975696053,0.002065755302373811,0.019390186117646292,0.019709344547372328,429.54573904527,False,0.0,0.0,2.394681926290063,False,False,1.0769016787268777
FS-012,True,6.593214403348443,6.065939306431748,2.2748709766515915,130.34050589893982,3.1843762135427243,182.4513174178479,9.82891796370369,-0.8369914279210986,3.5832490585037693,0,1,3.5832490585037693,4.083249058503769,-172.3261598399808,-0.9910442712101084,5.565939306431748,6.131512627843881,3.5976997519212643,2.9340606935682523,3.9340606935682523,0.5216523504932207,0.4742298877330987,0.5307893035956859,0.483235462785217,0.5262208270444533,0.47873267525915786,0.5024767511518056,0.009136953102465206,0.009005575052118298,0.012895811373526168,0.012710385604465555,0.009136953102465206,0.0086816718693779,0.009405640681663526,0.043427852709445304,0.024075622946837176,0.002313617101856748,0.0012267541710263314,0.013069351496911186,0.012857262781565515,429.55641833899193,False,0.0,0.0,3.1745172425649493,False,False,0.4144868235888305
FS-013,True,7.337583957526874,13.859840479655722,2.967548919128656,170.02802856468125,4.870186547795966,279.04113463009725,6.0496968946925715,0.13164824782262471,2.8721516884150615,0,6,3.1169237297315906,3.6169237297315906,-120.32131093490744,-0.5048487254133777,5.6401595203442785,5.427290627970599,2.8721516884150615,2.8598404796557215,3.8598404796557215,0.5407427295130381,0.4973669079854845,0.5318680955091366,0.4882587766963147,0.5363054125110873,0.4928128423408996,0.5145591274259935,-0.008874634003901538,-0.009108131289169819,-0.012525576616182631,-0.012855132531954788,0.009108131289169819,0.008273862054038163,0.009240963816918286,0.04421873415637573,0.025923889408287333,0.0026553849618749822,0.001648144085552658,0.015143898638303368,0.015481658636752677,429.3579901642133,False,0.0,0.0,2.965848002725052,False,False,0.35901942930347663
FS-014,True,9.853199184411265,4.670841130461213,5.72024101684344,327.7456680627516,0.9722142689730565,55.70377439455276,13.304541661306974,0.4720528871948618,0.6772777237829222,0,1,0.6772777237829222,1.1772777237829222,-52.72453005482475,0.6056477785003853,4.170841130461213,9.663893611904149,4.915704508766918,4.329158869538787,5.329158869538787,0.5864513168211953,0.5359538217755846,0.5578160181480398,0.5075098481266315,0.5721336674846176,0.521731834951108,0.5469327512178628,-0.028635298673155507,-0.028443973648953125,-0.040415596553074654,-0.04014556217777688,0.028635298673155507,0.025025007529316037,0.02725918924577282,0.050833970280242564,0.02717587797268037,0.008395905502256508,0.00408038853967213,0.03985564083472553,0.039325925493140255,429.4674287585693,False,0.0,0.0,0.4076165970171206,True,True,0.41663510328165054
FS-015,True,5.23930291994648,11.029489351126422,2.6038573874586235,149.19003875533986,2.6848749540324963,153.83200338644295,11.764018429210969,-0.7518918958146901,1.4646147551622617,0,3,1.4646147551622617,1.9646147551622617,55.49993083905331,0.5664072317157971,4.73930291994648,4.48930291994648,5.050030669398491,0.029489351126422036,1.2800423319893186,0.5550881333182162,0.5113872527840373,0.5716630241757615,0.527907500059431,0.5633755787469888,0.5196473764217342,0.5415114775843615,0.016574890857545377,0.016520247275393696,0.023393648149295898,0.0233165247012165,0.016574890857545377,0.01471033843391811,0.015895632331631587,0.04825198065967856,0.02805196326554211,0.005989946001766904,0.0035261614637405437,0.030739509331969596,0.031214702098449846,429.8377150171771,False,0.0,0.007132234115457371,1.3677532018522367,False,False,0.3359768946792736
FS-016,True,15.67075442168897,15.189058378699128,3.50110594303017,200.59859416379877,4.143968251469291,237.43189124539776,6.628991399169175,-0.4509666500796295,1.246420121709039,0,7,1.246420121709039,1.746420121709039,-146.8775598776325,-0.8375047693475814,3.8292455783110295,4.677870009079139,8.80898603443013,4.236790049502279,5.451398645773475,0.577446662614839,0.5335882422338509,0.5708075036896952,0.5271281704020444,0.5741270831522671,0.5303582063179477,0.5522426447351073,-0.006639158925143773,-0.006460071831806524,-0.009370447699290123,-0.009117685826791606,0.006639158925143773,0.005781959360540189,0.0060902911983356164,0.053891408824609376,0.03118688252409863,0.005851333729572563,0.0029615823722522155,0.025677513116012407,0.025173078776827507,429.6921554633007,False,0.0,0.0,0.6435744837867947,True,False,0.6301324957046415
FS-017,True,1.1826275263264092,11.60351239929097,2.6019130259428818,149.0786350466402,2.4232392641558356,138.8413825865166,12.632583389481386,-0.6307400361741687,0.4326275263264092,0,3,1.423653177075126,1.923653177075126,169.4986130878778,-0.9832504960494177,0.6826275263264092,0.4326275263264092,10.008059628555406,3.473672384350494,5.077236410173146,0.6070912017210998,0.5727682183638618,0.6238689384460293,0.5935618584805639,0.6154800700835645,0.5831650384222129,0.5993225542528886,0.01677773672492955,0.02079364011670204,0.023679942936447623,0.029347951960224838,0.02079364011670204,0.013629796918242709,0.017828263653253674,0.06053235283162445,0.039708239825122865,0.004947576312215853,0.0050365436300553006,0.021476250493754102,0.025523629359959967,429.880671472229,False,0.0,0.001080874831531504,1.1405178536762057,False,False,0.6202558289069919
FS-018,True,15.811069295443328,12.802724256086476,5.987257905327631,343.0446088316111,6.097199091796511,349.34377481093867,9.260336676932996,0.8233103688389986,2.0444735958607216,0,4,2.0444735958607216,2.5444735958607216,-50.05769085347184,0.6420159573945162,3.6889307045566717,3.5198931984082487,5.509423566513147,1.9413873927707481,3.336949991916733,0.5736410588423889,0.5313835630627317,0.5710552249360036,0.5288328433640304,0.5723481418891962,0.530108203213381,0.5512281725512886,-0.0025858339063853375,-0.0025507196987013536,-0.00364962213618198,-0.003600062267181306,0.0025858339063853375,0.0022589694253658836,0.0024058481676377955,0.05026132736861655,0.029688909681193955,0.0035254569931315303,0.0023687536773266994,0.0177728005226317,0.018800008606296173,429.75194322203845,False,0.0,0.0,1.860687843165389,False,False,0.39183248258051784
FS-019,True,3.440737027863954,14.464057403457678,1.227827377698325,70.34932671272928,3.7293647683545395,213.676861491499,7.781966387067627,-0.6971639152318847,1.5739568723442443,0,5,1.5739568723442443,2.0739568723442443,29.509978520499516,0.8702699232202485,2.940737027863954,3.5314242729482963,4.684357696833063,3.7597009418716434,5.145642376021864,0.5785692695540712,0.5349652099775754,0.5900225362143209,0.5463750942275458,0.5842959028841961,0.5406701521025605,0.5624830274933783,0.011453266660249706,0.01140988424997047,0.01616503497445183,0.016103805440534337,0.011453266660249706,0.009800913033716475,0.010551612850829346,0.05350652942702483,0.031252278244602354,0.00399747681865496,0.0019595763696309333,0.01748033669071762,0.01688305716564271,430.2166180124651,False,0.0,0.0,1.2542999879715593,False,False,0.4618851069234628
FS-020,True,3.2937808333798078,14.310862291225353,5.937147036197211,340.1734675227056,0.2208620658051488,12.654464225175685,10.87628331883035,0.8174080255633654,1.7051374816846354,0,5,1.7051374816846354,2.2051374816846354,116.06121232340665,-0.4393311289701737,2.7937808333798078,3.3216078148676598,7.10605090527574,3.675386838033747,5.0899072557062555,0.5741380343447386,0.5315149271791256,0.578175056413647,0.5347646190138317,0.5761565453791928,0.5331397730964786,0.5546481592378357,0.004037022068908325,0.0032496918347060255,0.005697815729989664,0.004586585095982402,0.004037022068908325,0.0035034072781828687,0.0030476921800748403,0.05337295744634506,0.031286327637739725,0.0030296945836004877,0.0015060640927615388,0.013245446706252783,0.012792960850698034,429.6347774746047,False,0.0,0.0,1.6199359257320292,False,False,0.641383525363467
FS-021,True,8.258118176128253,3.1462829636008873,4.416621163700862,253.05375238821765,4.872775235953375,279.18945553599224,6.051337311244878,0.1337895542992605,0.7480134421035276,0,1,0.7480134421035276,1.2480134421035276,102.14582103366716,-0.21040045632680898,2.6462829636008873,8.864215172253715,5.967305484858202,5.853717036399113,6.853717036399113,0.5644204174772541,0.5136874217083023,0.5825802156327432,0.5317026570085148,0.5735003165549987,0.5226950393584086,0.5480976779567036,0.01815979815548907,0.01801523530021254,0.025630571698054445,0.02542653701686937,0.01815979815548907,0.015832422085287155,0.01723302685474657,0.05316693879038707,0.028216780718998077,0.0066851447650794205,0.0032424191388303538,0.030195483368843454,0.029975094894889195,429.8237430866584,False,0.0,0.0,0.6319862478308078,True,False,0.48949324906013914
FS-022,True,0.9905364583986813,15.329620923520325,1.6112670790561883,92.31880329829154,4.605183220400646,263.8575624134218,6.022964143251107,-0.08964054935619364,0.4905364583986813,0,5,1.6130652468252693,2.1130652468252693,-52.58353915370596,0.6076040467694691,0.4905364583986813,2.9109778276268528,5.7917176747268,5.777024466762537,7.314340993080544,0.5982396734128892,0.5543563327863741,0.5916959542101283,0.5480722715634813,0.5949678138115088,0.5512143021749276,0.5730910579932182,-0.006543719202760867,-0.006284061222892823,-0.009235744954995682,-0.008869266076045794,0.006543719202760867,0.005499221177058476,0.005700197906783067,0.05598553915966905,0.03260998641198774,0.002835571407026542,0.0008889134446401578,0.010912522106075009,0.00933440540893786,429.6621731637941,False,0.0,0.0,1.6068635296198406,False,False,0.3840832366291867
FS-023,True,4.457333929292991,13.032787356994776,0.35337739521192,20.24703332096952,1.042264504012267,59.71735721619895,13.454193411492046,0.42245293241081183,2.364761705413313,0,3,2.364761705413313,2.864761705413313,-135.91253978910896,-0.7182785884602598,3.957333929292991,3.8322405885809543,7.888371318306643,2.090269920307373,3.402589860453058,0.5534241950480029,0.5102035098239983,0.5578676291349702,0.5146858257356998,0.5556459120914865,0.5124446677798491,0.5340452899356678,0.004443434086967346,0.004482315911701451,0.0062714219054891525,0.006326299354459996,0.004482315911701451,0.003998440364873718,0.004373463315679474,0.04928855981639538,0.029034184244823364,0.0031327542278084325,0.002063350216698136,0.016076004685583335,0.016882662684258462,429.31615274553786,False,0.0,0.0,2.333106482566653,False,False,0.43612716193831425
FS-024,True,5.455959682288994,11.441901344404757,5.737611440426349,328.7409200224068,3.4379372932013577,196.97929713106805,8.831895436159744,-0.8012404503970794,1.8479496919758436,1,3,1.8479496919758436,2.3479496919758436,-118.32359625996362,-0.47445077795865004,4.955959682288994,4.705959682288994,2.055826451289848,0.4419013444047568,1.5411227576969129,0.5450917164333794,0.5008633811344877,0.534759914169158,0.49066732237886124,0.5399258153012687,0.49576535175667447,0.5178455835289716,-0.010331802264221368,-0.010196058755626458,-0.01458221046488913,-0.014390623328303272,0.010331802264221368,0.0095677979931895,0.010283149800100153,0.04667369792298916,0.027191580402204457,0.00477714553751256,0.0028573278051128377,0.02550954344274198,0.025941510946635018,429.9565823585315,False,0.0,0.0,1.467676054208412,False,False,0.5678569815766176
FS-025,True,4.865735767115984,16.434964836328597,1.8658960406976843,106.90796814214781,3.1593541586068494,181.01765927527777,9.928957715366735,-0.837625900222415,0.9494190644602405,0,5,0.9494190644602405,1.4494190644602405,56.24317727071577,0.5556692397252034,3.0650351636714035,4.062134414713569,6.6926059400750955,5.4364833439241504,6.534166189712769,0.5907270154007306,0.5472736826720821,0.6074519789769954,0.5632462521636152,0.599089497188863,0.5552599674178487,0.5771747323033558,0.01672496357626485,0.01597256949153314,0.023605459400947874,0.022543537326220452,0.01672496357626485,0.013958651966646234,0.014382965123355754,0.05625067880756565,0.032488011930331503,0.00690580387115014,0.003348292676890777,0.028579832034967285,0.027776942590374453,429.73068930660935,False,0.0,0.0,0.8798150011788075,True,False,0.3807453211143988
FS-026,True,13.315728595291612,4.994839637012284,1.0372271970169895,59.42874078525783,0.8315628124965708,47.64503955608214,12.955940695187222,0.5644157615060577,2.8695531130906815,0,1,2.8695531130906815,3.3695531130906815,151.60360966712753,-0.8796785357201645,4.494839637012284,6.6014672650601245,4.005160362987716,4.005160362987716,5.005160362987716,0.5384500646079058,0.48984575418189624,0.5301717351073625,0.4815881827576573,0.5343108998576341,0.48571696846977674,0.5100139341637054,-0.008278329500543302,-0.00825757142423894,-0.011683957937586453,-0.011654660180063097,0.008278329500543302,0.0077467346284242405,0.00850039422161217,0.04541626354291746,0.02481890539557812,0.0023076803361180066,0.0010511228365779955,0.012133239599252664,0.011510332451363013,429.9887961607946,False,0.0,0.0,2.5697084541679667,False,False,0.47520018454524204
FS-027,True,16.57700729808945,12.434530817204154,1.3636714821648945,78.13262057039798,0.24910866297105028,14.272875028388032,10.986160934282585,0.8118985924639038,1.4710044770874684,0,4,1.4710044770874684,1.9710044770874684,-158.27604187299156,-0.9289778813695094,2.9229927019105517,2.7026082678775643,4.481794839090753,1.9958688869690158,3.5451243862977506,0.5832425867390176,0.5423927228137765,0.5728356129563855,0.5307770219800885,0.5780390998477016,0.5365848723969324,0.557311986122317,-0.010406973782632112,-0.011615700833688014,-0.014688306852953654,-0.016394293069331392,0.011615700833688014,0.009001963522341378,0.010823731185152974,0.05351659171534236,0.031977529043100736,0.004374631948874086,0.003095998189788503,0.02071153868116799,0.022310313144153975,429.6951979965494,False,0.0,0.0,1.4618822609541633,False,False,1.0547026902200267
FS-028,True,1.629622688482406,1.6757293561709505,5.5382696289643025,317.3194755451389,1.1233787250738283,64.36485974151759,13.60626941164147,0.3624466111655156,0.9056827422290401,0,0,0.9056827422290401,1.40568274222904,86.70026293213556,0.05755944553694213,1.129622688482406,5.973002235359827,12.979836215359727,8.019310672224462,9.401791297233833,0.5896199440200101,0.5400496352280323,0.6043436961896339,0.5549877221111728,0.596981820104822,0.5475186786696025,0.5722502493872123,0.01472375216962385,0.014938086883140467,0.02078096807116001,0.02108347810982523,0.014938086883140467,0.012331826258158544,0.013641623076164296,0.058278181385881624,0.03128854270379521,0.005299813961826586,0.0027468871150425553,0.021715347626040295,0.022109635041035143,429.90130334725217,False,0.0,0.0,0.7202863651373035,True,False,0.47592724475683823
FS-029,True,16.554581794768996,13.835405783885323,4.968691260818567,284.6850389484396,4.086161613908521,234.11981488532325,6.759022479685893,-0.4910034373190683,2.195786903130069,0,7,2.195786903130069,2.695786903130069,157.30318136636592,-0.9225595155897548,2.945418205231004,3.185025359185663,8.906742018803365,3.1798989523902494,4.608277950951545,0.5708728075078742,0.528473498071399,0.5779830422038932,0.5361570112364622,0.5744279248558837,0.5323152546539306,0.5533715897549072,0.007110234696019013,0.007683513165063216,0.010035319699367093,0.010844439645413796,0.007683513165063216,0.00618897026794343,0.0072170702397571064,0.05214849111405701,0.03077187011755928,0.0022969394066654747,0.0014986161038297416,0.010912203559844603,0.011435384561711573,430.13773048674284,False,0.0,0.0,2.0969665422671278,False,False,0.3200895718422286
FS-030,True,15.623742201341333,12.799997051040872,1.8226456032624765,104.42990061501577,1.8060256186654016,103.47764564203094,13.889843707058295,-0.19525288962172033,1.9142480060481812,0,4,2.119946956953977,2.619946956953977,-168.25480738894944,-0.9790625555517131,3.876257798658667,3.703093944068531,1.9142480060481812,1.8830738067736887,3.2367456221109467,0.5655264004422412,0.5228270874958759,0.5552441403398727,0.5120921149617184,0.560385270391057,0.5174596012287971,0.538922435809927,-0.010282260102368546,-0.01073497253415756,-0.014512287114388586,-0.015151241266974345,0.01073497253415756,0.009174277631524124,0.010372763891775818,0.04976082010931555,0.02934922467658532,0.00353499152325145,0.00230988011475742,0.017906169089182737,0.018765121773016327,429.6195592854695,False,0.0,0.0,1.8122704441372406,False,False,0.3169375155847522
FS-031,True,6.98365459360398,1.7021728809795613,0.15849119973500078,9.080876834780497,1.1367014979104004,65.12819839646471,13.629004477021176,0.35235211515863146,1.2021728809795613,0,1,2.2837013934813353,2.7837013934813353,14.199628987694043,0.969446938334901,1.2021728809795613,8.719801006910792,9.126841802186695,7.297827119020439,8.29782711902044,0.5568566794489288,0.5058630736848209,0.5579008369738964,0.507079064183502,0.5573787582114126,0.5064710689341614,0.531924913572787,0.0010441575249675594,0.001215990498681152,0.0014737143044541376,0.0017162377793929224,0.001215990498681152,0.0009366678489131736,0.0012004540567737982,0.049389172584277476,0.02628227143494584,0.0007523759451214698,0.000354571568440065,0.003644709467523123,0.0035421959628245533,429.33739269232046,False,0.0,0.0,1.785546477232066,False,False,0.5073848645128108
FS-032,True,4.6698741764934875,9.436161649618043,0.8672329940959662,49.6887904161927,2.4858504405464616,142.42873874404862,12.438990744018884,-0.6640033235306412,0.7624963689838482,0,3,0.7624963689838482,1.2624963689838482,111.65379135128929,-0.36899729813422427,4.1698741764934875,3.9198741764934875,6.269417584971864,-0.16375842861813983,1.444696643493133,0.5580994299555596,0.5134288330550237,0.5815396732106227,0.5373526459353778,0.5698195515830912,0.5253907394952008,0.547605145539146,0.02344024325506311,0.023923812880354056,0.03308334323017436,0.03376584894119046,0.023923812880354056,0.02056812826967824,0.022767638523035472,0.05288172976070394,0.030487994222195034,0.008714436734955016,0.005038611033914396,0.04025360228342038,0.041087927073758364,430.01927334678896,False,0.0,0.004759824244276347,0.4532091557417057,True,True,0.8521155884823292
FS-033,True,6.41110765355962,9.213991070300745,1.3857860087523395,79.39968960978841,3.4080448016239555,195.26658352455254,8.946758205254062,-0.8081945251449242,1.0620575292821826,0,3,2.5004950309549057,3.0004950309549057,87.62434979609927,0.04145103862952102,5.91110765355962,5.66110765355962,1.0620575292821826,-0.21399107030074482,0.7860089296992552,0.5138782190198162,0.4685592528302993,0.5296522950111194,0.48459702273928795,0.5217652570154678,0.47657813778479363,0.49917169740013073,0.015774075991303205,0.01603776990898864,0.022263385429944924,0.02263556059432221,0.01603776990898864,0.015116065873695744,0.016825960569167724,0.04244287615820183,0.024313991287441914,0.003604650827847533,0.002189456565803087,0.021466205300233063,0.021854481032004512,429.51568698389104,False,0.0,0.00919267427352074,2.1758806211867125,False,False,1.182726154062556
FS-034,True,15.17078996953505,9.783878524369738,3.653012267039125,209.3021854108587,5.461054780743794,312.89539062636055,7.069609361770361,0.5702300088832044,0.8419331767961027,0,4,0.8419331767961027,1.3419331767961027,157.43608233730887,-0.9234520461548822,4.3292100304649495,4.0792100304649495,6.6011806077646895,-0.32921003046494945,1.1905703024149756,0.5548386699552516,0.5102420232191333,0.5642162690301006,0.5196386516357957,0.5595274694926761,0.5149403374274645,0.5372339034600703,0.00937759907484903,0.009396628416662445,0.01323545688038811,0.013262314717988473,0.009396628416662445,0.008379927337036469,0.00912399722228604,0.051990004141306556,0.02998677292767241,0.009159791701035097,0.005236031254792431,0.043030619030990716,0.04369450165839141,430.5252801656493,True,0.0017489243594212861,0.00943260546191838,2.0891999241712256e-10,True,True,0.944129742572374
FS-035,True,17.136076983542782,4.288697200267036,4.406548021763236,252.47660386875543,0.15526077060181864,8.895786879433055,10.618550953602732,0.8276808500337164,0.2958616513448491,1,2,0.2958616513448491,0.7958616513448491,11.49571782731859,0.979939602247159,2.3639230164572176,4.039423091899513,7.089517136259108,5.132095680128833,6.515670227762021,0.6137194828361701,0.5659379644467325,0.6264479199533829,0.5790730668231923,0.6200837013947764,0.5725055156349623,0.5962946085148695,0.012728437117212832,0.013135102376459762,0.01796479880137274,0.018538762399150165,0.013135102376459762,0.010263483049612741,0.011471594611531123,0.060850366384761385,0.03337672805677479,0.010848590771199176,0.005013405837379797,0.041045768394918476,0.040286515115623645,429.56482530457544,False,0.0,0.0,0.25573975349552414,True,True,0.5648124069576339
FS-036,True,13.666348708811048,1.7623753879146131,2.0908894202286894,119.79913920765952,4.144776606418327,237.4782065723261,6.627251945078083,-0.4503957861090949,1.2623753879146131,0,2,2.5559732298887274,3.0559732298887274,-99.43159627164658,-0.16386999144940026,1.2623753879146131,8.213138001551357,9.315371840092432,7.237624612085387,8.237624612085387,0.557533736258132,0.5070478817617335,0.5555942893720051,0.504843363013013,0.5565640128150685,0.5059456223873733,0.531254817601221,-0.0019394468861269054,-0.0022045187487205187,-0.002737317454953031,-0.003111437438070182,0.0022045187487205187,0.001742339462730707,0.0021786123361619346,0.04949155012209857,0.02639474455198342,0.001174824808560899,0.0007022953373930245,0.006003740109116469,0.006297171328541519,429.6837794849054,False,0.0,0.0,2.4908114521349183,False,False,1.0352565800313278
FS-037,True,17.672198677029176,13.12384402525191,5.481245928679161,314.05225818658135,1.531996102241475,87.77691088892908,13.99698946286393,0.03249704485865869,1.8278013229708243,1,4,2.195348581219557,2.695348581219557,-56.19616945590535,0.5563511702277979,1.8278013229708243,1.8622624178599896,3.247172508492875,3.2450237967690705,4.8211455710937505,0.5903636025937943,0.551018924159403,0.5874314646786635,0.5482063420875463,0.5888975336362289,0.5496126331234746,0.5692550833798518,-0.002932137915130806,-0.0028125820718567507,-0.004138392421483389,-0.003969652406494247,0.002932137915130806,0.002489514514542043,0.0025586948901380902,0.05399469220836516,0.03277214000005446,0.0022298874067866173,0.0022613688684691023,0.011570217218432743,0.013980752134954628,430.0567258301151,False,0.0,0.0,2.1332904351177477,False,False,0.5327118824204587
FS-038,True,15.576437294988583,0.7530778127161082,1.9749487913644745,113.15623049964735,3.0143991984482055,172.71235183870047,10.507403091177919,-0.8309904741390802,0.2530778127161082,0,2,1.6599229482840383,2.1599229482840383,-55.51299099088067,0.5662193636510855,0.2530778127161082,7.862804962523624,9.14705587742604,8.265895716095017,9.380337119886152,0.5814470376876213,0.5311657283165491,0.5686131955582542,0.5180999744102261,0.5750301166229377,0.5246328513633876,0.5498314839931626,-0.012833842129367112,-0.013065753906322919,-0.01811356646377861,-0.018440884607735644,0.013065753906322919,0.01115927823462384,0.012452283413408389,0.053148705875079444,0.028326868679999742,0.0033668999232183226,0.0017880973477361179,0.015480689670334986,0.015773638468102525,430.84316626881713,False,0.0,0.0024910259581503724,1.5111137301198982,False,False,0.2969706474063157
FS-039,True,12.723878499530509,11.305391690387932,2.7995130904493495,160.40028477437363,4.048023028679705,231.93463491511213,6.8507685111352306,-0.5165281525901777,3.470935310660546,0,4,3.470935310660546,3.970935310660546,-177.37638896383228,-0.9989517913211001,6.7761215004694915,6.5261215004694915,4.4392162064384015,0.3053916903879319,1.305391690387932,0.5095705939247616,0.4653090075328363,0.5027288986253514,0.45815722523411306,0.5061497462750565,0.4617331163834747,0.4839414313292656,-0.006841695299410144,-0.007151782298723264,-0.009656305670708661,-0.01009395960278869,0.007151782298723264,0.006758568338481561,0.007744497898201031,0.040330239356740835,0.023369359264071722,0.0024523753202975087,0.0015107957682450029,0.015401836046306494,0.015628688921568726,429.6846067694352,False,0.0,0.0,3.3139779895800983,False,False,0.6611072454452686
FS-040,True,18.38715965220196,16.910362671934497,4.846780072792984,277.7000423991479,4.872124640509184,279.1521791628697,6.050922547845982,0.13325147969970144,0.3900527872278021,0,7,0.3900527872278021,0.8900527872278021,-101.39731684698924,-0.19761143420605504,1.1128403477980413,4.59597835390948,12.52317247339942,6.750213796519112,8.185370002118077,0.6242352010836683,0.5794392858851019,0.6067174870218548,0.5619120962522454,0.6154763440527615,0.5706756910686737,0.5930760175607176,-0.01751771406181346,-0.017527189632856488,-0.024724340127735,-0.024737713861348053,0.017527189632856488,0.014231021412182627,0.015356523772752843,0.06325109464757436,0.035578291697514315,0.007612607292840794,0.003803581090822144,0.027694919527406322,0.027684880040248664,429.9225069582237,False,0.0,0.0,0.39005287985912385,True,True,0.7595083300868972
FS-041,True,13.576213567247146,3.5363794415887684,4.331940732518336,248.2019210741109,1.3043750248783994,74.73518382780404,13.858877096283166,0.22056551588681228,2.465547062508543,0,2,2.465547062508543,2.965547062508543,102.8943418220879,-0.22315385351711964,3.0363794415887684,7.118369077874516,5.463620558411232,5.463620558411232,6.463620558411232,0.552340247570058,0.502112739267565,0.5557485848218257,0.505612501237148,0.5540444161959418,0.5038626202523564,0.5289535182241492,0.0034083372517677013,0.003499761969583015,0.004810495775041242,0.004939531778904067,0.003499761969583015,0.003075870049525342,0.0034729327289948412,0.048495699068143605,0.026124427287011608,0.0016193364283736192,0.0007530410825157546,0.00797270055316484,0.007683142875641022,429.15147008737233,False,0.0,0.0,2.15458073272736,False,False,0.38774071381411734
FS-042,True,14.875908744973103,6.165659350822901,2.771182376131327,158.77705441336008,2.45597712303723,140.7171237307154,12.53259828086945,-0.6484494131366704,2.812238553020287,0,2,2.812238553020287,3.312238553020287,145.083731041278,-0.8199893837686606,4.624091255026897,4.7078374762998445,3.0947615453219046,2.834340649177099,3.9331138228447204,0.5392724008493188,0.49276491754867513,0.5383518309412149,0.49095452879460993,0.5388121158952668,0.4918597231716425,0.5153359195334547,-0.0009205699081039631,-0.0018103887540651953,-0.0012992838813903973,-0.0025551659971723836,0.0018103887540651953,0.0008542587304058523,0.001840350682092169,0.046549661086901103,0.026138403418607688,0.0029457492067956016,0.0018336681369278717,0.01598547385679011,0.016605048073811978,429.4425749598223,False,0.0,0.0,2.771971609549261,False,False,0.45062548771640054
FS-043,True,7.956786926375958,6.918778545578615,5.316809837954736,304.6307641884415,1.2322228547511294,70.60116899680158,13.772917739130994,0.27825453690023544,3.4194507524708824,0,1,3.4194507524708824,3.9194507524708824,-7.093665461124533,0.9923455970220063,6.418778545578615,7.282262175104388,4.964230979958089,2.081221454421385,3.081221454421385,0.514032150564038,0.4658433850839809,0.506752757517657,0.4587711153508974,0.5103924540408475,0.4623072502174391,0.4863498521291433,-0.007279393046380922,-0.007072269733083503,-0.010274068235565169,-0.009981736300686064,0.007279393046380922,0.0071311722859036825,0.007648884729535573,0.04038654459234686,0.022424841478176506,0.0019380678001562574,0.0009066030461788344,0.011528957078310361,0.010848953071270906,429.50318246809417,False,0.0,0.0,3.2843332057704755,False,False,0.7112553628748928
FS-044,True,8.38217107951338,18.749976627245815,4.088279572873758,234.2411649952132,3.6061199243614066,206.61545208394426,8.207999136891315,-0.748983710190788,0.5000233727541854,0,6,1.3832307089053586,1.8832307089053586,78.51178614873433,0.19916635272973204,0.7500233727541854,0.5000233727541854,7.749976627245815,7.749976627245815,8.749976627245815,0.6060943503116448,0.5711709939246612,0.6167180657992914,0.5814959678838432,0.6114062080554681,0.5763334809042522,0.5938698444798601,0.010623715487646623,0.010324973959181971,0.014994214097228495,0.014572573058107956,0.010623715487646623,0.008687935571863557,0.008957464993168848,0.06062325764792776,0.039820116050141824,0.005089943872662949,0.005093215404830518,0.02193760988197315,0.025906785870657416,429.61922193592056,False,0.0,0.002328471780721906,1.335008512348927,False,False,0.5119509705459817
FS-045,True,3.541737434499361,4.13488700042809,0.2133472139047489,12.223894927616904,5.219480237869777,299.0541888818772,6.503356817968552,0.40684596347411683,0.2575563413535864,0,0,0.2575563413535864,0.7575563413535864,-127.74133525755401,-0.6120976984063774,3.041737434499361,4.576872446412673,5.212476529822905,5.05976323309869,6.359450081468459,0.601973765727532,0.553430698156622,0.5865361322535878,0.5387301606637876,0.59425494899056,0.5460804294102048,0.5701676892003824,-0.015437633473944223,-0.014700537492834398,-0.021788533562671453,-0.02074820309035986,0.015437633473944223,0.012989065972582635,0.013460047917036451,0.06028141727855096,0.032821638293648175,0.010639063558037374,0.005199738286698781,0.041211895040491796,0.04117297136925255,430.5298549856015,False,0.0,0.0,0.2267761178050911,True,True,0.9909040209109541
FS-046,True,9.420061325638727,13.352738571217726,1.9668497023270628,112.69218687990299,4.3982244246951705,251.99969688638782,6.195780474080792,-0.2588856869250393,2.693080664689417,0,6,2.693080664689417,3.193080664689417,-31.72695884971477,0.850563769968883,6.147261428782274,5.897261428782274,3.1173944576615704,2.352738571217726,3.352738571217726,0.532007771822433,0.4882801268287703,0.5254723529491631,0.4817122072797252,0.5287400623857981,0.48499616705424775,0.5068681147200229,-0.006535418873269916,-0.00656791954904512,-0.009224029946474456,-0.009269901100633722,0.00656791954904512,0.006180181282065697,0.006771104593400308,0.04214513413369557,0.024615519391934643,0.003349799166048493,0.002045800305434836,0.020039039680364464,0.020317790303197043,429.9539438408388,False,0.0,0.0,1.8989127795260887,False,False,0.7969716860831435
FS-047,True,12.245829192276407,17.325123612496387,1.3010219331578008,74.54306582389349,5.885189381907485,337.1965132185045,8.449713254119537,0.7722785099812697,1.2692408696045465,0,6,1.2692408696045465,1.7692408696045465,113.69428738433281,-0.40185647947873127,2.1748763875036126,1.937305374065351,6.875674658325882,6.325123612496387,7.325123612496387,0.5898344498377314,0.550584120364083,0.6039244850303092,0.5661823214110743,0.5968794674340203,0.5583832208875786,0.5776313441607994,0.014090035192577788,0.015598201046991278,0.019886545772113483,0.022015157154967338,0.015598201046991278,0.011803082499345075,0.013967290261871714,0.0563092767232037,0.03445639803798353,0.005013063111409181,0.0037507928155176644,0.022463542341621495,0.02453299892695474,429.5897213179396,False,0.0,0.0,1.0008795658848029,False,False,0.6547195899943558
FS-048,True,6.128764638367299,13.611742758210683,3.6703256903783914,210.29417149712197,3.9577736982622995,226.76372917831313,7.085859471666442,-0.5738713277851758,2.611742758210683,0,5,3.6118819693087767,4.111881969308777,-77.5743512090201,0.21517251869707976,5.628764638367299,5.595702452708989,2.611742758210683,2.611742758210683,3.611742758210683,0.5458969776493364,0.5023615436071204,0.5372295692539998,0.4935817389612755,0.5415632734516681,0.4979716412841979,0.5197674573679331,-0.00866740839533664,-0.00877980464584488,-0.012233100302706086,-0.012391735334471193,0.00877980464584488,0.008002212133122211,0.008815566909797328,0.04527093948989641,0.02650902541916765,0.0023569877225024364,0.0014041884630043118,0.012986213665977468,0.013136577370388964,428.8747258878284,False,0.0,0.0,3.2330782892085805,False,False,0.5461506949640816
FS-049,True,7.534976403416891,5.55078656503322,3.367228292330956,192.92796980760718,0.9919276606984582,56.83326854030639,13.34832845016604,0.458318380062775,2.5472317984684194,0,1,2.5472317984684194,3.0472317984684194,121.09245218100605,-0.5164205246461998,5.05078656503322,7.185670279706428,5.726125976951184,3.4492134349667802,4.44921343496678,0.5246878290748335,0.4762488852056258,0.5330658367399401,0.48389981939551185,0.5288768329073867,0.48007435230056883,0.5044755926039778,0.008378007665106657,0.0076509341898860495,0.01182464278009938,0.010798457980200458,0.008378007665106657,0.007920565946375795,0.007968488790561229,0.04372413155807323,0.02391993140906202,0.0026899884479588683,0.0011910171188963697,0.01468521275421068,0.013785581419344916,429.54685457123094,False,0.0,0.0,2.3407248936999325,False,False,0.3697782348570831
FS-050,True,8.295221167285868,11.454188526880547,5.624940264318792,322.28533715866854,1.2529882272577415,71.79093720144745,13.799690543418468,0.26178696977376625,4.104423971068138,0,3,4.49126865871479,4.99126865871479,-126.92917968459697,-0.6008274121025758,7.7952211672858684,7.5452211672858684,4.104423971068138,0.45418852688054656,1.4541885268805466,0.49546135854610673,0.4507830039325264,0.4964249508260288,0.45199387241776406,0.49594315468606776,0.45138843817514523,0.4736657964306065,0.0009635922799220431,0.0012108684852376594,0.0013600052603430788,0.0017090086168395843,0.0012108684852376594,0.0009714745236598713,0.0013412710459896904,0.03867273536296746,0.022387583679657447,0.0017413752986376804,0.0011279751106020339,0.011551392566459904,0.011869467251073866,429.31463463967333,False,0.0,0.0,4.409531783451368,False,False,0.4693155954858772
FS-051,True,7.095653991644577,4.0972765043595025,3.1849498127726177,182.48418223285273,5.176389930698724,296.58529614305354,6.42292353548231,0.37492152570333726,2.1047127827336123,0,1,2.1047127827336123,2.6047127827336123,156.8190010757991,-0.9192659321909319,3.5972765043595025,7.379989166029589,4.9027234956404975,4.9027234956404975,5.9027234956404975,0.5424138662930553,0.4929494286670635,0.5493794994703515,0.49941523966509993,0.5458966828817033,0.4961823341660817,0.5210395085238926,0.006965633177296149,0.0064658109980364475,0.009831230448950306,0.009125786033098065,0.006965633177296149,0.006379992218056409,0.006515559455480551,0.04737439558045103,0.02556246153811079,0.0022140016366018317,0.0009317124864386465,0.011031164138962504,0.01032987543256093,429.6941044503973,False,0.0,0.0,1.370007018334522,False,False,0.7760077310324166
FS-052,True,14.895215559160595,13.722521289834178,4.578369428028809,262.32124527777546,5.41235800037169,310.10527063516344,6.9405514208408885,0.5396786968245465,2.895123135151168,0,7,2.895123135151168,3.395123135151168,154.97033123062013,-0.906088826319139,4.6047844408394045,4.651311635006017,7.164985110244164,2.7225212898341784,3.828651936469537,0.5455614986959952,0.5020569099809572,0.5552637986675035,0.5120408156202203,0.5504126486817493,0.5070488628005887,0.5287307557411691,0.009702299971508288,0.009983905639263102,0.013693736732454205,0.014091192375747607,0.009983905639263102,0.008813660073715162,0.009845111952444665,0.047797472939119776,0.028007927170554253,0.0029497379232681204,0.0017395068858646182,0.0152736990095968,0.015469229401877588,430.067918139897,False,0.0,0.0,2.8364251443625585,False,False,0.6970809376308481
FS-053,True,13.074054505090825,7.020609643631904,4.501690281267452,257.9278537916855,5.807111188447081,332.7229622612174,8.166826443426007,0.7446001618761858,3.9284698360258696,0,4,3.9284698360258696,4.42846983602587,139.26691922365762,-0.7577577087995959,6.425945494909175,6.247403479942855,4.127505555384253,1.9793903563680963,2.9793903563680963,0.5137197944427438,0.46610912074988414,0.521210558965668,0.47380805498739975,0.517465176704206,0.469958587868642,0.493711882286424,0.007490764522924187,0.007698934237515609,0.01057239598888484,0.010866204804903329,0.007698934237515609,0.007237940696448127,0.008191077295163225,0.041593949949407155,0.023277843538927097,0.0020270492755929716,0.0011591282350374595,0.01214912648366876,0.012158413708689675,429.72429081467544,False,0.0,0.0,3.5217272697507607,False,False,0.5857414948419799
FS-054,True,12.027784374779989,18.561453606212567,2.489311825309649,142.62706148225016,4.258737147517855,244.00766460835615,6.404589278689167,-0.3671482228075417,0.6888711038910096,0,6,1.5593059283634108,2.0593059283634108,74.97026752098772,0.2593202577859812,0.9385463937874334,0.6888711038910096,8.79306016022902,7.561453606212567,8.561453606212567,0.6116766080567199,0.5787177678913342,0.6175571798226395,0.5834053107625762,0.6146168939396797,0.5810615393269551,0.5978392166333174,0.005880571765919607,0.0046875428712419565,0.00829978477631917,0.006615954793129434,0.005880571765919607,0.004783932742415589,0.004033602771809288,0.058503723781517684,0.03763105957171412,0.0047137892957552635,0.004533909789778155,0.021256690254813304,0.02488863735914214,430.5825504019626,False,0.0,0.0,1.405681551926906,False,False,0.3129876600452514
FS-055,True,7.964674358353316,14.736982925572875,4.734651588271933,271.2755534728937,1.718892112994985,98.48526351293685,13.956215389047236,-0.12361541382659702,2.043648591196623,0,6,2.043648591196623,2.543648591196623,136.75667947333048,-0.7284508427448192,4.763017074427125,4.513141538940991,6.047328170536207,3.7369829255728746,4.736982925572875,0.5416508234485425,0.4983317341746828,0.5434680828941132,0.5001045634400989,0.5425594531713278,0.49921814880739085,0.5208888009893593,0.0018172594455706514,0.0017728292654161093,0.0025648632278209844,0.0025021548811610707,0.0018172594455706514,0.0016747099649158659,0.0017756057844164088,0.04719939571473412,0.027775191757565824,0.0042479909496384825,0.002643358177367186,0.02256512195893454,0.023192005221704524,429.5524812908249,False,0.0,0.0,1.940036215445537,False,False,0.6938121327300901
FS-056,True,14.952515203948249,6.87217221746885,0.264823844991219,15.173288632423576,2.4280879507409514,139.11919186402545,12.617950381574609,-0.6334060170984068,2.4472940334754125,0,4,2.738382086844095,3.238382086844095,41.61784129108589,0.7475913147472067,4.5474847960517515,4.428271083797729,2.4472940334754125,2.12782778253115,3.269647052959433,0.5508860872811234,0.505076441514663,0.5500392009615699,0.5047008932573702,0.5504626441213467,0.5048886673860167,0.5276756557536817,-0.0008468863195535414,-0.0003755482572928015,-0.0011952875438132266,-0.0005300453480928747,0.0008468863195535414,0.0007692495835983101,0.000371911949655302,0.04643432633557914,0.026351872081441727,0.0031336188501043904,0.0020969544097762275,0.017358373987032574,0.018413907466785718,429.95905900684727,False,0.0,0.0,2.492129411305846,False,False,0.4865529108378151
FS-057,True,7.561000414076512,7.050456553272297,5.82622758293085,333.8182509846445,5.319340394587109,304.7757544032953,6.714437432429056,0.4778287317645729,1.949543446727703,1,1,3.728098695044494,4.228098695044494,-32.76382420285227,0.8409084633243844,6.550456553272297,6.8724052935151665,1.949543446727703,1.949543446727703,2.949543446727703,0.5126430002483288,0.46465013260805504,0.5039469679301851,0.4564643108565901,0.508294984089257,0.4605572217323226,0.4844261029107898,-0.008696032318143643,-0.008185821751464928,-0.01227349984346655,-0.011553393353383614,0.008696032318143643,0.008554119743798822,0.008886867217796614,0.04051419280818715,0.022570098037764066,0.0020505373366713014,0.0010568589659809343,0.01237752787617616,0.011983933812183751,430.2050804080587,False,0.0,0.0,3.553287992926726,False,False,0.5938159052181464
FS-058,True,10.368408374111235,13.59753342742275,0.5444249347277489,31.193251021585336,0.11927368611384964,6.833878821291718,10.475964340311233,0.831806040350119,2.422353504186974,0,6,2.422353504186974,2.922353504186974,64.98648059867861,0.4228321006064145,5.90246657257725,5.65246657257725,2.59753342742275,2.59753342742275,3.59753342742275,0.5239917023070174,0.48017436572319555,0.5387841345221763,0.49513236223334556,0.5313879184145969,0.4876533639782705,0.5095206411964337,0.014792432215158913,0.014957996510150007,0.02087790245425391,0.021111578373835888,0.014957996510150007,0.013918675700505515,0.015336710064012318,0.04305039890850131,0.025156332191429133,0.0038000970178167894,0.0023000165942576446,0.022183062227312752,0.022466670932205658,429.46301129845557,False,0.0,0.0,2.2451621981261276,False,False,0.5598244930529921
FS-059,True,4.410109423260796,4.806619438168714,4.623746301665371,264.9211486246489,1.1822095068850773,67.73561524475717,13.701781643278615,0.31741058157642,1.2917858494933454,0,0,1.2917858494933454,1.7917858494933454,-32.89403310322613,0.8396764272519981,3.9101094232607956,4.74444370988813,9.027835499335145,4.230305697383782,5.431293925577142,0.5838934079352501,0.5358486076448695,0.5691303219780433,0.5205723068285495,0.5765118649566467,0.5282104572367095,0.5523611610966781,-0.014763085957206878,-0.015276300816320032,-0.020836483416329092,-0.021560830137056855,0.015276300816320032,0.01280380062803829,0.014460430124989168,0.05184753292371168,0.028575880816842734,0.005594866812061664,0.002819223182848684,0.02590535693876648,0.02562239821484119,429.2510753749837,False,0.0,0.0,1.1146005258085565,False,False,0.6344701199820535
FS-060,False,13.23094909584602,6.252367916274954,4.351812032346916,249.34046268772758,4.065453456517093,232.93332486530178,6.808261452286999,-0.5049536226690774,3.5844224415691555,0,1,3.5844224415691555,4.0844224415691555,-24.151176316916313,0.9124690943338873,5.752367916274954,6.249240149158717,5.820811295304423,2.747632083725046,3.747632083725046,0.5215164003476692,0.47324102141496555,0.5286075806363298,0.48044321347456465,0.5250619904919995,0.4768421174447651,0.5009520539683823,0.007091180288660626,0.0072021920595991,0.01000842648448764,0.010165107474551757,0.0072021920595991,0.0067527076964911965,0.007551967198486157,0.04286910010251541,0.023783897015629853,0.002167592632196845,0.0011462127436680232,0.012398294165197766,0.012166925161489416,124.00000000002653,False,0.0,0.0,3.3695978926359533,False,False,0.3981077315107816
