predictor,outcome,n,spearman
nearest_source_body_gap,later_source_min_gap,59,0.9726475745178259
nearest_source_body_gap,later_max_excursion,59,-0.02425482174167154
source_ahead_cos,later_source_min_gap,59,-0.12536528345996495
source_ahead_cos,later_max_excursion,59,-0.10584453535943894
chem_overall_mean,later_source_min_gap,59,-0.7978959672706022
chem_overall_mean,later_max_excursion,59,-0.1521332554061952
chem_max_abs_contrast,later_source_min_gap,59,-0.5521332554061953
chem_max_abs_contrast,later_max_excursion,59,0.1311513734658095
nearest_wall_body_gap,later_source_min_gap,59,0.5984219754529516
nearest_wall_body_gap,later_max_excursion,59,0.24079485680888374
nearest_repair_body_gap,later_source_min_gap,59,0.4078901227352426
nearest_repair_body_gap,later_max_excursion,59,0.021624780829924025
mover_swept_body_gap,later_source_min_gap,59,-0.4150204558737581
mover_swept_body_gap,later_max_excursion,59,-0.23471654003506723
mover_actual_body_gap,later_source_min_gap,59,-0.5076563413208651
mover_actual_body_gap,later_max_excursion,59,-0.05014611338398598
phase_sin,later_source_min_gap,59,0.030683810637054356
phase_sin,later_max_excursion,59,-0.06212741087083577
phase_cos,later_source_min_gap,59,-0.1419637638807715
phase_cos,later_max_excursion,59,0.19719462302746932
heading_sin,later_source_min_gap,59,-0.0066627703097603755
heading_sin,later_max_excursion,59,-0.07808299240210405
heading_cos,later_source_min_gap,59,0.007539450613676214
heading_cos,later_max_excursion,59,-0.010637054354178844
