life,age,kind,amount,end
RS-M1-001,430.3347888558129,external_resurrection,0.7000000000001132,
RS-M1-001,859.1591090453758,external_resurrection,0.7000000000001011,
RS-M1-001,1287.8902267872709,external_resurrection,0.7000000000000837,
RS-M1-001,1804.4140581189781,external_resurrection,0.7000000000000055,
RS-M1-001,2235.4171939222406,external_resurrection,0.7000000000000294,
RS-M1-001,2707.928792058176,external_resurrection,0.7000000000000997,
RS-M1-001,3139.898984284836,external_resurrection,0.7000000000000296,
RS-M1-001,3566.152322336265,external_resurrection,0.7000000000000465,
RS-M1-001,3996.138921647719,external_resurrection,0.7000000000000223,
RS-M1-001,4490.415069788731,external_resurrection,0.7000000000000429,
RS-M1-001,1354.3692782553417,first_productive,0.01723660956950646,1359.3695443562124
RS-M1-001,1675.329573341971,major_productive_0.02_E,0.11199794086730372,1707.5290711328007
RS-M1-001,2612.529153828875,major_productive_0.02_E,0.041756985077498664,2633.0671939309204
RS-M1-001,4321.281183759399,major_productive_0.02_E,0.055984895312691796,4332.938921655071
RS-M1-001,4373.567321436333,major_productive_0.02_E,0.02891952607008797,4389.078921656296
RS-M1-001,224.57036773984797,damage_ge_0.002,0.012055190175736077,224.57999999994072
RS-M1-001,243.02151492793288,damage_ge_0.002,0.012533155369204354,243.02999999992394
RS-M1-001,285.4222957477131,damage_ge_0.002,0.011570140159136337,285.4299999998854
RS-M1-001,302.40266621539047,damage_ge_0.002,0.01466256940285885,302.40999999986997
RS-M1-001,558.8411754125124,damage_ge_0.002,0.015089615305086061,558.844788855696
RS-M1-001,567.0020877623457,damage_ge_0.002,0.002908942263402767,567.0047888556886
RS-M1-001,1011.2843684482223,damage_ge_0.002,0.0035506049134373732,1011.2843684482223
RS-M1-001,1484.455092309452,repair_ge_0.0001,0.002602521073167813,1492.150226787085
RS-M1-001,1493.8202440389932,repair_ge_0.0001,0.0023163072521132475,1504.6802267870737
RS-M1-001,1572.273666192376,repair_ge_0.0001,0.0010524251156970883,1578.3102267870067
RS-M1-001,2194.9350835843948,damage_ge_0.002,0.011645156085370752,2194.944058121964
RS-M1-001,3395.3473348261286,damage_ge_0.002,0.008055095959447351,3395.3473348261286
RS-M1-001,3485.5592109580975,damage_ge_0.002,0.016381978603206022,3485.568984292381
RS-M1-001,3518.640993512053,damage_ge_0.002,0.006118207719895384,3518.6489842931032
RS-M1-001,3576.382388760647,damage_ge_0.002,0.013400785018131195,3576.3923223364886
RS-M1-002,428.6577668363388,external_resurrection,0.70000000000011,
RS-M1-002,859.2538335754319,external_resurrection,0.700000000000035,
RS-M1-002,1288.5776831508592,external_resurrection,0.7000000000000312,
RS-M1-002,1719.2415187917622,external_resurrection,0.7000000000001114,
RS-M1-002,2149.3437208414553,external_resurrection,0.700000000000102,
RS-M1-002,2682.0481377174483,external_resurrection,0.7000000000000487,
RS-M1-002,3158.4986411409295,external_resurrection,0.7000000000001092,
RS-M1-002,3586.0925228036613,external_resurrection,0.7000000000000456,
RS-M1-002,4075.5185787264963,external_resurrection,0.700000000000064,
RS-M1-002,2287.832017939398,first_productive,0.03589815524422251,2293.2537208445965
RS-M1-002,2548.782590322955,major_productive_0.02_E,0.13094648332804093,2583.4993847035585
RS-M1-002,2757.014030904428,major_productive_0.02_E,0.06668845358728676,2798.685972607335
RS-M1-002,3666.121053094578,major_productive_0.02_E,0.09757194717117254,3689.2924546238473
RS-M1-002,4199.5490497335595,major_productive_0.02_E,0.0828872339295468,4227.0285787298035
RS-M1-002,4410.780635317125,major_productive_0.02_E,0.021139262579850587,4432.078578734279
RS-M1-002,194.16983081128376,damage_ge_0.002,0.010753050499840815,194.16999999996838
RS-M1-002,222.85030631837566,damage_ge_0.002,0.015879190432333934,222.8599999999423
RS-M1-002,256.0202452501358,damage_ge_0.002,0.0025224815132516487,256.0202452501358
RS-M1-002,284.25630303556545,damage_ge_0.002,0.012779388648436982,284.2599999998865
RS-M1-002,641.6353715133539,damage_ge_0.002,0.01593024998819335,641.6377668361451
RS-M1-002,676.7432954226607,damage_ge_0.002,0.006383147443911377,676.7477668361132
RS-M1-002,705.1317121361325,damage_ge_0.002,0.011605401491367757,705.1377668360874
RS-M1-002,946.6019521418674,damage_ge_0.002,0.007741565179731574,946.6038335753525
RS-M1-002,977.5362110665429,damage_ge_0.002,0.0031656333141528627,977.5438335753244
RS-M1-002,1006.4408140201118,damage_ge_0.002,0.004993119796541092,1006.4438335752981
RS-M1-002,1037.3460302258798,damage_ge_0.002,0.003399901287532357,1037.35383357527
RS-M1-002,1272.1324283519727,damage_ge_0.002,0.007223612208156212,1272.1324283519727
RS-M1-002,2757.014030904428,damage_ge_0.002,0.002508364503811813,2757.0181377190847
RS-M1-002,2834.0322167523796,repair_ge_0.0001,0.0061648199880230976,2841.6581377209322
RS-M1-002,2842.783087044712,repair_ge_0.0001,0.000802469687503294,2844.9681377210045
RS-M1-003,432.0631417044008,external_resurrection,0.7000000000000477,
RS-M1-003,862.6800363213879,external_resurrection,0.700000000000036,
RS-M1-003,1295.852990947301,external_resurrection,0.7000000000000557,
RS-M1-003,1726.7570488485596,external_resurrection,0.7000000000001028,
RS-M1-003,2231.9401451720173,external_resurrection,0.7000000000000322,
RS-M1-003,2662.1580174442283,external_resurrection,0.7000000000000565,
RS-M1-003,3094.7912241309596,external_resurrection,0.7000000000000052,
RS-M1-003,3527.019818008262,external_resurrection,0.7000000000000826,
RS-M1-003,3957.637530115947,external_resurrection,0.7000000000000783,
RS-M1-003,4391.898724600719,external_resurrection,0.7000000000000778,
RS-M1-003,1930.0542616859182,first_productive,0.09084007374506785,1952.624572750473
RS-M1-003,1956.663070311154,major_productive_0.02_E,0.02479102174335631,1968.4570488483398
RS-M1-003,1930.0542616859182,damage_ge_0.002,0.002269660652344187,1930.0570488483747
RS-M1-003,3567.251072273751,damage_ge_0.002,0.05591879806156976,3570.2798180092063
RS-M1-004,493.0447997072285,external_resurrection,0.7000000000001219,
RS-M1-004,925.0653010956686,external_resurrection,0.7000000000000859,
RS-M1-004,1393.4563368743613,external_resurrection,0.7000000000000939,
RS-M1-004,1822.4245287641663,external_resurrection,0.700000000000047,
RS-M1-004,2265.291060847015,external_resurrection,0.7000000000000199,
RS-M1-004,2696.2124806983666,external_resurrection,0.7000000000000238,
RS-M1-004,3128.4262207220854,external_resurrection,0.7000000000000999,
RS-M1-004,3638.436074387647,external_resurrection,0.7000000000000585,
RS-M1-004,4070.09366968165,external_resurrection,0.7000000000001069,
RS-M1-004,46.87503731893977,first_productive,0.09434075847789739,70.09649876585583
RS-M1-004,1017.8536577484987,major_productive_0.02_E,0.03446270991510746,1027.7553010955753
RS-M1-004,1117.8118891372512,major_productive_0.02_E,0.025103410207269253,1126.8653010954852
RS-M1-004,1887.6741333440223,major_productive_0.02_E,0.021579901321092953,1891.1945287641038
RS-M1-004,3236.3900221317185,major_productive_0.02_E,0.08192350695607138,3249.946220724738
RS-M1-004,46.87503731893977,damage_ge_0.002,0.0020294176447975963,46.87999999999924
RS-M1-004,1542.1473017877597,damage_ge_0.002,0.002393713345505606,1557.8563368742118
RS-M1-004,1887.6741333440223,damage_ge_0.002,0.0020300377764921854,1887.684528764107
RS-M1-004,2977.396676255077,damage_ge_0.002,0.004843194774809089,2977.4024807045043
RS-M1-004,3036.349235279621,damage_ge_0.002,0.010781992633984355,3036.352480705791
RS-M1-004,3066.6928596864745,damage_ge_0.002,0.011379004044922685,3066.7024807064536
RS-M1-004,3097.5781920992563,damage_ge_0.002,0.007601723402864251,3097.5824807071276
RS-M1-005,428.08206132573787,external_resurrection,0.7000000000000671,
RS-M1-005,876.4403610696083,external_resurrection,0.7000000000001088,
RS-M1-005,1308.1895538718982,external_resurrection,0.7000000000000022,
RS-M1-005,1737.3829859529985,external_resurrection,0.7000000000001066,
RS-M1-005,2163.337396876569,external_resurrection,0.7000000000000489,
RS-M1-005,2596.5449395947644,external_resurrection,0.7000000000001034,
RS-M1-005,3027.8727026658516,external_resurrection,0.7000000000000053,
RS-M1-005,3462.8962418918654,external_resurrection,0.7000000000000698,
RS-M1-005,3938.91399455502,external_resurrection,0.70000000000001,
RS-M1-005,4373.041267465733,external_resurrection,0.7000000000000554,
RS-M1-005,430.57893493360706,first_productive,0.028375641170052063,438.6809656480378
RS-M1-005,3530.767996061677,major_productive_0.02_E,0.04659342774015571,3548.096241893725
RS-M1-005,3576.4442138636787,major_productive_0.02_E,0.02015165986261898,3582.643393231317
RS-M1-005,430.57893493360706,damage_ge_0.002,0.0025286265190096672,430.5820613257356
RS-M1-005,4304.080002055166,damage_ge_0.002,0.011851655569578392,4304.0839945629905
RS-M1-005,4395.129350097936,damage_ge_0.002,0.012193856679426423,4395.131267466215
RS-M1-006,500.439598462346,external_resurrection,0.7000000000000977,
RS-M1-006,933.6793929179422,external_resurrection,0.7000000000001065,
RS-M1-006,1403.6905694564293,external_resurrection,0.700000000000095,
RS-M1-006,1831.6266398661278,external_resurrection,0.7000000000000217,
RS-M1-006,2263.537220681391,external_resurrection,0.700000000000053,
RS-M1-006,2689.576453005143,external_resurrection,0.7000000000000532,
RS-M1-006,3126.1298519636543,external_resurrection,0.7000000000000809,
RS-M1-006,3583.3295655373295,external_resurrection,0.7000000000000479,
RS-M1-006,4010.8971246343112,external_resurrection,0.7000000000000179,
RS-M1-006,4441.894929097166,external_resurrection,0.7000000000000693,
RS-M1-006,115.50103285002635,first_productive,0.06888680011415614,126.80000000002796
RS-M1-006,145.94494773817294,major_productive_0.02_E,0.030797073558621782,159.02000000000035
RS-M1-006,1169.8904187221437,major_productive_0.02_E,0.042094044948671326,1179.6593929177186
RS-M1-006,3427.445159623021,major_productive_0.02_E,0.0444143870985014,3436.0498519704192
RS-M1-006,709.8500874997976,damage_ge_0.002,0.00213144367120538,745.569598462123
RS-M1-006,4017.516499378423,damage_ge_0.002,0.002615571867651438,4031.777124634767
RS-M1-007,431.9022300196196,external_resurrection,0.7000000000000973,
RS-M1-007,860.4572387291821,external_resurrection,0.7000000000000126,
RS-M1-007,1294.5132313528766,external_resurrection,0.7000000000000746,
RS-M1-007,1737.2514467268245,external_resurrection,0.7000000000000468,
RS-M1-007,2286.2294325848475,external_resurrection,0.7000000000000977,
RS-M1-007,2753.0423286115006,external_resurrection,0.7000000000000094,
RS-M1-007,3268.5373975126836,external_resurrection,0.7000000000000315,
RS-M1-007,3699.461478312222,external_resurrection,0.700000000000039,
RS-M1-007,4128.989335472331,external_resurrection,0.7000000000000594,
RS-M1-007,1322.8165436117029,first_productive,8.541740475899347e-06,1322.8232313528508
RS-M1-007,1985.7158262943974,major_productive_0.02_E,0.031670662461956565,1995.6480871227109
RS-M1-007,2018.2697464442829,major_productive_0.02_E,0.05180177603337691,2040.5414467265487
RS-M1-007,2058.023895224404,major_productive_0.02_E,0.04500898126628109,2084.019451901625
RS-M1-007,2167.8268115632472,major_productive_0.02_E,0.026805742785273555,2183.4914467294993
RS-M1-007,2522.8782181156676,major_productive_0.02_E,0.028205737048206708,2532.4794325902226
RS-M1-007,2826.6972815993036,major_productive_0.02_E,0.031675114962050964,2839.5323286133885
RS-M1-007,2842.0433420178547,major_productive_0.02_E,0.02063819195592179,2854.608520746389
RS-M1-007,3069.187470428761,major_productive_0.02_E,0.07364540796879519,3091.0923286188795
RS-M1-007,1643.8703654269095,damage_ge_0.002,0.013916362606260084,1643.8732313525588
RS-M1-007,1735.4698645396486,damage_ge_0.002,0.010191257156754285,1735.4732313524755
RS-M1-007,1763.8102428592795,damage_ge_0.002,0.009491143798821591,1763.8114467268003
RS-M1-007,1914.4514790836479,damage_ge_0.002,0.012798846625360523,1914.4614467266633
RS-M1-007,1976.9023120757631,damage_ge_0.002,0.004493954821256805,1976.9114467266065
RS-M1-007,2411.5543359623766,repair_ge_0.0001,0.005152281145103515,2424.4994325878656
RS-M1-007,2425.5332062329735,repair_ge_0.0001,0.0004173753960163063,2427.079432587922
RS-M1-007,2433.375651391531,repair_ge_0.0001,0.0003177811102053516,2434.7094325880885
RS-M1-007,2906.186534901452,damage_ge_0.002,0.005469972586421841,2906.1923286148435
RS-M1-007,3938.775098498464,damage_ge_0.002,0.013250482062130245,3938.781478317446
RS-M1-007,4298.332170001701,damage_ge_0.002,0.015110393698155769,4298.339335476027
RS-M1-007,4332.716577571786,damage_ge_0.002,0.0032145815511529056,4332.719335476778
RS-M1-007,4359.961253348842,damage_ge_0.002,0.011320909541855446,4359.969335477373
RS-M1-008,436.7984135739218,external_resurrection,0.7000000000000338,
RS-M1-008,867.6897124687847,external_resurrection,0.7000000000000199,
RS-M1-008,1297.3207585404152,external_resurrection,0.7000000000000298,
RS-M1-008,1831.2276884160635,external_resurrection,0.7000000000000777,
RS-M1-008,2258.964856432062,external_resurrection,0.7000000000000188,
RS-M1-008,2720.5148705411684,external_resurrection,0.7000000000000732,
RS-M1-008,1426.787626414404,first_productive,0.1318220343608977,1453.140460376504
RS-M1-008,2396.0516219898636,major_productive_0.02_E,0.03910694597761934,2407.6948564353083
RS-M1-008,517.6638472029335,repair_ge_0.0001,0.0005470395415619123,532.8684135738345
RS-M1-008,603.4122677884675,repair_ge_0.0001,0.00035806632100624945,613.2384135737614
RS-M1-008,613.7598063053936,repair_ge_0.0001,0.00022348761901649136,627.0184135737488
RS-M1-008,645.4886252258127,repair_ge_0.0001,0.00010231096018320413,650.2684135737277
RS-M1-008,2276.2095781899607,repair_ge_0.0001,0.0007442210847309068,2282.5048564325757
RS-M1-008,2396.0516219898636,damage_ge_0.002,0.002215949796412255,2396.0548564350543
RS-M1-009,469.3413483829213,external_resurrection,0.7000000000001029,
RS-M1-009,416.45808354754945,first_productive,0.058652299849035305,430.07964544675815
RS-M1-010,427.96095385825055,external_resurrection,0.70000000000008,
RS-M1-011,432.7481328396249,external_resurrection,0.7000000000000071,
RS-M1-011,535.628056476811,first_productive,0.09072591495621635,552.3778317913125
RS-M1-011,487.9458678108004,repair_ge_0.0001,0.00012787242599276638,509.60813283955497
RS-M1-011,535.628056476811,damage_ge_0.002,0.0026358782279394316,535.6381328395313
RS-M1-012,429.44326475588264,external_resurrection,0.700000000000035,
RS-M1-012,110.94660698349725,damage_ge_0.002,0.002679697007256581,142.66000000001523
RS-M1-012,110.94660698349725,repair_ge_0.0001,0.00036467598532362853,142.66000000001523
