life,band,start,end,waves,H_norm_mean,H_norm_RMS,regulator_theta_E_norm_mean,regulator_theta_E_norm_RMS,regulator_theta_I_norm_mean,regulator_theta_I_norm_RMS,H_use_mean_mean,H_use_mean_RMS,H_use_max_mean,H_use_max_RMS,q_norm_mean,q_norm_RMS,learned_E_current_delta_left_mean,learned_E_current_delta_left_RMS,learned_E_current_delta_right_mean,learned_E_current_delta_right_RMS,learned_I_current_delta_left_mean,learned_I_current_delta_left_RMS,learned_I_current_delta_right_mean,learned_I_current_delta_right_RMS,learned_E_current_delta_rms_mean,learned_E_current_delta_rms_RMS,learned_I_current_delta_rms_mean,learned_I_current_delta_rms_RMS,M1_spontaneous_rms_mean,M1_spontaneous_rms_RMS,direct_feedback_rms_mean,direct_feedback_rms_RMS,motor_evocation_rms_mean,motor_evocation_rms_RMS,learned_E_attenuation_delta_left_mean,learned_E_attenuation_delta_left_RMS,learned_E_attenuation_delta_right_mean,learned_E_attenuation_delta_right_RMS,learned_I_attenuation_delta_left_mean,learned_I_attenuation_delta_left_RMS,learned_I_attenuation_delta_right_mean,learned_I_attenuation_delta_right_RMS,E_current_effect_over_M1,I_current_effect_over_M1,motor_target_local_gain_min,motor_target_local_gain_mean
RS-M1-001,early,0,1000,4999,0.00014465170115770496,0.00015596424937845297,0.004797906137833727,0.004928667082185319,0.0011623651009143837,0.0013402364121684403,1.8188815067650703e-11,2.2659478901395407e-11,1.0669492676601066e-09,1.4220440530599564e-09,1.0834116688796507e-05,1.2930389470802009e-05,0.00030002146053813603,0.00039635098610783315,-0.00017023918822460057,0.0002669101515986167,-4.715773766496652e-05,5.495972902337737e-05,3.658133715149737e-05,4.3111215543070135e-05,0.0003144425680067713,0.00033788691393352914,4.2459816043839186e-05,4.9392047537655904e-05,0.17958781726405196,0.1909062015714268,0.004278744180256402,0.005210339393319505,7.683691331876716e-07,9.275557312839597e-07,0.00019795948105794567,0.0003033894854283742,-9.4785300427627e-05,0.00015625160235668026,7.991350588508174e-05,9.299764993753469e-05,4.478727292730948e-05,5.622952085778394e-05,0.0017699106218249808,0.0002587241647002026,0.6706087482450259,0.7705720441307609
RS-M1-001,middle,1750.0,2750.0,4999,0.0002536386955460864,0.0002538562090013401,0.00836124070374003,0.008401627445413945,0.0015646278553916703,0.0015647624864618195,4.435510045477853e-11,4.826841173100377e-11,2.6754981897900505e-09,2.9384220554129373e-09,1.7166840118928727e-05,1.944725355419332e-05,0.0014026876347567139,0.0014383867657386834,0.0006296437098749698,0.0008117592418351658,-5.447148752206866e-05,5.449654554515866e-05,5.604473416812546e-05,5.669150547769321e-05,0.001130081737045823,0.001167884744860766,5.541793211740687e-05,5.560485711555632e-05,0.17003296556011122,0.18151075357469443,0.0038792846051393082,0.004747797540567631,1.1469294762145394e-06,1.302547515776822e-06,-0.00043425993516873714,0.00047851893721920983,0.00019623157218129524,0.00027540226856736106,0.00010832967439598877,0.0001084668305925164,6.857461745242579e-05,6.8681356500309e-05,0.006434245475049299,0.0003063446987049948,0.6809767734118185,0.7734389809360459
RS-M1-001,late,3500.0,4500.0,4998,0.0003024342455050508,0.0003034799934697668,0.01664111537172242,0.01674867537680773,0.002303051417255718,0.0023034669526487833,7.630161789089709e-11,8.117225711184902e-11,4.3633999881455605e-09,4.720671561929362e-09,2.4131626526007666e-05,2.647499778514199e-05,0.0016059143092398249,0.0016732243369830197,0.002521695515643538,0.0026796174240379784,-0.00020535948566564405,0.00020553386185968145,-6.796110136325828e-05,6.821273480427253e-05,0.002157145022303378,0.0022338340606544833,0.0001529963553659814,0.00015312926820244493,0.18385715058853816,0.19404535242900486,0.004641109066583653,0.005511741334974449,1.7497713390379798e-06,1.958930878053894e-06,-0.000689746158468411,0.0007186131695864284,-0.00012299793753745694,0.00017953416817807042,0.00010722580937022663,0.00010742413308890443,0.0001482029430974558,0.00014843245066950483,0.011511917356906414,0.0007891416428459432,0.6758853963405744,0.7698445053523096
RS-M1-002,early,0,1000,4998,0.00014879854792169327,0.0001610669835953344,0.006504303654621201,0.006840429296463342,0.0017370618621555412,0.0019955301983551727,1.9270428950083686e-11,2.3620771365540788e-11,8.645649725462511e-10,1.1397302911784032e-09,1.1558829379601528e-05,1.3618133158617695e-05,0.000375714320004795,0.00044053152164203596,-0.0004307913884998856,0.000583936954429223,-5.865013371601045e-05,6.763360681318625e-05,3.29097210386516e-05,5.8367709511892474e-05,0.00045395814555103614,0.0005172283771741087,5.3482016172628816e-05,6.317077759623249e-05,0.17426240655944653,0.18475482766208992,0.00407907985970714,0.005125246251961468,1.2993244535216415e-06,1.5019870627916523e-06,0.000463348803199552,0.0005292403062324769,0.0005097113295807928,0.0006046251139911387,9.506400405195128e-06,1.88181489383284e-05,-1.5577872712020024e-05,5.448958688251171e-05,0.002799539171556054,0.0003419167899188519,0.6819580390507969,0.7721037828456842
RS-M1-002,middle,1750.0,2750.0,4999,0.0002547288991721916,0.0002554995410659569,0.010609591577490099,0.010621943146997192,0.0024243907316109942,0.002424922802290417,4.735183031838516e-11,5.058469534075969e-11,2.695463771173153e-09,2.8940211998908567e-09,1.8355892811220424e-05,2.055686848650469e-05,0.00030725875697992674,0.00045757327885502725,0.00036708970552576175,0.0005466468147290254,-5.437733739464441e-05,5.446027614095266e-05,0.00012188610372781162,0.00012190382796533125,0.00047909933869898105,0.0005040813652454978,9.438750991753711e-05,9.440991724906313e-05,0.1733397077614024,0.18389317212744213,0.003998723616731764,0.004813327398529278,1.2386580280489673e-06,1.39257759313541e-06,0.0012740205890479834,0.001302224505554717,0.0009038050887452874,0.0009241888217760153,4.562575536074016e-05,4.5764889346476716e-05,-6.123301210391901e-05,6.140167127429952e-05,0.0027411641194386377,0.0005133954466979064,0.6758165176817885,0.7716583830043389
RS-M1-002,late,3500.0,4500.0,4999,0.00026809757498634095,0.00026837231410430725,0.012805565874180224,0.012820944293977721,0.0022526388536806105,0.002252852829759658,4.735819780079316e-11,5.1898525248202914e-11,3.0790390907146816e-09,3.3698772540306827e-09,1.7477496538102127e-05,2.0339258490949538e-05,0.0011986864701371395,0.0012411635345257247,-0.001554264282517302,0.0015972568363066275,-4.986530469324583e-05,5.0382023193726934e-05,0.00010347789665941395,0.00010357116289704163,0.0014022981032782479,0.0014303349818424785,8.129770197720827e-05,8.144118750650302e-05,0.16639064247547666,0.177401011930309,0.0039981969783696525,0.004784753166228767,7.48873362382387e-07,8.736927659466459e-07,0.001035940065659633,0.001077908676418962,0.000941274019402497,0.0009780800041475411,2.5492818015382982e-05,2.5818083996924927e-05,-6.538663301001143e-05,6.559252858586184e-05,0.008062721662514405,0.00045907961076623814,0.6803196458478865,0.7735650696422889
RS-M1-003,early,0,1000,4999,0.000131750641804538,0.00014098689036328666,0.005358226283626699,0.005746113202890161,0.0,0.0,1.475331586251333e-11,1.8664354799193667e-11,7.637468730441961e-10,1.0023799881160589e-09,9.830307408884729e-06,1.1754578704541894e-05,4.342788721465952e-05,0.00022551576682313187,-0.0007301474361796442,0.0008917739029225466,0.0,0.0,0.0,0.0,0.0005473231253762151,0.000650429879010619,0.0,0.0,0.1654327306247182,0.17795671845277636,0.00351141811989609,0.004280662365105868,9.53841719416947e-07,1.1597618181859935e-06,8.974058428545871e-05,0.00020458575296705304,1.818642467722501e-05,0.00020916346692916458,-2.2208902272957722e-20,1.269622213722001e-17,-2.2208902272957722e-20,1.2647577429092143e-17,0.003654989171893619,0.0,0.6880438000513126,0.7744949008781638
RS-M1-003,middle,1750.0,2750.0,4999,0.00025399137881736497,0.00025535042827247787,0.011633136363803464,0.011747252680931315,0.00011930044075548141,0.00013193283319587704,4.3078240231222604e-11,4.6426330278313786e-11,2.2461053477572383e-09,2.463450240444312e-09,1.7476187968309683e-05,1.9574271841751975e-05,-3.959521472205642e-05,0.0003431545980196928,-0.0014781552925409761,0.0015307411624187685,-4.20152745708718e-06,4.700865204524615e-06,-4.790284461736666e-06,5.3169194510121365e-06,0.0010746581078533526,0.0011092618231204976,4.521941444335656e-06,5.018354616787332e-06,0.17745191502486246,0.19069737873378115,0.004219297930937845,0.00512213124161195,1.4102816813469483e-06,1.6167047559174135e-06,-0.0003782298067832294,0.00041235292693867794,0.00012750161104792772,0.0002708730029523337,3.0796238430858285e-06,3.4141396401822856e-06,8.272419848456756e-07,9.301831976315759e-07,0.005816869799081287,2.6315802818627598e-05,0.6787239674283172,0.7709114093554613
RS-M1-003,late,3500.0,4500.0,4999,0.0002798639969749693,0.00028059394448622717,0.016280433512587685,0.016298334790813565,0.004412893819817133,0.004566852846285536,5.633537438153589e-11,6.172836529153527e-11,3.4353855313963667e-09,3.819543246226141e-09,1.9903889005315238e-05,2.2366994804328888e-05,-0.001918445713465095,0.001987303268740983,-0.0020663956419488014,0.002140279054112761,0.0002118307837234169,0.00022032929210213971,-0.00027794982381676106,0.0002882948898251047,0.0020052158763705593,0.002065208065961201,0.00024739633732090915,0.0002565725437936601,0.17498940493694543,0.18585689155896695,0.004113637874431584,0.005169493818170609,1.2833904784159851e-06,1.4520549745761615e-06,-0.0005615761627371303,0.0006043117917394595,6.144683298581773e-05,0.0002447827659444151,-5.5780152925626194e-05,5.8245476275623014e-05,5.940028015235646e-05,6.163476780748185e-05,0.011111818607522396,0.0013804844234805097,0.6847631257943909,0.7723650614116814
RS-M1-004,early,0,1000,4999,0.00011472442507116825,0.00012347174530512954,0.006656771414975605,0.007076287909454132,0.0001415998779779517,0.00014520513841065558,1.0961111660997469e-11,1.4414990015942688e-11,5.662181215826437e-10,8.373717579408972e-10,8.793274974068316e-06,1.0673119284215839e-05,-0.00034345365911869194,0.0004986362188252174,0.00013550289561971746,0.000285523397121364,1.885525526424909e-06,1.9517122692886115e-06,-3.883377410582898e-06,4.003745498477847e-06,0.00032752073290222354,0.00040630142076298123,3.0608908894015183e-06,3.14953637847488e-06,0.16608707725643704,0.17834882784211614,0.0034513632578569977,0.004226559963106542,8.037360851125977e-07,1.0058626188554748e-06,0.0007085524383169987,0.000828196307791287,0.0002744322729338451,0.0004194427890865061,-7.196152564571381e-07,7.735999964928366e-07,4.032242228990588e-06,4.1515240449200755e-06,0.002278127788553008,1.7659417314831005e-05,0.6801548566333717,0.7742806867979934
RS-M1-004,middle,1750.0,2750.0,4998,0.0002497318009213874,0.00025038226004744316,0.011700341343465943,0.01174119488780221,0.00026126204067494123,0.0002613392952873305,4.2047004720820665e-11,4.473425519764468e-11,2.588151571366355e-09,2.764009706857535e-09,1.7497587549646433e-05,1.9631449561521418e-05,-0.0015147023538363267,0.0015812143150733776,0.0015037225427383832,0.0015537440941636913,7.473926084793103e-06,7.562698706267905e-06,6.410676386330135e-06,6.529531474857489e-06,0.0015166138822343442,0.0015675393807400057,7.0579940632438805e-06,7.065026291633346e-06,0.17252236307148736,0.1844001313660226,0.004034046245103232,0.004847589211467653,1.2711389776780302e-06,1.434685732338525e-06,5.5278880966720596e-05,0.00046817737908411405,0.000842992074280203,0.000951279790892974,-6.37875761714283e-06,6.420759170507393e-06,3.4359397120039455e-06,3.503123725722779e-06,0.008500749804936631,3.831356430874616e-05,0.6821679486788731,0.7719094775640277
RS-M1-004,late,3500.0,4500.0,5000,0.00027657656713245293,0.00027739713970796446,0.00997227153638126,0.009992292593858981,0.0005751162314190789,0.0005752611369625769,6.075657255905404e-11,6.524864994497446e-11,3.421449004680481e-09,3.796640580097364e-09,2.0997067945110244e-05,2.3398008823799552e-05,-0.0012538392146792658,0.0012935035248454222,-3.5889915847819906e-05,0.0002207362049002993,-5.64639396551789e-07,7.45176773634969e-07,1.3200363392257468e-05,1.321264972574946e-05,0.0009011601694758728,0.000927867404573875,9.348915054548843e-06,9.357601220379939e-06,0.1738326271099273,0.18531525934615883,0.004252554331815888,0.005100548017827669,1.7576523237194038e-06,1.95650866814595e-06,-0.0014619541571380512,0.0015013206703231425,0.0005136554721869065,0.000539411446191984,-1.3710624279157202e-05,1.373886276520091e-05,4.080831542229368e-06,4.1708771288051796e-06,0.005006967088666288,5.049557847203747e-05,0.6805038725637329,0.7726790367442951
RS-M1-005,early,0,1000,4998,0.0001412298647478621,0.00014973283675958702,0.005283399300486695,0.0057572954863496706,9.096059600542596e-05,0.00012065481157871837,1.4444215270913967e-11,1.7077188567320698e-11,6.4768984773518e-10,8.294281793790308e-10,1.0255660155877997e-05,1.1875245920579313e-05,-0.0009197787107416235,0.0010427894773019505,0.0001220583128111458,0.0003662145651661363,-2.1722424756497566e-06,2.9323255342897136e-06,-3.5951123302125284e-07,1.7165222451700877e-06,0.0006916745354687056,0.0007815123165093105,1.8030992964129442e-06,2.402600846708751e-06,0.17745723232252752,0.19074723733774498,0.004021398987356324,0.005095817370642588,1.3051153007242869e-06,1.5388686509758605e-06,3.741135941721742e-05,0.00015713548098639563,0.0001172468286662895,0.0001654535116289745,-2.0813216142711396e-06,2.846236901717101e-06,5.029938498824794e-06,6.687535245898528e-06,0.004097109491161501,1.2595730770425818e-05,0.678096067413836,0.771053334383108
RS-M1-005,middle,1750.0,2750.0,4999,0.00023261157843573686,0.00023326112241664506,0.01281263724090846,0.012964553034090371,0.00014084683703769474,0.0001408750326230588,4.017471716408452e-11,4.45423712157908e-11,2.3738333285883336e-09,2.669838641585211e-09,1.6577358978349536e-05,1.9104574273666563e-05,-0.0007260065373446335,0.0007855570590061678,0.0018842140645526394,0.001991485028777158,-3.914470259486014e-06,3.941908628932695e-06,1.1511406498835228e-06,1.1886936823416386e-06,0.001449601090065921,0.001513788709298292,2.8873494470482154e-06,2.9113258413730473e-06,0.174963862599785,0.18667553990570013,0.0041516416625988935,0.005006569593352024,1.0996557500307638e-06,1.3039094623527438e-06,0.00026937484313033547,0.00034642323670560217,0.00024306661554239254,0.0002805106302393627,-2.1359819284575177e-06,2.139892731424753e-06,7.513189035999252e-06,7.528062327984413e-06,0.008109196898870566,1.5595647093581273e-05,0.6750695656292071,0.7717025538723402
RS-M1-005,late,3500.0,4500.0,4999,0.000254600259581664,0.00025482028208737603,0.017732671426425362,0.017760517869574013,0.00028482648640172636,0.00037297373929130593,3.983376033878318e-11,4.188648006582658e-11,2.5864222880140336e-09,2.7720189458106125e-09,1.6624119476619504e-05,1.876337834133465e-05,-0.0011614693184624763,0.0012609753825303931,0.0004169738169733246,0.0004899685702557167,-7.232425429650805e-06,9.259344606255816e-06,-3.6857444078970087e-06,1.1679477377369654e-05,0.0008969888723596492,0.0009565898063397138,7.206959595259102e-06,1.0539109410806214e-05,0.1583770260236281,0.1697674727258989,0.003560602597515917,0.0043143382220463275,9.32769961772368e-07,1.0812996065524175e-06,-0.0011822903342026264,0.001224733976426074,0.0008937891785551625,0.0009241897535928396,-7.772203170241192e-07,6.493104850091022e-06,3.474428120326396e-06,8.671587723581884e-06,0.005634706053992999,6.207967428379122e-05,0.6749327425559494,0.7768193858848291
RS-M1-006,early,0,1000,4999,0.00012609564258397434,0.0001346871201344726,0.0063374095736875285,0.00673180497156628,0.0001181013781256626,0.00012611428929213789,1.2683980185648927e-11,1.6151590904359227e-11,6.205901425084431e-10,8.30665086853299e-10,9.179067674902987e-06,1.0793299564357832e-05,-0.00021996622446143125,0.00035768188257347914,6.964367764887482e-05,0.00023896799014107208,-2.2206941738418525e-07,1.3128904432078506e-06,5.404832438882554e-07,2.4918208095864755e-06,0.0002620243719170262,0.0003041726725343449,1.7157377782601094e-06,1.991588845991399e-06,0.16393616269687067,0.17675272980791085,0.0036858220310825272,0.004492950686909593,1.0100665288504249e-06,1.1632902186316422e-06,0.00011348011261413979,0.00040017736069827175,0.000693764013365511,0.0008125544390764901,1.1814154899050568e-06,1.3705522624343584e-06,-5.289950442643401e-06,5.807145993080727e-06,0.00172089377552986,1.1267655374577769e-05,0.6844041435879717,0.7746474633589264
RS-M1-006,middle,1750.0,2750.0,4999,0.000260230823181457,0.00026160533874166453,0.014935800622010142,0.014941243220235434,0.00016378420137197459,0.00016381836328738423,5.777674120760657e-11,6.700729122716077e-11,3.0014344649414757e-09,3.5744889040948126e-09,1.9690376850684887e-05,2.2766812594627964e-05,-0.00044112344714624253,0.0004780154771817994,0.00037416175420731436,0.0005447860014691734,-1.5542713701749074e-06,1.5551509522391497e-06,4.7357728075349925e-06,4.737342698917109e-06,0.0004584976211204151,0.0005124893090700106,3.524646904728984e-06,3.5256850633056816e-06,0.17901667755857503,0.19229176482472454,0.0037186183897128275,0.004703869945076018,1.5581022101379998e-06,1.7751812594609306e-06,-7.540403137430173e-05,0.00022183307956429634,0.001409815938064706,0.0014441268295873593,9.690555602747188e-08,9.749176803369181e-08,-1.003335214350622e-05,1.004814649624158e-05,0.002665165143900721,1.833508089397053e-05,0.6849322171881637,0.7694983403899098
RS-M1-006,late,3500.0,4500.0,4997,0.0002891258163552571,0.00028950785175415277,0.017529886646853447,0.01767365301467245,0.00025364088707420507,0.0002555891458234668,6.093520702732209e-11,6.469871029686644e-11,3.3422530064800054e-09,3.5961374551274556e-09,2.054000964414131e-05,2.3265405555495638e-05,-0.00012191933077424115,0.00024026684719694738,0.0005162285239401924,0.0005380212632462889,-3.944228805311674e-06,5.213743058772813e-06,1.3949270283802797e-05,1.6337945116225315e-05,0.0004049989019379895,0.0004166503555543267,1.0292151986971261e-05,1.2126655913806007e-05,0.17798514998353832,0.19126403213346344,0.00390975038639263,0.004817991734132096,1.5483876828703544e-06,1.7552236203716703e-06,-0.0009986365250884998,0.001060039678863877,0.001798943002964435,0.0018590082687888097,-3.077910111473385e-06,3.5413083105622547e-06,-8.877147268683086e-06,9.574525503472956e-06,0.002178404119722779,6.34026992871512e-05,0.680862566439599,0.7701856581763761
RS-M1-007,early,0,1000,4998,0.00013254010581944284,0.0001413964440127881,0.0070528506191321295,0.007556381610238787,0.0,0.0,1.2832785025642482e-11,1.502413474217403e-11,6.42796236935718e-10,8.061445992504449e-10,9.577019342050651e-06,1.0924276565368835e-05,6.914902066003095e-05,0.00025958396873804646,-0.00013462076967235833,0.0002508021708903458,0.0,0.0,0.0,0.0,0.00021436347463372386,0.0002552308423262217,0.0,0.0,0.17120826840629297,0.18143878816835707,0.0042999681049536425,0.0050797918825530135,1.0087179005626763e-06,1.154463299849034e-06,-0.00032724646198495605,0.00040048601371647736,-0.000506318332619355,0.0006344249798744334,5.553336457708866e-20,1.2265267415415941e-17,-1.6660009373126598e-20,1.3097840418087501e-17,0.0014067049548930682,0.0,0.6860501637933798,0.7735976052629934
RS-M1-007,middle,1750.0,2750.0,4999,0.00024959661508249295,0.00024988620012846225,0.01429569784993246,0.014310417883990758,0.0015220928357562089,0.0015369481095756565,4.080293964768797e-11,4.324934188484276e-11,2.516671034645639e-09,2.6768884882319535e-09,1.6737271749757634e-05,1.8952919493498852e-05,-0.0019679747789528627,0.0020080612027385367,0.000253854066603445,0.0003968704223503793,5.8046392811042746e-05,6.677750767718264e-05,9.025861266781385e-06,1.0503075917959804e-05,0.0014200798427359725,0.0014473796886236014,4.5959611473164195e-05,4.779932078656879e-05,0.16809663285001522,0.18039967000699608,0.0036449698965037003,0.004494282767263014,9.540891682935505e-07,1.146393480621026e-06,-8.123699116018662e-05,0.00011314722887006201,-0.001577026041272298,0.0016096853856748619,4.68545952971781e-07,3.370075754589122e-06,4.349331282178436e-06,1.2089668308072669e-05,0.008023183681918435,0.00026496346021428465,0.6749852994875536,0.7746894192740962
RS-M1-007,late,3500.0,4500.0,4999,0.0002763103458066991,0.0002767026661300999,0.014396346152172723,0.014404560899023396,0.001912892953541424,0.0019753913012985785,5.458275821267811e-11,5.925498157253932e-11,3.539519439040279e-09,3.865463085019726e-09,1.9460881903658374e-05,2.2234740747809755e-05,-0.0003129321210983348,0.0003893832082823193,0.001125951963846784,0.0011711960671629566,0.00010251435212325594,0.00011063856926211857,-1.6491404825016193e-05,2.4581473914863242e-05,0.0008356346358100508,0.0008727312045040582,7.480614013712386e-05,8.014094418022447e-05,0.1680144050620485,0.18012274889750418,0.003967679377236717,0.00504535416454305,1.0941773678150621e-06,1.258016813499538e-06,1.7873071988964448e-05,0.00016612425880071602,-0.001242276139107936,0.0012727940588033748,2.5088280333018427e-06,2.676796506412338e-05,-1.910109063543202e-05,2.5437320058999002e-05,0.004845202562396331,0.0004449240569042577,0.6816041432144295,0.7744510953199267
RS-M1-008,early,0,979.9849568486528,4898,0.00010574432008041233,0.00011835932270167171,0.005160350093597297,0.005461953740752918,0.0001033829542265624,0.00011395176474513805,7.803943109502846e-12,9.891664721142908e-12,3.191441911869793e-10,4.083186703767609e-10,7.134274176117189e-06,8.577041259130164e-06,0.00014144242928745645,0.00023895668001957688,-0.0003598176188004626,0.0005043571809627015,-3.651431329024936e-06,5.0992634777361335e-06,-1.1931654675394916e-06,2.0026964252769946e-06,0.0003423938242123731,0.00039463683362974474,3.2789842756738512e-06,3.873840535385449e-06,0.15679320663520463,0.17022453171752105,0.0035223085319639343,0.0043166512865545625,9.754896172262335e-07,1.1999206583284746e-06,-0.00021046419469803918,0.0002528870339355543,0.00039529433272574835,0.0005134773632528483,-1.194751320669882e-06,1.4502330702609573e-06,-2.394171641338353e-06,3.1197290446811452e-06,0.002318331145622562,2.2757240077557626e-05,0.6813298196074552,0.7766497393312776
RS-M1-008,middle,979.9849568486527,1959.9699136973056,4899,0.00020944811899883264,0.00021080029311575587,0.009558371499128216,0.009802258053308522,0.00017106524743470971,0.0001735986495460352,3.103034230628617e-11,3.48672242954546e-11,1.4333905504884724e-09,1.5980822730931922e-09,1.4590927678593246e-05,1.6675814791028093e-05,0.0005072187389469213,0.0006238885620406664,-0.0003080680681569763,0.00041521274744473434,-4.614767403787862e-06,5.73287120286883e-06,-5.5613724538701414e-06,6.201543472762248e-06,0.0004969579262439918,0.0005299238452295647,5.933582232778739e-06,5.971806831824132e-06,0.1679097925495149,0.18202987151775893,0.004129330044524085,0.005016183001086808,1.2065718644678942e-06,1.4499769222717201e-06,-0.00045491160370108566,0.0004829429860331981,0.0007324278668301194,0.0007709332566264805,-1.7527674744850908e-06,1.8635937294443417e-06,-4.516425577275284e-06,4.618995528748261e-06,0.002911191667670133,3.280674090483835e-05,0.6762730168587843,0.772929183913323
RS-M1-008,late,1959.9699136973054,2939.9548705459583,4899,0.0002652066911602172,0.00026613215387084806,0.01142728915685429,0.011455066408698901,0.0002475813451469055,0.0002476940471470683,5.276059775284702e-11,5.529529014077592e-11,3.441453343641857e-09,3.6260354335625467e-09,1.9574804864495486e-05,2.1827336908603717e-05,0.00044628962905837987,0.0007033622834846124,-0.0007024004002382752,0.0007369350492724082,7.312863902067521e-06,8.241362393754585e-06,-1.2835378069013231e-05,1.3062508728828989e-05,0.000673951101336642,0.0007203442818107239,1.0590535777772078e-05,1.0921290866832679e-05,0.17155556977385814,0.18374028072692164,0.0036784174651462815,0.004507477567080853,1.143867724334255e-06,1.2582486556068357e-06,-0.0006445529814201038,0.0006853258467671899,0.0001540762686959257,0.00027362999667128967,-4.836202647891901e-06,4.991828141254177e-06,-3.423273323678165e-06,4.204374474471671e-06,0.003920448357653886,5.943874050711892e-05,0.6855584461756752,0.7733554740799199
RS-M1-009,early,0,200.0,1000,4.378838673892299e-05,5.097130427160948e-05,0.0027307047414958483,0.002899353429734097,0.0,0.0,1.3752237286285824e-12,2.0656636294538752e-12,6.053758291352419e-11,9.329603829583144e-11,3.1966597965154163e-06,4.105139211887164e-06,-6.959304196133181e-05,0.00020667369099408096,4.861503344411077e-05,7.888713625413588e-05,0.0,0.0,0.0,0.0,0.00014739582670899562,0.00015642441435961246,0.0,0.0,0.152916068999575,0.16793134351133818,0.0033338769981553235,0.004020231186070223,5.332539986453428e-07,6.869640852651043e-07,0.00016508024542510923,0.00017914032241358638,-0.00015356534466423274,0.00017410020945578462,3.3306690738754697e-19,1.2959208739370123e-17,5.828670879282072e-19,1.2066495091602823e-17,0.000931478371392004,0.0,0.6913806629940452,0.7770411414614526
RS-M1-009,middle,200.0,400.0,1000,9.658114620517793e-05,9.7183411758771e-05,0.003773240031837965,0.0037761205016079305,0.0,0.0,5.0707998509853156e-12,5.1836671340711524e-12,1.6269086562440934e-10,1.7204728443917996e-10,6.6459848385291294e-06,7.094823339658857e-06,-0.00015865936995773682,0.00022115174518968757,-0.0002991913552472235,0.000365862726902598,0.0,0.0,0.0,0.0,0.00027638626466378676,0.00030229425179537366,0.0,0.0,0.1582957514179961,0.17206779820437748,0.0037622906110717632,0.00465353549657232,1.294509746861418e-06,1.3150817913445963e-06,0.00028817298176980993,0.0003181096265830448,-0.0004879315248044409,0.0005086317086836371,-1.1102230246251566e-19,1.3653937842860001e-17,-3.3306690738754697e-19,1.2658490090568385e-17,0.0017568322193343621,0.0,0.6909513822926656,0.7757938232967091
RS-M1-009,late,400.0,600.0,999,0.00013070163820675727,0.00013127910259057619,0.003940550873712535,0.003943201327637333,4.606033617135635e-05,5.0559990850256324e-05,1.053567229760313e-11,1.0833901761656238e-11,4.0221868867702805e-10,4.2281690154003343e-10,9.499249419995708e-06,1.0036118905330515e-05,7.693242393717957e-05,0.00020688761038281943,0.0001544356578810213,0.00026258927739332286,1.4038243668800868e-06,1.903677764744435e-06,-3.114542451441462e-07,5.272699040896706e-07,0.00020995010899375747,0.000236384868309988,1.0928713798027657e-06,1.3967824783661015e-06,0.16306510511397324,0.17287371274634517,0.00421056559459838,0.0048464143254497525,8.799920060537215e-07,1.0196120560979797e-06,0.0003481770401928007,0.00035725074819218945,-0.0004573468335483805,0.00047613971581160887,-7.900599394694552e-07,9.046696624404604e-07,-6.712654358823692e-07,9.093648966105473e-07,0.0013673846911405885,8.079785273169775e-06,0.6858088109895867,0.7755385470183782
RS-M1-010,early,0,200.0,1000,6.0273512503369926e-05,6.40308870978206e-05,0.0022358151822005584,0.002421534982031827,0.0,0.0,1.5423854997051112e-12,1.6849583911548198e-12,4.6039445677064715e-11,5.1744251332532563e-11,3.801800888097739e-06,4.1678140909156335e-06,7.845027985654589e-05,0.00010439226304246575,0.00018099296857393174,0.000270426736025156,0.0,0.0,0.0,0.0,0.00016558138729458024,0.00020497361310708602,0.0,0.0,0.18242041499766726,0.19150443764607059,0.004016824867924493,0.004842396712302969,5.687435905413299e-07,6.37556653354434e-07,-0.00014070151393504298,0.000153077658696926,-0.0001543893961121827,0.00019708663601112892,-5.551115123125783e-20,1.2412670766236365e-17,-3.0531133177191803e-19,1.2443663750227816e-17,0.0010703334900568128,0.0,0.7002729289485224,0.7706300157188086
RS-M1-010,middle,200.0,400.0,1000,8.939592763527851e-05,9.044298023451514e-05,0.004904373941504371,0.004956723627818067,0.0,0.0,4.5380110979457626e-12,4.7839236611728e-12,1.106742681175375e-10,1.196561241352528e-10,6.626704722960413e-06,7.01213466955798e-06,0.00023226164456868254,0.00033403763915355856,0.0005081124171366537,0.0005158650893701657,0.0,0.0,0.0,0.0,0.00043054197529919644,0.00043456756367806144,0.0,0.0,0.1825586881869928,0.1954611191143458,0.005219844830610854,0.006089250282450898,9.517348946287522e-07,1.0207455690787136e-06,-0.0002852657737363109,0.0003229726917436379,-0.0005855444537189498,0.0006066544220297653,1.3877787807814457e-19,1.2319223986019338e-17,-4.440892098500626e-19,1.2597484963972302e-17,0.0022232941551093705,0.0,0.6839572962824265,0.7688444860542569
RS-M1-010,late,400.0,600.0,999,0.0001500536733580485,0.00015102436796937126,0.007293244376247495,0.007332594672228167,0.0,0.0,1.8025638506172183e-11,1.974595507159218e-11,6.93889463562672e-10,7.934112758033601e-10,1.2485934991057817e-05,1.4123474028265612e-05,0.0004532695726169268,0.00047752452044768615,0.00037398016891750015,0.00039989681978127813,0.0,0.0,0.0,0.0,0.00043437335933636193,0.00044042430342794024,0.0,0.0,0.17942020428007038,0.1934198513824884,0.003833920483906595,0.004645835084466629,1.4166484270875404e-06,1.5628332364778009e-06,-0.0004764043598132663,0.000494340690253985,-0.0008582582857178102,0.0008802209352752616,1.1113343589841407e-19,1.2356631334364657e-17,-2.7783358974603517e-20,1.1616800168431054e-17,0.0022770377511923514,0.0,0.6895503323640466,0.7705040671157204
RS-M1-011,early,0,200.0,1000,6.315570982088322e-05,6.735906514875522e-05,0.0021388605211340164,0.0023123448174145133,0.0,0.0,2.1001918425405915e-12,2.3921671217344754e-12,5.794543240157531e-11,6.424935848402102e-11,4.420872265765896e-06,4.7979715084054925e-06,0.00015762658095625704,0.0001915195880578945,-0.0001708370372026958,0.0001974104398639371,0.0,0.0,0.0,0.0,0.00016992938620323116,0.00019448731883742285,0.0,0.0,0.1775741041277518,0.18934802582893767,0.004468732290515453,0.005210848930557899,6.249579285561453e-07,6.944390548863977e-07,0.00011370188315398808,0.00015175137569299342,6.350523015520629e-05,0.0001026601298572326,-6.38378239159465e-19,1.2066495091602823e-17,3.0531133177191803e-19,1.3048072926061981e-17,0.0010271420469581667,0.0,0.6915662477933933,0.7713117594588078
RS-M1-011,middle,200.0,400.0,1000,0.00011072428423042646,0.0001147427904057741,0.0039007074540826996,0.003999732661684665,0.0,0.0,8.747206860743676e-12,1.002551490943572e-11,3.5329222580983816e-10,4.319112018441563e-10,8.498242905686717e-06,9.356099160818494e-06,-5.982583236778802e-05,0.0001941239759515442,-0.0001561990015721696,0.00022783783553346421,0.0,0.0,0.0,0.0,0.0001793669261933854,0.00021165325102607044,0.0,0.0,0.14892288581026264,0.15824680776525085,0.0033677541989856827,0.003937780578332763,1.4613669236023637e-06,1.6066968702687065e-06,0.0005517634545885791,0.0005975561124106988,-0.00012185135287832125,0.00016762256131947842,1.3877787807814457e-19,1.2130170969577668e-17,-2.7755575615628914e-20,1.1610990315520314e-17,0.0013374882818492282,0.0,0.6875357335972436,0.7794699654628854
RS-M1-011,late,400.0,600.0,999,0.00014467383672708443,0.00014557538031877937,0.007257171458213514,0.007345092933098558,5.231624766379431e-05,7.086656732162156e-05,1.9276446252325255e-11,2.1355076787262546e-11,8.407973340642054e-10,9.785902393986503e-10,1.2262598128026522e-05,1.3569892348627118e-05,-0.0007317610863223948,0.000744120402148049,-0.0002237327932006316,0.0003150936084323391,2.1625010916134067e-06,2.893749255634527e-06,-1.7073099786881594e-06,2.230241279916478e-06,0.0005577901139851147,0.0005714014153674657,1.9991216739973434e-06,2.583385464959582e-06,0.1872428076168807,0.19961589535623275,0.005290203282291762,0.005936287393285035,7.868953069088277e-07,8.685728372772434e-07,0.0006892078646491692,0.0007017587839974352,-0.00031083162213899746,0.00034201361794320253,1.172737333443202e-06,1.8076854069259498e-06,-1.2388241175723184e-06,1.8233120167030038e-06,0.0028625045833536845,1.29417823182332e-05,0.6928228347112296,0.7678037422323002
RS-M1-012,early,0,200.0,1000,7.680583624147448e-05,9.36154765029847e-05,0.002186887530418843,0.002361638342734819,5.3671504221938936e-05,8.061741018676227e-05,1.0397900987939313e-11,1.5270208922259427e-11,5.907839682636482e-10,8.760232698235122e-10,7.777277969627598e-06,1.0488436807833434e-05,6.21628154993272e-06,5.6359396989344196e-05,-0.00011835009038741027,0.0001359056533247078,4.911179071757192e-07,7.380300196206577e-07,1.3266288746812388e-06,1.992292798711767e-06,9.556480801361071e-05,0.00010403539838588152,1.0004098113546274e-06,1.502318026527678e-06,0.18098949843752637,0.19809852071842218,0.0044165153156522745,0.005422770443089003,9.737209013367625e-07,1.3190928473729984e-06,-8.178883568263734e-05,0.00010815188771028282,0.00010094331866259651,0.0001402486030518245,2.311491880723493e-07,3.5827791016056255e-07,-1.2446275571553755e-07,1.9766719227528026e-07,0.0005251699912174394,7.58369129198636e-06,0.6820037847965561,0.7689644935617651
RS-M1-012,middle,200.0,400.0,1000,0.00010827213674809291,0.00011209023210241864,0.004991445314853579,0.005087049963387765,0.00011993742247727608,0.00011993927549293943,9.074158335377289e-12,1.0875006105202906e-11,3.6031992264326765e-10,4.546461601102463e-10,8.958645434645866e-06,1.0519665765360517e-05,-9.070951504255967e-05,0.00029581726661117766,0.0005755302531814344,0.0006766145293886341,1.0507679725967976e-06,1.0509092450739487e-06,2.800588249521065e-06,2.801162493722409e-06,0.00046746230839359075,0.0005221661979701058,2.1151149233247574e-06,2.1155284868820655e-06,0.16153581639320413,0.17634572148193267,0.00402511097883713,0.005153137955632787,1.496258309973067e-06,1.6057540473154747e-06,-0.0004367252946794585,0.0004780374544372625,0.00036776174769198746,0.00038298632856821906,5.555958022351038e-07,5.564675561221095e-07,-2.092457165501771e-07,2.0958566849916866e-07,0.0029610369538996943,1.1996483209822642e-05,0.6831928815929303,0.7747316562607058
RS-M1-012,late,400.0,600.0,999,0.0002096462195234565,0.00021021859204668194,0.006667628152782042,0.0066705077397790575,0.00011801995781680937,0.00011804529202963704,2.911976399400422e-11,3.021619810354826e-11,1.1528990341282209e-09,1.2257292023223931e-09,1.4846827732689797e-05,1.6199095976728997e-05,-9.631535505854225e-05,0.0003438412095429264,0.0005053608241006414,0.0005427680085556908,1.1312130054700655e-06,1.1366742493074947e-06,3.9552748917464e-06,4.178405431527161e-06,0.0004155818267525872,0.0004543258128763174,2.9162969088795668e-06,3.0619520162189373e-06,0.1944106775353808,0.20202471074560843,0.004363823424905698,0.0054476676277995925,2.129172264093737e-06,2.3180221486822308e-06,-0.00026342158696206403,0.0003271252701381277,0.0004056047702576521,0.0004190661357930472,7.570926785777649e-07,7.962948045717104e-07,-4.39776122096997e-07,5.159930048089574e-07,0.0022488625831936426,1.5156324218548583e-05,0.6805424000988385,0.7676049284637273
