life,physical_age,curve_cutoff,last_complete_checkpoint_age,native_rows,waves,curve_waves
RS-M1-001,4500.0,4500.0,4500.0,450008,22494,22494
RS-M1-002,4500.0,4500.0,4500.0,450007,22495,22495
RS-M1-003,4500.0,4500.0,4500.0,450007,22496,22496
RS-M1-004,4500.0,4500.0,4500.0,450006,22496,22496
RS-M1-005,4500.0,4500.0,4500.0,450005,22494,22494
RS-M1-006,4500.0,4500.0,4500.0,450005,22494,22494
RS-M1-007,4500.0,4500.0,4500.0,450006,22495,22495
RS-M1-008,2968.9548705465913,2939.9548705459583,2939.9548705459583,296900,14841,14696
RS-M1-009,600.0,600.0,600.0,60001,2999,2999
RS-M1-010,600.0,600.0,600.0,60001,2999,2999
RS-M1-011,600.0,600.0,600.0,60001,2999,2999
RS-M1-012,600.0,600.0,600.0,60001,2999,2999
