life,metric,model,exclude_first_seconds,n_60s_medians,RMSE,MAE,R_squared,residual_lag1,residual_early_mean,residual_late_mean,a_or_A,b_or_B,p_or_tau_seconds,optimizer_success,asymptote_is_model_only,parameter_boundary,local_median_decreases,diagnostic_only_not_selected_mechanism,tau_profile_10pct_RMSE_low,tau_profile_10pct_RMSE_high,profile_not_confidence_interval
RS-M1-001,H_norm,linear,0,75,3.693348525830065e-05,2.683665076868094e-05,0.6545666470053146,0.8691706637954434,-6.933336107149881e-05,-4.585529189107254e-06,0.0001666568269644923,3.4138741259173115e-08,,True,False,False,33,True,,,
RS-M1-001,H_norm,saturating_exponential,0,75,2.3281806759795212e-05,1.654713967997966e-05,0.8627358755056783,0.7122597740901864,-1.923835704877103e-06,2.9309485912674403e-05,0.00027671002387641305,0.000251078379653924,685.2654547082429,True,True,False,33,True,554.0223733425858,1148.4942244822182,True
RS-M1-001,H_norm,power,0,75,2.5264146284788018e-05,2.0397543486479458e-05,0.8383659189126301,0.7545978983506161,-2.9745727113948563e-05,3.808573269940135e-06,4.4283153492916546e-18,2.9267905658252876e-05,0.27963282991525595,True,False,True,33,True,,,
RS-M1-001,H_norm,linear,600,65,2.0648324231228023e-05,1.5898041863875874e-05,0.6224069189958948,0.6543949683321979,-4.073764637909519e-06,9.459906259718801e-06,0.0002008498982098217,2.2653465176249087e-08,,True,False,False,30,True,,,
RS-M1-001,H_norm,saturating_exponential,600,65,2.0650905109875934e-05,1.589687856228559e-05,0.6223125207470831,0.6544895353862927,-4.0514282530684e-06,9.48565260362637e-06,0.017401939689196944,0.017201167389638096,756798.1920624608,True,True,True,30,True,1414.4460607009153,1000000.0,True
RS-M1-001,H_norm,power,600,65,2.0982144692997005e-05,1.5218937546525694e-05,0.6100991691170778,0.6686186569155694,8.761830194343751e-07,1.4108112731581754e-05,0.00012771968083953082,6.029605326895443e-06,0.3956815828410535,True,False,False,30,True,,,
RS-M1-001,regulator_theta_E_norm,linear,0,75,0.0015987601797482808,0.0013599226924731855,0.8646387538684976,0.9528811277539999,0.0007314160613482755,0.0025631802252356543,0.00275343614985744,3.0088381476272883e-06,,True,False,False,23,True,,,
RS-M1-001,regulator_theta_E_norm,saturating_exponential,0,75,0.0016018615204219818,0.0013615882507119438,0.8641130858946089,0.9530555379474992,0.0007324034565281291,0.002577066820321907,1.7152295363473897,1.7124793577468436,567522.6788011026,True,True,True,23,True,10231.359672138398,1000000.0,True
RS-M1-001,regulator_theta_E_norm,power,0,75,0.0011310259268897324,0.0008745376678178237,0.9322556906821255,0.8962398734436783,-0.0011103622995342923,0.00037477692726579497,0.005473469019298342,7.989159650959516e-12,2.5333777311485757,True,False,False,23,True,,,
RS-M1-001,regulator_theta_E_norm,linear,600,65,0.001616401869679927,0.001428819682609598,0.8451791521711373,0.9633372787974133,0.0006964868924373938,0.00224602443215548,0.0020896988174267995,3.242382449190399e-06,,True,False,False,21,True,,,
RS-M1-001,regulator_theta_E_norm,saturating_exponential,600,65,0.0016201217105432035,0.0014312237413500668,0.8444657508823048,0.9634855522244486,0.0006955220763606486,0.002262422983858735,1.3915043632267226,1.3894232196383758,426659.17812850163,True,True,True,21,True,9219.440474334604,1000000.0,True
RS-M1-001,regulator_theta_E_norm,power,600,65,0.0009725175537716237,0.0007824464729441946,0.9439564482021587,0.8988779607833374,-0.0006768370136036993,0.00025604540738570475,0.006256978215477201,1.5364257875875526e-13,2.9999999999999996,True,False,True,21,True,,,
RS-M1-001,regulator_theta_I_norm,linear,0,75,0.00036848602754628427,0.00026467281301514965,0.4769438706560565,0.8891262000640994,-0.0004441217705030085,0.00012143839113651255,0.0011564767380134698,2.3817888573121706e-07,,True,False,False,62,True,,,
RS-M1-001,regulator_theta_I_norm,saturating_exponential,0,75,0.0003389935246080605,0.0002589691887288525,0.557320866467059,0.8799605377609775,-0.00017928741550020372,0.0005735602689763786,0.0017047153312565828,0.0017047153312565828,303.5535651275633,True,True,True,62,True,554.0223733425858,1000000.0,True
RS-M1-001,regulator_theta_I_norm,power,0,75,0.0003935361943127391,0.0002419517698431754,0.4034104948876174,0.9000014526617303,-0.0006769522228317228,1.8788086874664892e-05,0.001460200092810151,1.0733885613615778e-14,2.9999999999999996,True,False,True,62,True,,,
RS-M1-001,regulator_theta_I_norm,linear,600,65,0.00025188979911655314,0.00022004878774812265,0.3770487406965357,0.9234413892724576,0.00023550238028530326,0.00014804757313771882,0.0012890312482192522,2.0028304125648971e-07,,True,False,False,59,True,,,
RS-M1-001,regulator_theta_I_norm,saturating_exponential,600,65,0.0002519636928357346,0.000220273330700645,0.3766831924486933,0.9234979375015642,0.00023496634911294523,0.00014973441832369862,0.09560459945863048,0.0943152238457637,469942.85150527104,True,True,True,59,True,2932.1616052355903,1000000.0,True
RS-M1-001,regulator_theta_I_norm,power,600,65,0.00019949226765568633,0.00016091905222248863,0.6092625462600304,0.8808275125050344,0.0001623040039827701,4.1938715161777153e-05,0.0015348701075613778,9.42021780114988e-15,2.9999999999999996,True,False,True,59,True,,,
RS-M1-002,H_norm,linear,0,75,3.912212550861295e-05,2.607521229334854e-05,0.5341754906912977,0.9041596789783708,-7.477134562810916e-05,-3.561534484201218e-05,0.0001803886593755656,2.7380525772106818e-08,,True,False,False,36,True,,,
RS-M1-002,H_norm,saturating_exponential,0,75,1.6272842341357553e-05,1.3471731250029083e-05,0.9194057079461879,0.5624636953269212,3.602620423490248e-06,-9.414495539986849e-06,0.0002694386292049929,0.0002511370749312127,604.8968821366524,True,True,False,36,True,499.22751776490077,840.3156525354391,True
RS-M1-002,H_norm,power,0,75,2.460481475346752e-05,1.852230616817609e-05,0.8157456921583848,0.7875142876506244,-3.260679946456491e-05,-3.0357512953451824e-05,3.4113224578254305e-19,3.856155038559704e-05,0.24191104571108957,True,False,True,36,True,,,
RS-M1-002,H_norm,linear,600,65,1.9808376802479667e-05,1.5429199286136547e-05,0.47060170735335616,0.7419979091147876,-1.64715310641921e-05,-2.2869886199227737e-05,0.00021446747456430818,1.6231918219614226e-08,,True,False,False,32,True,,,
RS-M1-002,H_norm,saturating_exponential,600,65,1.5691764203174807e-05,1.3121755901947264e-05,0.6677780631955149,0.6373989059605953,2.9779632385244175e-06,-1.2178845059047108e-05,0.0002728936143033265,0.00019449785231984276,784.5830393960855,True,True,False,32,True,614.8314731094167,2145.366724637847,True
RS-M1-002,H_norm,power,600,65,1.7502212441636564e-05,1.4102299734180613e-05,0.5866949984527582,0.6827459091603704,-7.90749631000215e-06,-2.000759599931242e-05,8.200796104239094e-23,7.80675166957203e-05,0.15300980759206612,True,False,True,32,True,,,
RS-M1-002,regulator_theta_E_norm,linear,0,75,0.0010850477823489873,0.0007719410224142987,0.823235751970073,0.8808682095329149,-0.0015796880612437905,-0.0005438163690970657,0.006417755834921431,1.6814527340650688e-06,,True,False,False,25,True,,,
RS-M1-002,regulator_theta_E_norm,saturating_exponential,0,75,0.0008426425955067518,0.0006703708158576954,0.8933935404424019,0.8122145186583393,-0.0002824990957436676,0.00015908636786380394,0.013961501119494773,0.00965083166620476,1998.6587963439963,True,True,False,25,True,1148.4942244822182,4447.367852271366,True
RS-M1-002,regulator_theta_E_norm,power,0,75,0.0007120804318006739,0.0005879905148577685,0.9238701795579454,0.7871472045992876,-9.465896090274229e-05,-2.3529347434608946e-05,3.0851224741958025e-19,0.0009790714883501808,0.3096266996183426,True,False,True,25,True,,,
RS-M1-002,regulator_theta_E_norm,linear,600,65,0.0006948200075358639,0.0005620585112464436,0.8457364709488373,0.7810270403796103,3.146562646485322e-05,-0.0002949218739788,0.007137648861499089,1.4507896399613512e-06,,True,False,False,24,True,,,
RS-M1-002,regulator_theta_E_norm,saturating_exponential,600,65,0.000687247728417536,0.0005554005855762621,0.8490805348963644,0.7745389201068674,0.00013535567018742884,-0.00017242732627660573,0.022804939921066237,0.016129290852568052,8249.955985843451,True,True,False,24,True,2145.366724637847,1000000.0,True
RS-M1-002,regulator_theta_E_norm,power,600,65,0.000689545969390224,0.0005563724641764455,0.8480694606147666,0.7762471995934832,0.00012157556484796647,-0.00020168466683061613,0.0062949864957966865,1.0397504532766577e-05,0.777855498115811,True,False,False,24,True,,,
RS-M1-002,regulator_theta_I_norm,linear,0,75,0.0005792145507196389,0.00026656896070184567,-0.1082409135962008,0.954742719125085,-0.0012950448966987489,-8.333232773759022e-05,0.0024497885223708988,-3.22883162516967e-08,,True,False,False,62,True,,,
RS-M1-002,regulator_theta_I_norm,saturating_exponential,0,75,0.00024321469164946942,0.00017333115348412554,0.8045953639982502,0.786125155004965,-0.00026940803635438517,-0.00017781031883981114,0.0024086561938401136,0.0024086561938401136,281.62267561491007,True,True,True,62,True,449.8520754496523,499.22751776490077,True
RS-M1-002,regulator_theta_I_norm,power,0,75,0.00046407594068159137,0.0002851595032151593,0.2885680590696198,0.930338094382229,-0.0008173882758157721,-0.0002206012849428523,5.789670914479843e-17,0.0012874743776684137,0.07719859907797422,True,False,True,62,True,,,
RS-M1-002,regulator_theta_I_norm,linear,600,65,0.00011527757310148493,4.303486821617207e-05,0.5499727418571447,0.041319268102208886,-3.6502853198718595e-05,1.943566412457645e-05,0.002766602995422458,-1.3218864260937016e-07,,True,False,False,57,True,,,
RS-M1-002,regulator_theta_I_norm,saturating_exponential,600,65,0.0001726737972695657,0.0001336284696436207,-0.0097225361294484,0.7357333172887066,0.00021056426114734306,-0.00016972659496766718,0.0024005715076888803,4.2532057846797866e-20,276683.3136374906,True,True,True,57,True,143.07147894072293,143.07147894072293,True
RS-M1-002,regulator_theta_I_norm,power,600,65,0.0001726737984420555,0.0001336284683568391,-0.009722549841886474,0.7357333172887066,0.00021056427309602946,-0.00016972658301898078,0.002400571495740194,4.877657138510532e-20,0.05000000000470903,True,False,True,57,True,,,
RS-M1-003,H_norm,linear,0,75,3.51070458261859e-05,2.495835275229648e-05,0.6758443994986076,0.8066141934190872,-6.826006749788345e-05,-7.827401295784793e-06,0.00015518886497937765,3.434809832671681e-08,,True,False,False,32,True,,,
RS-M1-003,H_norm,saturating_exponential,0,75,2.0944641557204116e-05,1.5681042058061767e-05,0.8846252370526918,0.5039699466992708,-7.160168323774573e-06,1.6526495492692304e-05,0.00027828369512179887,0.00023287836463261845,975.2530523657815,True,True,False,32,True,682.3149362095246,1414.4460607009153,True
RS-M1-003,H_norm,power,0,75,2.416562377541775e-05,1.7524640136467302e-05,0.8464106944413015,0.6342474881721124,-2.8620053973411637e-05,-3.185814272829669e-07,2.663808032043206e-23,2.3974715694080034e-05,0.2996257994510884,True,False,True,32,True,,,
RS-M1-003,H_norm,linear,600,65,2.0823139629743566e-05,1.4524731610593005e-05,0.6225489996984213,0.5216142771968884,-8.795353025595464e-06,2.43818293055502e-06,0.00018639830379245297,2.4472967847527287e-08,,True,False,False,29,True,,,
RS-M1-003,H_norm,saturating_exponential,600,65,1.996770835001441e-05,1.4142133117798134e-05,0.6529239809419829,0.47917091343311236,-1.6036212522902632e-06,8.898910000640705e-06,0.00031757311253207717,0.00016130635754287072,2737.5077682360143,True,True,False,29,True,682.3149362095246,1000000.0,True
RS-M1-003,H_norm,power,600,65,1.976882435657139e-05,1.4061547597932154e-05,0.6598034981121339,0.46728801586568547,-5.519592052928844e-07,8.039713593432463e-06,1.4719069171087621e-15,4.3745761215025626e-05,0.22405509891803144,True,False,True,29,True,,,
RS-M1-003,regulator_theta_E_norm,linear,0,75,0.0010397214883851823,0.0008892461599423683,0.941411751135939,0.8800197769437895,-0.001460735211615404,-0.000968640352448965,0.004478882161815865,3.147619332011241e-06,,True,False,False,26,True,,,
RS-M1-003,regulator_theta_E_norm,saturating_exponential,0,75,0.0007589223775803463,0.0005809498306851904,0.9687844353459982,0.7898394020914724,-0.0002120517486552911,-7.996196826691587e-05,0.02213970631455571,0.019697232581223998,3209.4211266235375,True,True,False,26,True,2380.840643151012,6078.4019398783585,True
RS-M1-003,regulator_theta_E_norm,power,0,75,0.0007289747715170943,0.0005644038140731935,0.971199404018309,0.7905418647368725,-9.368413342325554e-05,-0.00026144122568303834,0.00021866355956994611,0.0001883973077308846,0.5380877886851644,True,False,False,26,True,,,
RS-M1-003,regulator_theta_E_norm,linear,600,65,0.0007928603802035039,0.0006584839651382961,0.9419894590077535,0.8532583972720083,-0.0002750786473986468,-0.0005814992138398857,0.005507844467128115,2.810447577640831e-06,,True,False,False,23,True,,,
RS-M1-003,regulator_theta_E_norm,saturating_exponential,600,65,0.0007369993624212969,0.0005716540666951495,0.9498757708064227,0.8271701296458351,0.00010581618884390707,-0.00021106400740782266,0.026741564443949917,0.022875777089898124,4951.257255468381,True,True,False,23,True,2642.1600106791047,1000000.0,True
RS-M1-003,regulator_theta_E_norm,power,600,65,0.0007518407138627669,0.0005845593892179627,0.9478366874369177,0.8337427708201233,8.534556600237574e-05,-0.0002800565732505915,0.0016610257183921572,9.842345457321136e-05,0.605278604526519,True,False,False,23,True,,,
RS-M1-003,regulator_theta_I_norm,linear,0,75,0.0014872279140219576,0.0010165961543838753,0.3668547680126645,0.9599386622320066,0.0005133923495692816,0.002947519662704067,-0.0006852717759637051,5.72840386563786e-07,,True,False,False,39,True,,,
RS-M1-003,regulator_theta_I_norm,saturating_exponential,0,75,0.0017670313087733908,0.0010346549628113047,0.10620736149385834,0.9710884473701688,-6.376984916926903e-05,0.003777219617273929,0.21257479019025652,0.21257479019025652,999999.992753223,True,True,True,39,True,30.0,1000000.0,True
RS-M1-003,regulator_theta_I_norm,power,0,75,0.0009525814758505749,0.0006574424871887856,0.7402517991876056,0.9078987128084137,-2.9459492554865362e-06,0.000586231427705999,5.497419674564983e-25,5.4820628919239987e-14,2.9999999999999996,True,False,True,39,True,,,
RS-M1-003,regulator_theta_I_norm,linear,600,65,0.0013086784375705412,0.0010886905369195139,0.5545974925372147,0.9448860817621025,0.0007730037597196927,0.00178366470570156,-0.001770477441864437,1.1083377890768613e-06,,True,False,False,39,True,,,
RS-M1-003,regulator_theta_I_norm,saturating_exponential,600,65,0.0018940785496827342,0.0011853854259418074,0.06699765460351848,0.9705023639574224,-0.00019337011875343482,0.003767212579382349,0.21496246391744472,0.21496246391744472,999999.9930752235,True,True,True,39,True,30.0,1000000.0,True
RS-M1-003,regulator_theta_I_norm,power,600,65,0.001023235073658325,0.0007581343443216572,0.7277062956237217,0.9070668322207748,-4.4356992724660987e-05,0.0005862216796047794,2.6022163331221807e-25,5.4820759837438224e-14,2.9999999999999996,True,False,True,39,True,,,
RS-M1-004,H_norm,linear,0,75,3.282812377896218e-05,2.4883054596257188e-05,0.7595395635875666,0.8439078172757101,-5.7274068660593115e-05,-1.6389837270386515e-05,0.00013544235047502267,4.0729853338914536e-08,,True,False,False,27,True,,,
RS-M1-004,H_norm,saturating_exponential,0,75,1.510008396620554e-05,1.169376072343368e-05,0.9491243195387341,0.32985875432672096,6.066800878873987e-06,1.092830728341054e-05,0.00028510505710833587,0.0002601600242821176,1106.517449798189,True,True,False,27,True,932.5480980274186,1414.4460607009153,True
RS-M1-004,H_norm,power,0,75,1.9580171376123567e-05,1.5330522438548468e-05,0.9144569986547968,0.6005766722842776,-1.9406026695667016e-05,-7.08217864949494e-06,9.786041609875365e-20,1.5151027259851106e-05,0.35677653994941355,True,False,True,27,True,,,
RS-M1-004,H_norm,linear,600,65,2.145668462311503e-05,1.5212470392143871e-05,0.7448675950888597,0.7500016960926422,-2.8749299040309112e-05,-6.05621841392201e-06,0.00016677003027686284,3.081044297861371e-08,,True,False,False,23,True,,,
RS-M1-004,H_norm,saturating_exponential,600,65,1.3518334867033652e-05,1.0796603467092811e-05,0.8987286061013863,0.4125509512344254,1.2867669287629357e-06,1.2004677340366193e-05,0.00028270168055300447,0.00028270168055300447,1015.7135058161425,True,True,True,23,True,1034.9039108228203,1569.694649491711,True
RS-M1-004,H_norm,power,600,65,1.7085710537790497e-05,1.2131804422422502e-05,0.8382268374179975,0.6190178173562484,-1.5653937368604856e-05,-1.960410961319585e-06,2.2078277925724245e-16,2.2611043234705086e-05,0.3067014761068971,True,False,True,23,True,,,
RS-M1-004,regulator_theta_E_norm,linear,0,75,0.002551176981604022,0.0019404646051914328,0.0369098004642876,0.9717982536280589,-0.0043286354372304055,-0.0006174570289933798,0.009470851106795727,2.023754459503709e-07,,True,False,False,31,True,,,
RS-M1-004,regulator_theta_E_norm,saturating_exponential,0,75,0.001682049452791582,0.0012701380526217575,0.5813382272630243,0.9463966507367806,-0.00020732125866576904,-0.0008944441105220132,0.010597977905648369,0.010377881356836063,377.1222220094217,True,True,False,31,True,405.36004644211044,614.8314731094167,True
RS-M1-004,regulator_theta_E_norm,power,0,75,0.0022381367038957017,0.0017769868376138528,0.25875972793277835,0.9660942116323653,-0.002266323060533018,-0.0011220708874812438,4.760408032846133e-14,0.0036722656560647417,0.12959444129202485,True,False,True,31,True,,,
RS-M1-004,regulator_theta_E_norm,linear,600,65,0.0016815219838927397,0.00132253740548423,0.13716445970020952,0.9376319482108428,-0.0022878435873902358,6.535582082548998e-05,0.012487130401151906,-6.783655323753992e-07,,True,False,False,30,True,,,
RS-M1-004,regulator_theta_E_norm,saturating_exponential,600,65,0.0017841363156044367,0.0013903731267112024,0.028642734779169787,0.9470038108176415,-0.00010763174647911138,-0.0008427024265614192,0.010546121192566838,0.010546121192566838,340.4296275500829,True,True,True,30,True,365.2684431594674,614.8314731094167,True
RS-M1-004,regulator_theta_E_norm,power,600,65,0.0018213070504369772,0.0014457087351694943,-0.012253445931671436,0.9468622360459166,-0.0008489098155307622,-0.0007343323633195597,0.010437698725222714,9.278708392709111e-13,0.050003519809185076,True,False,True,30,True,,,
RS-M1-004,regulator_theta_I_norm,linear,0,75,8.312819189652143e-05,6.360593456555876e-05,0.7890406673912964,0.8967821912595315,3.617060055806742e-05,-4.88700369955413e-06,6.381702774022841e-05,1.207493734682605e-07,,True,False,False,65,True,,,
RS-M1-004,regulator_theta_I_norm,saturating_exponential,0,75,8.317885357308314e-05,6.365689535223944e-05,0.7887834547671384,0.8969241437525634,3.637388378236254e-05,-4.656968216118517e-06,0.06506503999503019,0.06500156295167847,536095.065037466,True,True,True,65,True,4935.507769431962,1000000.0,True
RS-M1-004,regulator_theta_I_norm,power,0,75,7.95883980335568e-05,5.82945781878918e-05,0.8066244327670097,0.8822721757777129,-5.329758528765886e-06,-3.2843836417960585e-05,0.00013413020529806798,5.842634272566005e-10,1.6284488532627441,True,False,False,65,True,,,
RS-M1-004,regulator_theta_I_norm,linear,600,65,8.532345398950147e-05,6.518891556215601e-05,0.7607248191419684,0.9085917820860437,1.7345252381922782e-05,-1.4324429439882537e-05,3.6459651683264384e-05,1.2951008784605208e-07,,True,False,False,57,True,,,
RS-M1-004,regulator_theta_I_norm,saturating_exponential,600,65,8.53613378166214e-05,6.522750710554354e-05,0.7605122944133609,0.9086775172385532,1.748814671414472e-05,-1.4117970835314584e-05,0.050671420980283245,0.05063571323749999,388479.930682846,True,True,True,57,True,17221.750350842154,1000000.0,True
RS-M1-004,regulator_theta_I_norm,power,600,65,8.374687257709749e-05,6.376300157436684e-05,0.7694856357845242,0.9037169739925809,-2.984615153582489e-07,-3.074589955516715e-05,0.00012954174317425125,8.209195887597358e-10,1.5883360717053616,True,False,False,57,True,,,
RS-M1-005,H_norm,linear,0,75,3.2419754654456e-05,2.164734615906557e-05,0.6171194180421,0.6525498216622615,-3.9721707546424385e-05,-2.6699240996938117e-05,0.0001586338775111497,2.801333011377467e-08,,True,False,False,35,True,,,
RS-M1-005,H_norm,saturating_exponential,0,75,2.1817502504567892e-05,1.595385846568755e-05,0.8265980557675694,0.3307763250410821,1.3567467888776135e-05,-7.007404021811914e-06,0.0002590700041059008,0.0001956288217431922,957.3214613131896,True,True,False,35,True,614.8314731094167,1741.9832124400139,True
RS-M1-005,H_norm,power,0,75,2.2717458608354393e-05,1.7317121815852104e-05,0.8119976038677323,0.3892664575067302,-5.773042226918087e-06,-1.90066505483987e-05,1.7602309738862657e-22,3.375220996540636e-05,0.24863526666657787,True,False,True,35,True,,,
RS-M1-005,H_norm,linear,600,65,2.276292084780325e-05,1.7076447079549997e-05,0.5753207886818166,0.7042847303794327,-2.7245184642223814e-05,-2.033547004138553e-05,0.00017761599629326807,2.1978579723462615e-08,,True,False,False,30,True,,,
RS-M1-005,H_norm,saturating_exponential,600,65,1.5798407053762757e-05,1.2516208646947842e-05,0.7954348613638371,0.43865631806931066,2.7875900399567254e-07,-7.345126982050501e-06,0.0002585540634121492,0.0002585540634121492,824.2877074888372,True,True,True,30,True,840.3156525354391,1414.4460607009153,True
RS-M1-005,H_norm,power,600,65,1.9362313189797154e-05,1.505492918595814e-05,0.6927304623254025,0.6040197098309124,-1.6892565845158344e-05,-1.6763833652704318e-05,6.953379512322898e-20,3.995481981906799e-05,0.2274077208803848,True,False,True,30,True,,,
RS-M1-005,regulator_theta_E_norm,linear,0,75,0.0012754208930836634,0.0009777416442655676,0.9368961466080157,0.9351775204888103,-0.0009409746509964724,-0.0009042913792190153,0.0037142803019446086,3.722283090400458e-06,,True,False,False,21,True,,,
RS-M1-005,regulator_theta_E_norm,saturating_exponential,0,75,0.0010241699441656932,0.0008519051683969287,0.9593095137977646,0.9083588439301934,0.00024035521398734554,-6.824432604615148e-05,0.027504665485679848,0.025690339989095798,3997.6659143117317,True,True,False,21,True,2380.840643151012,10231.359672138398,True
RS-M1-005,regulator_theta_E_norm,power,0,75,0.001051235368417503,0.0008369607089644445,0.9571304668410426,0.9142269111094167,0.0002524227024716272,-0.00025060292097241963,0.00038557213234548954,9.076540316221034e-05,0.6361194785917597,True,False,False,21,True,,,
RS-M1-005,regulator_theta_E_norm,linear,600,65,0.001191244840589566,0.0008775550279063577,0.9168481094952242,0.9295676323317404,-0.0001199347773725581,-0.0005922093469335581,0.004351088040845604,3.496356402629869e-06,,True,False,False,20,True,,,
RS-M1-005,regulator_theta_E_norm,saturating_exponential,600,65,0.001044399970704909,0.0008445815462938825,0.9360848571083478,0.9097921762118342,0.0004884502711859707,-8.593554040760252e-05,0.028687162582682217,0.02682290260773787,4321.777407687118,True,True,False,20,True,2642.1600106791047,23537.679863202018,True
RS-M1-005,regulator_theta_E_norm,power,600,65,0.0010963387749306067,0.0008650988110233369,0.9295696882140781,0.9175028742786392,0.0003364387759090065,-0.0002477755694833998,1.1842117883983674e-14,9.667527267778177e-05,0.6310386395110228,True,False,True,20,True,,,
RS-M1-005,regulator_theta_I_norm,linear,0,75,0.00013415726899415983,5.3756047606967744e-05,0.14291807615028218,0.8542911352786369,-4.9935267901835795e-05,0.00016965159854230686,9.107927734446011e-05,2.4681919697330332e-08,,True,False,False,61,True,,,
RS-M1-005,regulator_theta_I_norm,saturating_exponential,0,75,0.0001382541082307007,4.9432617599481834e-05,0.08977238221280326,0.867373695562009,-2.408704786139769e-05,0.00020293773776593524,0.00016147150305675668,0.00016147150305674982,447.41693554420493,True,True,True,61,True,1148.4942244822182,1000000.0,True
RS-M1-005,regulator_theta_I_norm,power,0,75,0.0001348142105838767,5.140967116439624e-05,0.13450360342343648,0.8571512387524193,-3.0685486089387175e-05,0.00017871158433219612,7.678346547177245e-16,1.4778165000697468e-05,0.3033822525992256,True,False,True,61,True,,,
RS-M1-005,regulator_theta_I_norm,linear,600,65,0.00014264887806772242,4.424250545392608e-05,0.031061470603765517,0.8662677463557481,2.1429606126549147e-05,0.0001868417926154294,0.0001286755356317035,1.163749442019613e-08,,True,False,False,58,True,,,
RS-M1-005,regulator_theta_I_norm,saturating_exponential,600,65,0.0001426562270934223,4.424727107997266e-05,0.0309616319274979,0.8662848402398523,2.141995378861365e-05,0.00018687216337914857,0.011783717351191943,0.011655043064938404,999999.9999994521,True,True,True,58,True,682.3149362095246,1000000.0,True
RS-M1-005,regulator_theta_I_norm,power,600,65,0.00013604528433670628,4.230501165434735e-05,0.11869447954238366,0.8502946989662974,2.351455894136484e-05,0.0001614926185266042,0.00013634060436962638,8.93903649286612e-16,2.9999999999999996,True,False,True,58,True,,,
RS-M1-006,H_norm,linear,0,75,3.4632565699266866e-05,2.6201381592458964e-05,0.7566105958189047,0.8257834484556587,-5.297468702354345e-05,-2.9323164624627153e-05,0.00013438612780431264,4.412526611233456e-08,,True,False,False,34,True,,,
RS-M1-006,H_norm,saturating_exponential,0,75,1.938306110712971e-05,1.4454906111699345e-05,0.9237610223520933,0.5038569140365817,-3.651240060841888e-07,-2.5752780027950253e-06,0.00030169515192514937,0.00026109089825531703,1232.469097563899,True,True,False,34,True,932.5480980274186,1741.9832124400139,True
RS-M1-006,H_norm,power,0,75,2.2708131716085403e-05,1.6919062170683107e-05,0.8953606234829294,0.6426030967394687,-1.8003487202367226e-05,-1.7425784480816773e-05,8.454848071466377e-23,1.5241290779252516e-05,0.3602711944005482,True,False,True,34,True,,,
RS-M1-006,H_norm,linear,600,65,2.539875384731459e-05,1.9263268032049038e-05,0.6944966626080646,0.6813810816591271,-1.9498849775985055e-05,-1.7080698425389055e-05,0.00016669410395747867,3.351803136816404e-08,,True,False,False,33,True,,,
RS-M1-006,H_norm,saturating_exponential,600,65,1.9446940000002485e-05,1.4051769463221313e-05,0.8209007821493761,0.4995713034945084,3.3711676111846404e-06,-2.3923263995828473e-06,0.0003014160375738138,0.00026289684554676106,1225.9675242421824,True,True,False,33,True,1034.9039108228203,2642.1600106791047,True
RS-M1-006,H_norm,power,600,65,2.184138751186357e-05,1.6209500631566005e-05,0.7740816075354665,0.5841423973136644,-8.72603312064616e-06,-1.1839147824625155e-05,2.1470079352159875e-22,2.2327935335502553e-05,0.31230676249938394,True,False,True,33,True,,,
RS-M1-006,regulator_theta_E_norm,linear,0,75,0.0017993647575034282,0.0014788211281812568,0.8276241629681012,0.9594208973294862,-0.002046342888165651,-3.389659101960575e-05,0.006271813183080912,2.9740457356742596e-06,,True,False,False,22,True,,,
RS-M1-006,regulator_theta_E_norm,saturating_exponential,0,75,0.0013522480386212565,0.000997253135823585,0.9026466975832764,0.9320236295858413,0.0002627304079448163,0.001924550530159015,0.017642202229118054,0.015656431217981704,1430.9745343914365,True,True,False,22,True,1034.9039108228203,3253.993567561392,True
RS-M1-006,regulator_theta_E_norm,power,0,75,0.001333765339349795,0.0010791230662626015,0.9052897850571398,0.933375921245604,-0.0004063791364990074,0.00084403729662888,8.224025128431312e-26,0.0005210467583908282,0.4238457102654458,True,False,True,22,True,,,
RS-M1-006,regulator_theta_E_norm,linear,600,65,0.0015292093711153064,0.0013206816255522853,0.7683311504706211,0.9449617197565747,-0.0014316947282645726,0.000587400881732798,0.007857663874262249,2.448534933675528e-06,,True,False,False,21,True,,,
RS-M1-006,regulator_theta_E_norm,saturating_exponential,600,65,0.0014454041539751048,0.0010177639979137274,0.7930276467872562,0.9385104802159473,-0.0003016634949314206,0.002134977445997878,0.01712217406155687,0.01712217406155687,1203.8433258864425,True,True,True,21,True,1414.4460607009153,1000000.0,True
RS-M1-006,regulator_theta_E_norm,power,600,65,0.0014108132142649037,0.0011803364109606404,0.8028154979465658,0.9361423631777146,-0.0008822560468904822,0.0010493609709251543,2.6417301533401243e-23,0.0006305916976887834,0.39958909359403577,True,False,True,21,True,,,
RS-M1-006,regulator_theta_I_norm,linear,0,75,2.678817752319631e-05,1.84227829307334e-05,0.7719826501398677,0.7590056392289131,-1.634173912251424e-05,2.1352142101901872e-05,0.00010720436088911839,3.47197918855421e-08,,True,False,False,55,True,,,
RS-M1-006,regulator_theta_I_norm,saturating_exponential,0,75,2.6792571197434726e-05,1.8427504895910194e-05,0.7719078472822837,0.759115020076945,-1.6311369555802572e-05,2.1408031461026905e-05,0.03152923593927992,0.03142208365720903,902937.8378613732,True,True,False,55,True,2642.1600106791047,1000000.0,True
RS-M1-006,regulator_theta_I_norm,power,0,75,2.763918477407748e-05,1.749840372579558e-05,0.7572652158559483,0.765819233176233,-2.974169315804753e-05,1.1142071981940795e-05,0.0001290394958996143,1.2787203509758703e-10,1.6616489739181426,True,False,False,55,True,,,
RS-M1-006,regulator_theta_I_norm,linear,600,65,2.1322070168673694e-05,1.6529298392604114e-05,0.7769084388501524,0.7874480448702804,4.868331787072147e-06,2.358590980221048e-05,0.00011160852752516018,3.313933333105462e-08,,True,False,False,51,True,,,
RS-M1-006,regulator_theta_I_norm,saturating_exponential,600,65,2.1345881555056367e-05,1.654154937146256e-05,0.7764098863672617,0.7879042649337317,4.873250176422886e-06,2.368588302617062e-05,0.017585206951209797,0.017473695822488807,525183.0571551035,True,True,True,51,True,6078.4019398783585,1000000.0,True
RS-M1-006,regulator_theta_I_norm,power,600,65,1.7414719767522683e-05,1.4036851508601006e-05,0.8511813410147764,0.6813448150069427,-6.445070963173802e-06,7.056773153552189e-06,0.00015065145569722195,2.7311155665208905e-14,2.65756371293882,True,False,False,51,True,,,
RS-M1-007,H_norm,linear,0,75,2.844188126075924e-05,2.0108029510481987e-05,0.7784856024343465,0.8704249618684622,-4.622938110392125e-05,-2.597794686851615e-05,0.0001369607673861154,3.8711122343140387e-08,,True,False,False,31,True,,,
RS-M1-007,H_norm,saturating_exponential,0,75,1.530751237456782e-05,1.2063157173987443e-05,0.9358355376878145,0.6036721768182606,5.688083466612715e-07,-1.7029138750735405e-06,0.000283332255541935,0.0002285494527846563,1252.0548202139623,True,True,False,31,True,932.5480980274186,1741.9832124400139,True
RS-M1-007,H_norm,power,0,75,1.6846442527763156e-05,1.3310123532354328e-05,0.922285558493741,0.6759096960618082,-1.1618319953293133e-05,-1.5117906789537133e-05,2.859634792222056e-20,1.8075121611228173e-05,0.33214078873721953,True,False,True,31,True,,,
RS-M1-007,H_norm,linear,600,65,1.8680247869754504e-05,1.4545793239803828e-05,0.7656707438100689,0.7892280722091182,-8.88676310857816e-06,-1.8191530656077097e-05,0.00015868667531759105,3.1684446317919375e-08,,True,False,False,30,True,,,
RS-M1-007,H_norm,saturating_exponential,600,65,1.4604242176823445e-05,1.1079562642368726e-05,0.8567748463221831,0.6598079415355605,1.3848485205479832e-06,-5.567913559321725e-06,0.00029844109349435325,0.00019976332432589025,1793.7127633825382,True,True,False,30,True,1034.9039108228203,3611.1495760753487,True
RS-M1-007,H_norm,power,600,65,1.582337394387946e-05,1.1572913367531197e-05,0.8318644968080413,0.7105313352345041,-2.473564014764118e-06,-1.0980416767715279e-05,1.1366218921319116e-19,2.489693312879615e-05,0.2920278113278416,True,False,True,30,True,,,
RS-M1-007,regulator_theta_E_norm,linear,0,75,0.002016081648418696,0.0015326887517438375,0.6356172193809471,0.9628332862171969,-0.003962210252611009,-0.0019477176476068382,0.008616499613400767,1.8227005423319139e-06,,True,False,False,32,True,,,
RS-M1-007,regulator_theta_E_norm,saturating_exponential,0,75,0.0007130553933891056,0.0005525680897952255,0.954418548472731,0.7739700249944896,-0.0001093950937509103,-0.0005086614245195681,0.014930211903474825,0.013419233185748019,849.0706010007873,True,True,False,32,True,757.2053359925447,1034.9039108228203,True
RS-M1-007,regulator_theta_E_norm,power,0,75,0.0012289147536659363,0.0010125073870660465,0.8646104548891075,0.9216777712852791,-0.001623678832200226,-0.0015915191154888728,1.8479756217233436e-18,0.0012858615428927185,0.3015823101592412,True,False,True,32,True,,,
RS-M1-007,regulator_theta_E_norm,linear,600,65,0.001192238228225783,0.0009707924642792864,0.5586018397536321,0.9049113766142619,-0.0012872669810551369,-0.0012314756496802702,0.010491177001250398,1.2058209281566321e-06,,True,False,False,31,True,,,
RS-M1-007,regulator_theta_E_norm,saturating_exponential,600,65,0.0007209598323413637,0.0005416083284509146,0.8385914371365979,0.7763805251831178,6.955772754378021e-05,-0.0004360208545037089,0.014819033554899698,0.014717361403221342,757.0113429653891,True,True,False,31,True,840.3156525354391,1148.4942244822182,True
RS-M1-007,regulator_theta_E_norm,power,600,65,0.0009837850887184087,0.0007790525340124568,0.6994581856445543,0.8678902734590116,-0.0006676134941256148,-0.0010769177122845947,2.0389683865392613e-23,0.0024776343226699756,0.21902349347039565,True,False,True,31,True,,,
RS-M1-007,regulator_theta_I_norm,linear,0,75,0.0003646265191855837,0.00030809461591336016,0.8107025907863549,0.9142519795222803,7.156748825206737e-05,-6.4474545367486974e-06,-0.00024091343892553187,5.643761633978221e-07,,True,False,False,40,True,,,
RS-M1-007,regulator_theta_I_norm,saturating_exponential,0,75,0.00038593672878645027,0.0003234824357371168,0.7879294367746728,0.9225233562669378,-0.00014637843318314033,8.057329406935038e-05,0.2945661459999597,0.2945661459999597,603626.5833539341,True,True,True,40,True,30.0,1000000.0,True
RS-M1-007,regulator_theta_I_norm,power,0,75,0.00037807103856410266,0.0003220175542889987,0.7964856732548515,0.9211338566000006,-0.00010326369836314881,2.4583923494562837e-06,5.0626417227356865e-40,1.3551583462073662e-07,1.1576332083658307,True,False,True,40,True,,,
RS-M1-007,regulator_theta_I_norm,linear,600,65,0.00038777359770280956,0.0003351251014313715,0.7549889321464973,0.9133928132217335,-0.00017018599358330214,-5.5118099918361525e-05,-0.00037742101701097885,6.0846579106943e-07,,True,False,False,40,True,,,
RS-M1-007,regulator_theta_I_norm,saturating_exponential,600,65,0.00041120566797462894,0.0003489759416937992,0.7244836250531961,0.9217084883832404,-0.00045951852711608436,9.860574251718068e-05,0.014526493581752448,0.014526493581752448,27981.63888062857,True,True,True,40,True,30.0,1000000.0,True
RS-M1-007,regulator_theta_I_norm,power,600,65,0.0004036299658228765,0.00035301334012467056,0.7345418683308766,0.9202039340774172,-0.00038838157720685364,2.5335344981093135e-05,5.72085371692555e-36,2.2406238888086057e-07,1.0960693894943312,True,False,True,40,True,,,
