life,time,native_index,E_before,E_after,I_before,I_after,external_E,external_I,zero_learning_from_jump
RS-M1-001,430.3347888558129,43034,-1.1324624929893697e-13,0.7,0.9313680264295733,0.9313680264295733,0.7000000000001132,0.0,True
RS-M1-001,859.1591090453758,85918,-1.0117456697466328e-13,0.7,0.9083559999807117,0.9083559999807117,0.7000000000001011,0.0,True
RS-M1-001,1287.8902267872709,128792,-8.366482174418442e-14,0.7,0.9048053950672743,0.9048053950672743,0.7000000000000837,0.0,True
RS-M1-001,1804.4140581189781,180445,-5.522786106204863e-15,0.7,0.9049527794969272,0.9049527794969272,0.7000000000000055,0.0,True
RS-M1-001,2235.4171939222406,223546,-2.945957635957586e-14,0.7,0.8924359886274154,0.8924359886274154,0.7000000000000294,0.0,True
RS-M1-001,2707.928792058176,270798,-9.965725017470881e-14,0.7,0.8906239185413835,0.8906239185413835,0.7000000000000997,0.0,True
RS-M1-001,3139.898984284836,313996,-2.964295851620038e-14,0.7,0.8897555421996676,0.8897555421996676,0.7000000000000296,0.0,True
RS-M1-001,3566.152322336265,356622,-4.6561495131226035e-14,0.7,0.8369079811650385,0.8369079811650385,0.7000000000000465,0.0,True
RS-M1-001,3996.138921647719,399621,-2.2307854416242674e-14,0.7,0.816317729736587,0.816317729736587,0.7000000000000223,0.0,True
RS-M1-001,4490.415069788731,449049,-4.29445788961225e-14,0.7,0.8159793762017156,0.8159793762017156,0.7000000000000429,0.0,True
RS-M1-002,428.6577668363388,42866,-1.1001210555863176e-13,0.7,0.9435532044987652,0.9435532044987652,0.70000000000011,0.0,True
RS-M1-002,859.2538335754319,85927,-3.512669010372928e-14,0.7,0.8754309059500127,0.8754309059500127,0.700000000000035,0.0,True
RS-M1-002,1288.5776831508592,128860,-3.119141230023548e-14,0.7,0.8485265290851979,0.8485265290851979,0.7000000000000312,0.0,True
RS-M1-002,1719.2415187917622,171927,-1.1148438349919835e-13,0.7,0.8485265290851979,0.8485265290851979,0.7000000000001114,0.0,True
RS-M1-002,2149.3437208414553,214938,-1.0206912482300565e-13,0.7,0.8463752881455879,0.8463752881455879,0.700000000000102,0.0,True
RS-M1-002,2682.0481377174483,268209,-4.8747057822609574e-14,0.7,0.8410755977028443,0.8410755977028443,0.7000000000000487,0.0,True
RS-M1-002,3158.4986411409295,315855,-1.0925378448952577e-13,0.7,0.8394739844331389,0.8394739844331389,0.7000000000001092,0.0,True
RS-M1-002,3586.0925228036613,358615,-4.559283926417433e-14,0.7,0.8388297855584823,0.8388297855584823,0.7000000000000456,0.0,True
RS-M1-002,4075.5185787264963,407558,-6.409241999703452e-14,0.7,0.8306209729407897,0.8306209729407897,0.700000000000064,0.0,True
RS-M1-003,432.0631417044008,43207,-4.776951149774349e-14,0.7,1.0,1.0,0.7000000000000477,0.0,True
RS-M1-003,862.6800363213879,86270,-3.606123849509389e-14,0.7,1.0,1.0,0.700000000000036,0.0,True
RS-M1-003,1295.852990947301,129588,-5.572943500989705e-14,0.7,1.0,1.0,0.7000000000000557,0.0,True
RS-M1-003,1726.7570488485596,172679,-1.0285730719163414e-13,0.7,1.0,1.0,0.7000000000001028,0.0,True
RS-M1-003,2231.9401451720173,223198,-3.225190432646144e-14,0.7,0.9940726036001769,0.9940726036001769,0.7000000000000322,0.0,True
RS-M1-003,2662.1580174442283,266220,-5.6520473997140157e-14,0.7,0.9940726036001769,0.9940726036001769,0.7000000000000565,0.0,True
RS-M1-003,3094.7912241309596,309484,-5.2649687588184405e-15,0.7,0.9940726036001769,0.9940726036001769,0.7000000000000052,0.0,True
RS-M1-003,3527.019818008262,352707,-8.256645252213961e-14,0.7,0.9940726036001769,0.9940726036001769,0.7000000000000826,0.0,True
RS-M1-003,3957.637530115947,395769,-7.834416268666638e-14,0.7,0.8960698975980209,0.8960698975980209,0.7000000000000783,0.0,True
RS-M1-003,4391.898724600719,439196,-7.777116861477137e-14,0.7,0.8956725333533876,0.8956725333533876,0.7000000000000778,0.0,True
RS-M1-004,493.0447997072285,49305,-1.218822474045346e-13,0.7,0.9945697688456233,0.9945697688456233,0.7000000000001219,0.0,True
RS-M1-004,925.0653010956686,92509,-8.588434844504961e-14,0.7,0.9945697688456233,0.9945697688456233,0.7000000000000859,0.0,True
RS-M1-004,1393.4563368743613,139349,-9.390291194226246e-14,0.7,0.9900974138072358,0.9900974138072358,0.7000000000000939,0.0,True
RS-M1-004,1822.4245287641663,182246,-4.7123756448646387e-14,0.7,0.9871121158374335,0.9871121158374335,0.700000000000047,0.0,True
RS-M1-004,2265.291060847015,226533,-2.0011509132720692e-14,0.7,0.9849107669815058,0.9849107669815058,0.7000000000000199,0.0,True
RS-M1-004,2696.2124806983666,269626,-2.3916648656918237e-14,0.7,0.9849107669815058,0.9849107669815058,0.7000000000000238,0.0,True
RS-M1-004,3128.4262207220854,312848,-9.993005873471222e-14,0.7,0.9478436952935433,0.9478436952935433,0.7000000000000999,0.0,True
RS-M1-004,3638.436074387647,363849,-5.846563264446693e-14,0.7,0.9429424398924802,0.9429424398924802,0.7000000000000585,0.0,True
RS-M1-004,4070.09366968165,407015,-1.0693800107041372e-13,0.7,0.9424510933773824,0.9424510933773824,0.7000000000001069,0.0,True
RS-M1-005,428.08206132573787,42809,-6.712170966607922e-14,0.7,1.0,1.0,0.7000000000000671,0.0,True
RS-M1-005,876.4403610696083,87646,-1.0878909332081611e-13,0.7,0.996025054750747,0.996025054750747,0.7000000000001088,0.0,True
RS-M1-005,1308.1895538718982,130821,-2.2161380396805777e-15,0.7,0.9911984911862193,0.9911984911862193,0.7000000000000022,0.0,True
RS-M1-005,1737.3829859529985,173741,-1.067072989417348e-13,0.7,0.9887045794934136,0.9887045794934136,0.7000000000001066,0.0,True
RS-M1-005,2163.337396876569,216337,-4.891909190826282e-14,0.7,0.9887045794934136,0.9887045794934136,0.7000000000000489,0.0,True
RS-M1-005,2596.5449395947644,259658,-1.0349524412662809e-13,0.7,0.9887045794934136,0.9887045794934136,0.7000000000001034,0.0,True
RS-M1-005,3027.8727026658516,302791,-5.369431638137419e-15,0.7,0.9887045794934136,0.9887045794934136,0.7000000000000053,0.0,True
RS-M1-005,3462.8962418918654,346294,-6.985362809019957e-14,0.7,0.9887045794934136,0.9887045794934136,0.7000000000000698,0.0,True
RS-M1-005,3938.91399455502,393896,-1.0017086173128714e-14,0.7,0.9840778824882885,0.9840778824882885,0.70000000000001,0.0,True
RS-M1-005,4373.041267465733,437309,-5.536863116161871e-14,0.7,0.9721721702989504,0.9721721702989504,0.7000000000000554,0.0,True
RS-M1-006,500.439598462346,50044,-9.767083890526839e-14,0.7,0.9906079406645295,0.9906079406645295,0.7000000000000977,0.0,True
RS-M1-006,933.6793929179422,93369,-1.0653225873615176e-13,0.7,0.986859239159932,0.986859239159932,0.7000000000001065,0.0,True
RS-M1-006,1403.6905694564293,140371,-9.498630689234924e-14,0.7,0.9822514841514035,0.9822514841514035,0.700000000000095,0.0,True
RS-M1-006,1831.6266398661278,183165,-2.172095714555143e-14,0.7,0.9822514841514035,0.9822514841514035,0.7000000000000217,0.0,True
RS-M1-006,2263.537220681391,226357,-5.30696322297521e-14,0.7,0.9822514841514035,0.9822514841514035,0.700000000000053,0.0,True
RS-M1-006,2689.576453005143,268961,-5.334521683436101e-14,0.7,0.9822514841514035,0.9822514841514035,0.7000000000000532,0.0,True
RS-M1-006,3126.1298519636543,312617,-8.088108480896637e-14,0.7,0.9790848351432893,0.9790848351432893,0.7000000000000809,0.0,True
RS-M1-006,3583.3295655373295,358337,-4.80102103092659e-14,0.7,0.9734645211071333,0.9734645211071333,0.7000000000000479,0.0,True
RS-M1-006,4010.8971246343112,401094,-1.795455230075172e-14,0.7,0.9718518552033817,0.9718518552033817,0.7000000000000179,0.0,True
RS-M1-006,4441.894929097166,444194,-6.944370988350764e-14,0.7,0.9620680068439242,0.9620680068439242,0.7000000000000693,0.0,True
RS-M1-007,431.9022300196196,43191,-9.731332069779245e-14,0.7,1.0,1.0,0.7000000000000973,0.0,True
RS-M1-007,860.4572387291821,86048,-1.2692803961198741e-14,0.7,1.0,1.0,0.7000000000000126,0.0,True
RS-M1-007,1294.5132313528766,129454,-7.456916384558383e-14,0.7,1.0,1.0,0.7000000000000746,0.0,True
RS-M1-007,1737.2514467268245,173728,-4.6805899711892685e-14,0.7,0.9625584726912586,0.9625584726912586,0.7000000000000468,0.0,True
RS-M1-007,2286.2294325848475,228626,-9.768371211200076e-14,0.7,0.9206158789498993,0.9206158789498993,0.7000000000000977,0.0,True
RS-M1-007,2753.0423286115006,275308,-9.386528589171248e-15,0.7,0.9189444257343616,0.9189444257343616,0.7000000000000094,0.0,True
RS-M1-007,3268.5373975126836,326858,-3.1487780658150284e-14,0.7,0.907451325143955,0.907451325143955,0.7000000000000315,0.0,True
RS-M1-007,3699.461478312222,369951,-3.908769314486414e-14,0.7,0.907451325143955,0.907451325143955,0.700000000000039,0.0,True
RS-M1-007,4128.989335472331,412904,-5.938974728398726e-14,0.7,0.8838275647267758,0.8838275647267758,0.7000000000000594,0.0,True
RS-M1-008,436.7984135739218,43680,-3.388920715504274e-14,0.7,0.9946380652714369,0.9946380652714369,0.7000000000000338,0.0,True
RS-M1-008,867.6897124687847,86771,-2.001028517011191e-14,0.7,0.9902501184140106,0.9902501184140106,0.7000000000000199,0.0,True
RS-M1-008,1297.3207585404152,129735,-2.987116406820683e-14,0.7,0.9901434833895352,0.9901434833895352,0.7000000000000298,0.0,True
RS-M1-008,1831.2276884160635,183126,-7.773503080110971e-14,0.7,0.9813467474401942,0.9813467474401942,0.7000000000000777,0.0,True
RS-M1-008,2258.964856432062,225900,-1.8836067959288744e-14,0.7,0.9772718580574434,0.9772718580574434,0.7000000000000188,0.0,True
RS-M1-008,2720.5148705411684,272056,-7.327941368994811e-14,0.7,0.972809695081361,0.972809695081361,0.7000000000000732,0.0,True
RS-M1-009,469.3413483829213,46935,-1.0294378840851586e-13,0.7,0.9990222548631799,0.9990222548631799,0.7000000000001029,0.0,True
RS-M1-010,427.96095385825055,42797,-8.003334035403637e-14,0.7,1.0,1.0,0.70000000000008,0.0,True
RS-M1-011,432.7481328396249,43275,-7.0601432821748925e-15,0.7,1.0,1.0,0.7000000000000071,0.0,True
RS-M1-012,429.44326475588264,42945,-3.5056502412620944e-14,0.7,0.9975831519458093,0.9975831519458093,0.700000000000035,0.0,True
