sandbox_status,life_id,status,age,native_steps,waves,resurrections,external_E,external_I,path,maximum_excursion,coverage025,recurrence025,expenditure,source_transfer,damage,repair,final_E,final_I
NON-CANONICAL RESURRECTION SANDBOX,RS-M1-001,OVERNIGHT_COMPLETE,4500.0,450008,22494,10,7.000000000000574,0.0,182.67998217494275,16.381137919129472,620,0.32570806100217864,7.343172119651894,0.3312421086345887,0.19856873925013935,0.012316149519791304,0.6880699889833553,0.8137474102696488
NON-CANONICAL RESURRECTION SANDBOX,RS-M1-002,OVERNIGHT_COMPLETE,4500.0,450007,22495,9,6.300000000000657,0.0,172.7307532719423,15.914212522446002,569,0.3403019744483159,7.32182446611913,0.4732323699076928,0.1870201717406634,0.00696728967552639,0.15140790378932656,0.819947117934866
NON-CANONICAL RESURRECTION SANDBOX,RS-M1-003,OVERNIGHT_COMPLETE,4500.0,450007,22496,10,7.000000000000575,0.0,179.9429337290236,12.84116311699612,642,0.29405286343612336,7.3140679941898945,0.13636280224960734,0.1043274666466114,0.0,0.5222948080602506,0.8956725333533876
NON-CANONICAL RESURRECTION SANDBOX,RS-M1-004,OVERNIGHT_COMPLETE,4500.0,450006,22496,9,6.300000000000658,0.0,167.4123210343525,13.242970349751173,560,0.336104513064133,7.31035487583272,0.31234417138357,0.0575489066226201,0.0,0.001989295551177207,0.9424510933773824
NON-CANONICAL RESURRECTION SANDBOX,RS-M1-005,OVERNIGHT_COMPLETE,4500.0,450005,22494,10,7.000000000000577,0.0,170.84976705649245,12.970685969769178,510,0.4011764705882353,7.303820470869569,0.09753181417535023,0.04109230100694969,1.761186228044048e-05,0.49371134330610444,0.9589253108553311
NON-CANONICAL RESURRECTION SANDBOX,RS-M1-006,OVERNIGHT_COMPLETE,4500.0,450005,22494,10,7.000000000000643,0.0,160.11403833683738,8.505313869984944,420,0.46282051282051284,7.323753290634285,0.2287999105894627,0.038193481356995025,0.0,0.6050466199557812,0.9618065186430064
NON-CANONICAL RESURRECTION SANDBOX,RS-M1-007,OVERNIGHT_COMPLETE,4500.0,450006,22495,9,6.300000000000468,0.0,170.63192143404208,12.454159709407755,563,0.36281179138321995,7.300068733726865,0.4017320310321046,0.17136690857908432,0.005887437651325175,0.1016632973057336,0.8345205290722449
NON-CANONICAL RESURRECTION SANDBOX,RS-M1-008,HOST_NATIVE_CRASH_DURABLE_PREFIX,2968.9548705465913,296900,14841,6,4.200000000000253,0.0,105.75314848764549,13.598795938406397,316,0.378698224852071,4.813959725069372,0.21151633698511796,0.031791160170665585,0.003419547753381265,0.29755661191599153,0.971628387582722
NON-CANONICAL RESURRECTION SANDBOX,RS-M1-009,PILOT_COMPLETE,600.0,60001,2999,1,0.7000000000001029,0.0,21.355324395343192,5.493909242357372,85,0.2631578947368421,0.9695811153172871,0.05865229984903532,0.0024082378762381603,5.377318860605757e-05,0.48907118453183807,0.9976455353123684
NON-CANONICAL RESURRECTION SANDBOX,RS-M1-010,PILOT_COMPLETE,600.0,60001,2999,1,0.70000000000008,0.0,27.729930672382405,9.67631927629059,108,0.2074074074074074,0.9801414761359939,0.0,0.0,0.0,0.4198585238640757,1.0
NON-CANONICAL RESURRECTION SANDBOX,RS-M1-011,PILOT_COMPLETE,600.0,60001,2999,1,0.7000000000000071,0.0,28.993077933058128,5.39900541742418,115,0.17391304347826086,0.9752693191157914,0.09072591495621636,0.005615797715854131,0.0001561822349126815,0.5154565958404349,0.9945403845190555
NON-CANONICAL RESURRECTION SANDBOX,RS-M1-012,PILOT_COMPLETE,600.0,60001,2999,1,0.700000000000035,0.0,25.321936819249554,4.071194230590551,86,0.2796610169491525,0.9795618627315832,0.0,0.004564178328667744,0.00036975207635505297,0.4204381372684508,0.9958055737476892
