life_id,category,avoidance,softening,limitation
FS-002,POSSIBLE SOFTENING,No avoidance trend: later contact rate and damage per equal time increase.,Later individual impacts are gentler than the first; not monotonic and grouping matters.,Local I effect is tiny and mixed in sign; reduced E-dependent force capacity is a major confounder.
FS-010,POSSIBLE AVOIDANCE,No further mover contact; later clearance generally increases.,No later collision to assess softening.,"Single damaging encounter, then repeated noncontact passes; immediate I effects have mixed signs. Injury displacement and drift remain alternatives."
FS-015,POSSIBLE SOFTENING,Four mover encounters; no steadily increasing recontact interval.,Lower later closing speeds/damage; the second encounter has greater total impulse.,"All three later episode-approach probes reduce into-surface force and increase mean attenuation, but effects are small and geometry/phase/E differ."
FS-017,POSSIBLE AVOIDANCE,Later near miss followed by greater clearance; no recontact.,No later contact severity comparison.,All eight nonzero age-block probes reduce into-surface force. One physical encounter plus tiny restoration does not establish a learned avoidance policy.
FS-032,UNRESOLVED,"Greater later clearance and no recontact, despite some close later passes.",No repeated impact opportunity for a severity trend.,"Twelve age-block probes shift force more into the mover, two less; observed separation cannot be attributed to beneficial learned-I action."
FS-033,NO REPEATED OPPORTUNITY,Only one impact; subsequent passes remain separated.,No later impact to compare.,"Most later I probes favor less approach, but later full age-block minima already exceed 0.36 units. No repeated-contact adaptation trend is available."
FS-034,UNRESOLVED,Second mover encounter occurs; later source recontacts also occur.,Mover contact worsens; later source contacts are somewhat softer.,Different colliders and energy transfer must not be pooled into one success. Learned-I directions are mixed.
FS-038,"REPEATED CONTACT, NO CLEAR CHANGE","Longer later gaps and eventual absence, confounded by opportunity and drift.",Second wall impact is worse; third returns near first severity.,Learned-I increases into-surface drive in both later episode-approach probes.
FS-044,EVIDENCE AGAINST BENEFICIAL ADAPTATION,"No contact after 185.73 s, but this alone does not establish learned avoidance.",The three repair-surface impacts get harder and more damaging.,This category applies to the observed softening claim: both later approach probes increase into-surface drive. It is not a universal refutation of I learning.
