life_id,collider,start,end,minimum_clearance,closest_native,closest_time,maximum_clearance,path_length,time_within_0_25,time_within_1,damage,contact_duration,episode_onsets,position_at_closest,orientation_at_closest,commands_at_closest,velocity_at_closest,exposure_duration_basis
FS-017,repair-0,187.82768691543913,210.0,4.0857617289447035e-10,18783,187.82999999997415,0.2385422971310498,0.7276619315707586,22.17231308456087,22.17231308456087,0.0010808748315315035,0.2812543816074585,1,"[0.749482202283067, 12.022749285945576]",3.040135913698041,"[0.11265859282508532, -0.025068795311002964]","[-0.00037469048812253827, 0.008233593094986199]","native endpoint indicator times clipped native-interval overlap; sampled quadrature, not exact continuous gap occupancy"
FS-017,repair-0,210.0,240.0,0.006168402106853099,22479,224.78999999994053,0.19263739103863153,0.9669452278143318,30.0,30.0,0,0,0,"[0.7541318492628175, 12.045360002758562]",2.9614177000381847,"[-0.18766441742879028, -0.10109051469180315]","[-0.00024082501769648074, 2.8208353983978643e-05]","native endpoint indicator times clipped native-interval overlap; sampled quadrature, not exact continuous gap occupancy"
FS-017,repair-0,240.0,270.0,0.10143014684542118,24396,243.9599999999231,0.3596703273014539,0.8974661790568543,16.169999999911994,29.99999999999997,0,0,0,"[0.8500913435372397, 12.040107367729327]",2.8168072188050237,"[0.10535086722651049, -0.19891433420978763]","[-6.679763935346013e-05, -0.0009028637096717919]","native endpoint indicator times clipped native-interval overlap; sampled quadrature, not exact continuous gap occupancy"
FS-017,repair-0,270.0,300.0,0.22617458854606687,28796,287.9599999998831,0.36270527369121663,0.7487780062013343,3.3099999999969896,30.0,0,0,0,"[0.9761745885460669, 11.992757993432575]",2.676688258409202,"[-0.16529933957190396, -0.12423789588219178]","[-0.00028590890358601165, 0.0007680764421444392]","native endpoint indicator times clipped native-interval overlap; sampled quadrature, not exact continuous gap occupancy"
FS-017,repair-0,300.0,330.0,0.2574922278525087,31525,315.2499999998583,0.39497954991290674,0.6647082410933951,0.0,30.0,0,0,0,"[1.0074922278525087, 11.966752841405226]",2.8341815802313017,"[-0.08028464177229806, -0.1892293945305401]","[-0.0002870397701158727, -0.0005351725691181272]","native endpoint indicator times clipped native-interval overlap; sampled quadrature, not exact continuous gap occupancy"
FS-017,repair-0,330.0,360.0,0.33542729834293983,35104,351.03999999982574,0.45105424646491166,0.545219540462023,0.0,30.0,0,0,0,"[1.0854272983429398, 11.94242692541628]",2.7834551947221224,"[-0.16735600418907332, -0.059166832574685274]","[-0.00022417086800840277, 0.00012413244554218078]","native endpoint indicator times clipped native-interval overlap; sampled quadrature, not exact continuous gap occupancy"
FS-017,repair-0,360.0,390.0,0.3328512506621055,38646,386.4599999997935,0.43023487124241955,0.525199042856821,0.0,30.0,0,0,0,"[1.0828512506621055, 11.965197249844213]",2.626176904267674,"[-0.23188111478989923, -0.07642012451148936]","[-0.0002446562869774732, 0.0005462709662233812]","native endpoint indicator times clipped native-interval overlap; sampled quadrature, not exact continuous gap occupancy"
FS-017,repair-0,390.0,420.0,0.3273135984310944,40595,405.9499999997758,0.40451333973858805,0.4461464053978421,0.0,30.0,0,0,0,"[1.0773135984310944, 11.97587736615776]",2.558106984872585,"[0.05306807136749522, -0.24981622123147507]","[-3.324332185624778e-05, -0.0003724939928972797]","native endpoint indicator times clipped native-interval overlap; sampled quadrature, not exact continuous gap occupancy"
FS-017,repair-0,420.0,429.880671472229,0.33672235278607854,42170,421.6999999997615,0.36564978243141955,0.06437738444272867,0.0,9.880671472228983,0,0,0,"[1.0867223527860785, 11.975718264870673]",2.461692809207806,"[-0.17874339532265962, 0.019620471714163687]","[-5.881779460137167e-05, 0.00029579790865187633]","native endpoint indicator times clipped native-interval overlap; sampled quadrature, not exact continuous gap occupancy"
