life_id,collider,collider_type,material,native_index,event_index,onset,end,duration,instant,event_kind,position_start,position_end,orientation,omega,velocity_before,velocity_after,velocity_uncertainty,normal,tangent,collider_velocity,closing_normal_velocity,tangential_centre_velocity,tangential_surface_velocity,command,impulse,force,damage,event_integrity_before,event_integrity_after,restoration,joint_event_restoration,relative_surface_speed_after_recorded
FS-017,repair-0,rect,3,18783,18784,187.82768691543913,187.82768691543913,0.0,True,recontact_or_first_touch,"[0.7494830689738404,12.02273024094872]","[0.7494830689738404,12.02273024094872]",3.040212564982807,-0.0330309733621233,"[-0.05417150688520627,0.005796892999830842]","[-0.0003752109340239909,0.008245029573571351]",2.7837064606592796e-12,"[0.9989661378575481,0.045460481893337845]","[-0.045460481893337845,0.9989661378575481]","[0.0,0.0]",0.053851971465781655,0.008253562619504218,0.024769049300565872,"[0.11265859282508532,-0.025068795311002964]",0.05385197146577715,,0.001077039429315543,1.0,0.9989229605706844,0.0,0.0,0.02476904930054979
FS-017,repair-0,rect,3,18783,18785,187.82768691543913,187.82999999997415,0.0023130845350320733,False,sustained_or_free,"[0.7494830689738404,12.02273024094872]","[0.749482202283067,12.022749285945576]",3.040212564982807,-0.0330309733621233,"[-0.0003752109340239909,0.008245029573571351]","[-0.00037469048811491384,0.008233593095094626]",2.7837064606592796e-12,"[0.9989661378575481,0.045460481893337845]","[-0.045460481893337845,0.9989661378575481]","[0.0,0.0]",4.494018004952416e-15,0.00825356261950422,0.024769049300565872,"[0.11265859282508532,-0.025068795311002964]",5.1519405944825083e-05,0.022273032033440453,0.0,0.9989229605706844,0.9989229687575547,8.18687025902723e-09,8.18687025902723e-09,0.024811176871682605
FS-017,repair-0,rect,3,18784,18787,187.83013695523192,187.83013695523192,0.0,True,recontact_or_first_touch,"[0.7494821505631164,12.022750413466873]","[0.7494821505631164,12.022750413466873]",3.0401313743734755,-0.03314458049326464,"[-0.00037764121934230475,0.008232771168576156]","[-0.0003749917654059067,0.008232891845906561]",1.5624191616599968e-10,"[0.9989643010381855,0.045500826929736525]","[-0.045500826929736525,0.9989643010381855]","[0.0,0.0]",2.6522006299851335e-06,0.008241427483786834,0.024813717730419155,"[0.1123002308772482,-0.026678307570149183]",2.652200818031814e-06,,5.304401636063628e-08,0.9989229687575547,0.9989229157135383,0.0,0.0,0.024813717727596125
FS-017,repair-0,rect,3,18784,18788,187.83013695523192,187.83999999997414,0.009863044742216932,False,sustained_or_free,"[0.7494821505631164,12.022750413466873]","[0.7494784740890056,12.022831129942555]",3.0401313743734755,-0.03314458049326464,"[-0.0003749917654059067,0.008232891845906561]","[-0.0003727524518952765,0.008183728026254857]",1.5624191616599968e-10,"[0.9989643010381855,0.045500826929736525]","[-0.045500826929736525,0.9989643010381855]","[0.0,0.0]",-1.8804668109120848e-13,0.008241427483786836,0.024813717730419155,"[0.1123002308772482,-0.026678307570149183]",0.0002139291810860638,0.021689973702580873,0.0,0.9989229157135383,0.9989229499550792,3.4241540970492065e-08,3.4241540970492065e-08,0.02499509939646983
FS-017,repair-0,rect,3,18785,18790,187.84058764357056,187.84058764357056,0.0,True,recontact_or_first_touch,"[0.7494782477866684,12.022835936987098]","[0.7494782477866684,12.022835936987098]",3.0397801546364285,-0.033633464992679975,"[-0.0003851013413344624,0.008180204078025822]","[-0.0003740186816798653,0.008180710772598895]",3.6413743348008825e-11,"[0.9989564955131611,0.045671873971445384]","[-0.045671873971445384,0.9989564955131611]","[0.0,0.0]",1.1094236644593311e-05,0.008189256298294806,0.025005988794634792,"[0.11179573545119777,-0.028231314218044493]",1.1094236540204864e-05,,2.2188473080409728e-07,0.9989229499550792,0.9989227280703484,0.0,0.0,0.02500598879543499
FS-017,repair-0,rect,3,18785,18791,187.84058764357053,187.84999999997413,0.009412356403593143,False,sustained_or_free,"[0.7494782477866684,12.022835936987098]","[0.7494747476416517,12.022912493788814]",3.0397801546364285,-0.033633464992679975,"[-0.0003740186816798653,0.008180710772598895]","[-0.00037186702953304074,0.008133648837031382]",3.6413743348008825e-11,"[0.9989564955131611,0.045671873971445384]","[-0.045671873971445384,0.9989564955131611]","[0.0,0.0]",1.0438844883983722e-13,0.008189256298294806,0.02500598879463479,"[0.11179573545119777,-0.028231314218044493]",0.00019927052646198773,0.021171162450448297,0.0,0.9989227280703484,0.998922760175911,3.210556249344569e-08,3.210556249344569e-08,0.025178881640748406
FS-017,repair-0,rect,3,18786,18793,187.85056445321862,187.85056445321862,0.0,True,recontact_or_first_touch,"[0.7494745312193765,12.022917082943026]","[0.7494745312193765,12.022917082943026]",3.039440195087686,-0.03410003981874453,"[-0.00038341931297660624,0.008130264564772595]","[-0.0003730577454376513,0.008130739978207851]",3.791004261642157e-11,"[0.9989490623839438,0.04583416588353783]","[-0.04583416588353783,0.9989490623839438]","[0.0,0.0]",1.0372468459040089e-05,0.008139293868306908,0.025189313777679172,"[0.11120680040250973,-0.02978208950398254]",1.037246835612171e-05,,2.074493671224342e-07,0.998922760175911,0.9989225527265438,0.0,0.0,0.025189313778973127
FS-017,repair-0,rect,3,18786,18794,187.85056445321862,187.85999999997412,0.009435546755503864,False,sustained_or_free,"[0.7494745312193765,12.022917082943026]","[0.7494710317235723,12.022993353951453]",3.039440195087686,-0.03410003981874453,"[-0.0003730577454376513,0.008130739978207851]","[-0.0003708842629704092,0.008083369242152508]",3.791004261642157e-11,"[0.9989490623839438,0.04583416588353783]","[-0.04583416588353783,0.9989490623839438]","[0.0,0.0]",1.029183249040555e-13,0.00813929386830691,0.025189313777679176,"[0.11120680040250973,-0.02978208950398254]",0.000194623171397497,0.020626591806560762,0.0,0.9989225527265438,0.9989225843003807,3.1573836861041584e-08,3.1573836861041584e-08,0.025362175206411385
FS-017,repair-0,rect,3,18787,18796,187.86057032207037,187.86057032207037,0.0,True,recontact_or_first_touch,"[0.7494708137276215,12.022997962125059]","[0.7494708137276215,12.022997962125059]",3.039094571063769,-0.03456738172458777,"[-0.0003822330438936413,0.008079949271862666]","[-0.00037206005792514234,0.008080417683508695]",3.752018320162415e-11,"[0.9989416274000255,0.04599592424757531]","[-0.04599592424757531,0.9989416274000255]","[0.0,0.0]",1.0183764280333012e-05,0.008088978837075994,0.02537266969936988,"[0.11053993666068525,-0.031330544577573845]",1.0183764185477465e-05,,2.036752837095493e-07,0.9989225843003807,0.998922380625097,0.0,0.0,0.025372669699489418
FS-017,repair-0,rect,3,18787,18797,187.86057032207034,187.8699999999741,0.009429677903758024,False,sustained_or_free,"[0.7494708137276215,12.022997962125059]","[0.7494673259721046,12.023073709361993]",3.039094571063769,-0.03456738172458777,"[-0.00037206005792514234,0.008080417683508695]","[-0.00036987005838768,0.008032855173577906]",3.752018320162415e-11,"[0.9989416274000255,0.04599592424757531]","[-0.04599592424757531,0.9989416274000255]","[0.0,0.0]",9.48555470281498e-14,0.008088978837075994,0.025372669699369882,"[0.11053993666068525,-0.031330544577573845]",0.0001891900538841214,0.020063257283551877,0.0,0.998922380625097,0.9989224115376566,3.091255960978168e-08,3.091255960978168e-08,0.02554466652660272
FS-017,repair-0,rect,3,18788,18799,187.87057509261174,187.87057509261174,0.0,True,recontact_or_first_touch,"[0.749467106874888,12.023078327013685]","[0.749467106874888,12.023078327013685]",3.038744322577713,-0.035033507773781496,"[-0.0003809772587186623,0.008029404986298479]","[-0.0003710271243636757,0.00802986474120789]",3.7209190668485674e-11,"[0.9989342136943924,0.04615665402481174]","[-0.04615665402481174,0.9989342136943924]","[0.0,0.0]",9.960750395894829e-06,0.008038431991943904,0.02555518587883465,"[0.10980140564177424,-0.032876937443804675]",9.960750386341867e-06,,1.9921500772683736e-07,0.9989224115376566,0.9989222123226489,0.0,0.0,0.025555185877906016
FS-017,repair-0,rect,3,18788,18800,187.87057509261172,187.8799999999741,0.00942490736237506,False,sustained_or_free,"[0.749467106874888,12.023078327013685]","[0.7494636307891855,12.023153557357203]",3.038744322577713,-0.035033507773781496,"[-0.0003710271243636757,0.00802986474120789]","[-0.00036881908424688637,0.007982077767442428]",3.7209190668485674e-11,"[0.9989342136943924,0.04615665402481174]","[-0.04615665402481174,0.9989342136943924]","[0.0,0.0]",9.55290534176978e-15,0.008038431991943904,0.025555185878834655,"[0.10980140564177424,-0.032876937443804675]",0.0001836195792012488,0.019482374960444915,0.0,0.9989222123226489,0.9989222425473279,3.022467896750327e-08,3.022467896750327e-08,0.025726071830199773
FS-017,repair-0,rect,3,18789,18802,187.8805804577584,187.8805804577584,0.0,True,recontact_or_first_touch,"[0.7494634104005192,12.023158188593472]","[0.7494634104005192,12.023158188593472]",3.0383894070224833,-0.03549799013540618,"[-0.0003796807834650098,0.007978592749211075]","[-0.0003699574227102029,0.00797904358388171]",3.686551091749181e-11,"[0.9989268207454016,0.04631637718436426]","[-0.04631637718436426,0.9989268207454016]","[0.0,0.0]",9.733806751931532e-06,0.007987615727368353,0.025736610795071443,"[0.10899687045984245,-0.034421470050104305]",9.733806874412767e-06,,1.9467613748825534e-07,0.9989222425473279,0.9989220478711903,0.0,0.0,0.025736610793955842
FS-017,repair-0,rect,3,18789,18803,187.8805804577584,187.8899999999741,0.009419542215686343,False,sustained_or_free,"[0.7494634104005192,12.023158188593472]","[0.7494599465495092,12.023232895077168]",3.0383894070224833,-0.03549799013540618,"[-0.0003699574227102029,0.00797904358388171]","[-0.0003677302920574222,0.007931010019967861]",3.686551091749181e-11,"[0.9989268207454016,0.04631637718436426]","[-0.04631637718436426,0.9989268207454016]","[0.0,0.0]",-1.2248123522351495e-13,0.007987615727368353,0.025736610795071443,"[0.10899687045984245,-0.034421470050104305]",0.00017789136263073984,0.018885351172851877,0.0,0.9989220478711903,0.9989220773764129,2.950522255878068e-08,2.950522255878068e-08,0.02590613442204002
FS-017,repair-0,rect,3,18790,18805,187.8905863560578,187.8905863560578,0.0,True,recontact_or_first_touch,"[0.7494597247070374,12.023237543406793]","[0.7494597247070374,12.023237543406793]",3.038029847074708,-0.03596036819188627,"[-0.00037834087168811574,0.00792748596665787]","[-0.00036884968177088067,0.007927927547683873]",3.649491096060849e-11,"[0.998919449358111,0.04647508681098285]","[-0.04647508681098285,0.998919449358111]","[0.0,0.0]",9.501456723087494e-06,0.007936503341463879,0.025916687437407014,"[0.10813147392933314,-0.0359643158597006]",9.501456722395339e-06,,1.9002913444790678e-07,0.9989220773764129,0.9989218873472785,0.0,0.0,0.025916687438029835
FS-017,repair-0,rect,3,18790,18806,187.8905863560578,187.89999999997409,0.009413643916272781,False,sustained_or_free,"[0.7494597247070374,12.023237543406793]","[0.7494562736419114,12.02331171940757]",3.038029847074708,-0.03596036819188627,"[-0.00036884968177088067,0.007927927547683873]","[-0.00036660247155065085,0.007879626788100768]",3.649491096060849e-11,"[0.998919449358111,0.04647508681098285]","[-0.04647508681098285,0.998919449358111]","[0.0,0.0]",6.92154666914746e-16,0.007936503341463879,0.02591668743740701,"[0.10813147392933314,-0.0359643158597006]",0.0001720197476088073,0.018273449594948823,0.0,0.9989218873472785,0.9989219161022388,2.8754960260536094e-08,2.8754960260536094e-08,0.026084622123672754
FS-017,repair-0,rect,3,18791,18808,187.90059283118677,187.90059283118677,0.0,True,recontact_or_first_touch,"[0.7494560501703248,12.023316388581337]","[0.7494560501703248,12.023316388581337]",3.0376656658129217,-0.036420231263009896,"[-0.0003769565127288801,0.007876059269062258]","[-0.00036770268594445946,0.00787649127067901]",3.609653471152946e-11,"[0.9989121002842752,0.04663277716004269]","[-0.04663277716004269,0.9989121002842752]","[0.0,0.0]",9.26390505237275e-06,0.007885069435479527,0.02609518506698448,"[0.10720988603111675,-0.03750562164888576]",9.263904984019222e-06,,1.8527809968038444e-07,0.9989219161022388,0.9989217308241392,0.0,0.0,0.026095185067895554
FS-017,repair-0,rect,3,18791,18809,187.90059283118677,187.90999999997408,0.009407168787319191,False,sustained_or_free,"[0.7494560501703248,12.023316388581337]","[0.7494526124664197,12.02339002700129]",3.0376656658129217,-0.036420231263009896,"[-0.00036770268594445946,0.00787649127067901]","[-0.0003654344875505908,0.007827904613688739]",3.609653471152946e-11,"[0.9989121002842752,0.04663277716004269]","[-0.04663277716004269,0.9989121002842752]","[0.0,0.0]",6.835347175424e-14,0.007885069435479527,0.026095185066984477,"[0.10720988603111675,-0.03750562164888576]",0.00016601603529748166,0.017647821470076132,0.0,0.9989217308241392,0.9989217587983896,2.797425046692002e-08,2.797425046692002e-08,0.026261324959905716
FS-017,repair-0,rect,3,18792,18811,187.91059992940131,187.91059992940131,0.0,True,recontact_or_first_touch,"[0.7494523871769472,12.023394721022473]","[0.7494523871769472,12.023394721022473]",3.0372968898936223,-0.036877209508070136,"[-0.000375526624113635,0.007824288942958404]","[-0.00036651528064070147,0.007824711040984162]",3.5669680376751457e-11,"[0.9989047742970159,0.04678944204228261]","[-0.04678944204228261,0.9989047742970159]","[0.0,0.0]",9.02122368412597e-06,0.0078332902618148,0.026271895015849873,"[0.1062363483123652,-0.03904551045851623]",9.021223749055854e-06,,1.8042447498111707e-07,0.9989217587983896,0.9989215783739146,0.0,0.0,0.026271895016143562
FS-017,repair-0,rect,3,18792,18812,187.91059992940131,187.91999999997407,0.009400070572749325,False,sustained_or_free,"[0.7494523871769472,12.023394721022473]","[0.7494489634337836,12.023467814294005]",3.0372968898936223,-0.036877209508070136,"[-0.00036651528064070147,0.007824711040984162]","[-0.0003642252616122367,0.007775821571305368]",3.5669680376751457e-11,"[0.9989047742970159,0.04678944204228261]","[-0.04678944204228261,0.9989047742970159]","[0.0,0.0]",-6.492994076429115e-14,0.007833290261814802,0.026271895015849877,"[0.1062363483123652,-0.03904551045851623]",0.0001598906427180028,0.01700951513933561,0.0,0.9989215783739146,0.9989216055373003,2.7163385599735048e-08,2.7163385599735048e-08,0.026436053063456436
FS-017,repair-0,rect,3,18793,18814,187.92060770660365,187.92060770660365,0.0,True,recontact_or_first_touch,"[0.7494487361210324,12.02347253748275]","[0.7494487361210324,12.02347253748275]",3.0369235489123807,-0.037330970377899855,"[-0.000374050142324398,0.007772152737927503]","[-0.0003652863665420181,0.007772564608136926]",3.521341949443262e-11,"[0.9988974721845769,0.04694507496279785]","[-0.04694507496279785,0.9988974721845769]","[0.0,0.0]",8.773448733801208e-06,0.007781143535319485,0.026446628724269422,"[0.10521471406104796,-0.04058408415709474]",8.773448753668017e-06,,1.7546897507336034e-07,0.9989216055373003,0.9989214300683251,0.0,0.0,0.0264466287235219
FS-017,repair-0,rect,3,18793,18815,187.92060770660365,187.92999999997406,0.009392293370412667,False,sustained_or_free,"[0.7494487361210324,12.02347253748275]","[0.7494453269649162,12.023545077518726]",3.0369235489123807,-0.037330970377899855,"[-0.0003652863665420181,0.007772564608136926]","[-0.00036297376814535347,0.007723357130724362]",3.521341949443262e-11,"[0.9988974721845769,0.04694507496279785]","[-0.04694507496279785,0.9988974721845769]","[0.0,0.0]",-1.986686639851576e-14,0.007781143535319485,0.02644662872426942,"[0.10521471406104796,-0.04058408415709474]",0.00015365308867513466,0.01635948565652434,0.0,0.9989214300683251,0.9989214563909071,2.6322581967970272e-08,2.6322581967970272e-08,0.026608634777439556
FS-017,repair-0,rect,3,18794,18817,187.93061622977652,187.93061622977652,0.0,True,recontact_or_first_touch,"[0.7494450974032862,12.023549834584625]","[0.7494450974032862,12.023549834584625]",3.0365456749969173,-0.037781215150167365,"[-0.00037252601060779175,0.007719629721821525]","[-0.0003640148934599104,0.007720031038006237]",3.4726598796413604e-11,"[0.9988901947483547,0.047099669166504037]","[-0.047099669166504037,0.9988901947483547]","[0.0,0.0]",8.520573299139369e-06,0.007728608288071035,0.02661921586315472,"[0.10414848472934464,-0.042121425734410946]",8.520573324904348e-06,,1.7041146649808695e-07,0.9989214563909071,0.9989212859794406,0.0,0.0,0.026619215862583742
FS-017,repair-0,rect,3,18794,18818,187.93061622977652,187.93999999997405,0.009383770197541512,False,sustained_or_free,"[0.7494450974032862,12.023549834584625]","[0.7494417034903804,12.023621812719153]",3.0365456749969173,-0.037781215150167365,"[-0.0003640148934599104,0.007720031038006237]","[-0.00036167903032342753,0.0076704920317690935]",3.4726598796413604e-11,"[0.9988901947483547,0.047099669166504037]","[-0.047099669166504037,0.9988901947483547]","[0.0,0.0]",-2.5764980426945527e-14,0.007728608288071035,0.02661921586315472,"[0.10414848472934464,-0.042121425734410946]",0.00014731208729189924,0.01569860346009902,0.0,0.9989212859794406,0.9989213114314285,2.5451987884088664e-08,2.5451987884088664e-08,0.026778914937071695
FS-017,repair-0,rect,3,18795,18820,187.94062557929215,187.94062557929215,0.0,True,recontact_or_first_touch,"[0.7494414714297467,12.0236266088482]","[0.7494414714297467,12.0236266088482]",3.0361633023956975,-0.038227675838616484,"[-0.000370953174112017,0.007666700143210537]","[-0.0003626998565376879,0.007667090575157389]",3.420781379872186e-11,"[0.9988829428004068,0.04725321769360574]","[-0.04725321769360574,0.9988829428004068]","[0.0,0.0]",8.262547339437374e-06,0.007675664731708891,0.026789502651017136,"[0.10304084295236539,-0.04365760135010786]",8.262547312291283e-06,,1.6525094624582565e-07,0.9989213114314285,0.9989211461804822,0.0,0.0,0.02678950265080791
FS-017,repair-0,rect,3,18795,18821,187.94062557929215,187.94999999997404,0.009374420681896905,False,sustained_or_free,"[0.7494414714297467,12.0236266088482]","[0.7494380934499069,12.023698015762012]",3.0361633023956975,-0.038227675838616484,"[-0.0003626998565376879,0.007667090575157389]","[-0.00036034011641596927,0.007617208170435537]",3.420781379872186e-11,"[0.9988829428004068,0.04725321769360574]","[-0.04725321769360574,0.9988829428004068]","[0.0,0.0]",2.7146091364366187e-14,0.007675664731708892,0.026789502651017132,"[0.10304084295236539,-0.04365760135010786]",0.00014087562774261364,0.01502766224420255,0.0,0.9989211461804822,0.9989211707321722,2.4551689989565845e-08,2.4551689989565845e-08,0.0269467533137398
FS-017,repair-0,rect,3,18796,18823,187.95063585171545,187.95063585171545,0.0,True,recontact_or_first_touch,"[0.749437858610421,12.023702856720876]","[0.749437858610421,12.023702856720876]",3.0357764670714724,-0.03867011241380089,"[-0.00036933056963482305,0.007613345295356891]","[-0.00036134029090327085,0.007613724506561386]",3.3655385710606916e-11,"[0.9988757171607231,0.04740571343889819]","[-0.04740571343889819,0.9988757171607231]","[0.0,0.0]",7.999272230289759e-06,0.007622294121040166,0.026957350327940607,"[0.10189468248075399,-0.045192662163462925]",7.999272175986357e-06,,1.5998544351972714e-07,0.9989211707321722,0.9989210107467287,0.0,0.0,0.026957350328478954
FS-017,repair-0,rect,3,18796,18824,187.95063585171545,187.95999999997403,0.009364148258591859,False,sustained_or_free,"[0.749437858610421,12.023702856720876]","[0.7494344972919404,12.023773682348512]",3.0357764670714724,-0.03867011241380089,"[-0.00036134029090327085,0.007613724506561386]","[-0.00035895613650399697,0.007563488496832639]",3.3655385710606916e-11,"[0.9988757171607231,0.04740571343889819]","[-0.04740571343889819,0.9988757171607231]","[0.0,0.0]",5.43034042212176e-14,0.007622294121040166,0.026957350327940603,"[0.10189468248075399,-0.045192662163462925]",0.0001343510505489992,0.014347386098434365,0.0,0.9989210107467287,0.9989210343684483,2.362171954436825e-08,2.362171954436825e-08,0.02711202320616218
FS-017,repair-0,rect,3,18797,18826,187.9606471637837,187.9606471637837,0.0,True,recontact_or_first_touch,"[0.7494342593575584,12.023778574614003]","[0.7494342593575584,12.023778574614003]",3.035385206269183,-0.03910831033136157,"[-0.00036765711946966346,0.007559547393485872]","[-0.00035993526762338594,0.007559915038730156]",3.306731485300863e-11,"[0.9988685186537731,0.04755714922508473]","[-0.04755714922508473,0.9988685186537731]","[0.0,0.0]",7.73059883106813e-06,0.007568478631118509,0.027122633796799293,"[0.10071263531568896,-0.046726645967636246]",7.730598874699406e-06,,1.5461197749398814e-07,0.9989210343684483,0.9989208797564708,0.0,0.0,0.027122633796164395
FS-017,repair-0,rect,3,18797,18827,187.96064716378368,187.96999999997402,0.009352836190336906,False,sustained_or_free,"[0.7494342593575584,12.023778574614003]","[0.7494309154732051,12.023848808025065]",3.035385206269183,-0.03910831033136157,"[-0.00035993526762338594,0.007559915038730156]","[-0.00035752623966156977,0.007509316920851413]",3.306731485300863e-11,"[0.9988685186537731,0.04755714922508473]","[-0.04755714922508473,0.9988685186537731]","[0.0,0.0]",-4.363133118689966e-14,0.007568478631118509,0.027122633796799297,"[0.10071263531568896,-0.046726645967636246]",0.00012774511440426668,0.013658435987176748,0.0,0.9989208797564708,0.9989209024185285,2.266205763483263e-08,2.266205763483263e-08,0.027274610164809688
FS-017,repair-0,rect,3,18798,18829,187.97065965723655,187.97065965723655,0.0,True,recontact_or_first_touch,"[0.74943067408369,12.023853758943751]","[0.74943067408369,12.023853758943751]",3.0349895580657287,-0.03954207833700338,"[-0.0003659317175021724,0.007505289440045467]","[-0.00035848388922634055,0.007505645162490173]",3.2441244219175127e-11,"[0.9988613481045804,0.04770751788450317]","[-0.04770751788450317,0.9988613481045804]","[0.0,0.0]",7.456318469102521e-06,0.007514201221956129,0.027285240390457814,"[0.09949709630782148,-0.048259578649190615]",7.456318426941585e-06,,1.4912636853883172e-07,0.9989209024185285,0.9989207532921599,0.0,0.0,0.02728524039021309
FS-017,repair-0,rect,3,18798,18830,187.97065965723655,187.979999999974,0.009340342737462124,False,sustained_or_free,"[0.74943067408369,12.023853758943751]","[0.7494273484582875,12.023923388193397]",3.0349895580657287,-0.03954207833700338,"[-0.00035848388922634055,0.007505645162490173]","[-0.00035604961145244195,0.007454678227895586]",3.2441244219175127e-11,"[0.9988613481045804,0.04770751788450317]","[-0.04770751788450317,0.9988613481045804]","[0.0,0.0]",4.2160936200574817e-14,0.007514201221956129,0.027285240390457814,"[0.09949709630782148,-0.048259578649190615]",0.00012106406429799814,0.0129614156247646,0.0,0.9989207532921599,0.998920774964801,2.1672641174274755e-08,2.1672641174274755e-08,0.02743441083705115
FS-017,repair-0,rect,3,18799,18832,187.98067350571606,187.98067350571606,0.0,True,recontact_or_first_touch,"[0.7494271031990044,12.023928406185044]","[0.7494271031990044,12.023928406185044]",3.034589560848622,-0.03997124656039484,"[-0.00036415321769719364,0.00745055510859471]","[-0.00035698528469544304,0.007450898536516972]",3.1774390279962534e-11,"[0.9988542063334721,0.047856812366996807]","[-0.047856812366996807,0.9988542063334721]","[0.0,0.0]",7.176155384723928e-06,0.0074594455219513375,0.027445068802148767,"[0.09825024545721364,-0.04979147549147433]",7.176155395152377e-06,,1.4352310790304755e-07,0.998920774964801,0.9989206314416931,0.0,0.0,0.027445068800973606
FS-017,repair-0,rect,3,18799,18833,187.98067350571606,187.989999999974,0.009326494257950627,False,sustained_or_free,"[0.7494271031990044,12.023928406185044]","[0.7494237967192259,12.023997418120265]",3.034589560848622,-0.03997124656039484,"[-0.00035698528469544304,0.007450898536516972]","[-0.0003545254719598669,0.007399558002392513]",3.1774390279962534e-11,"[0.9988542063334721,0.047856812366996807]","[-0.047856812366996807,0.9988542063334721]","[0.0,0.0]",-1.0428507016269073e-14,0.0074594455219513375,0.027445068802148767,"[0.09825024545721364,-0.04979147549147433]",0.00011431369116248711,0.012256876807170846,0.0,0.9989206314416931,0.9989206520950611,2.0653367988033047e-08,2.0653367988033047e-08,0.02759133192166914
FS-017,repair-0,rect,3,18800,18835,187.99068892387933,187.99068892387933,0.0,True,recontact_or_first_touch,"[0.7494235471080292,12.024002512938921]","[0.7494235471080292,12.024002512938921]",3.0341852527106656,-0.0403956648849398,"[-0.00036232041706992136,0.007395328593420383]","[-0.0003554386050116901,0.007395659336301706]",3.106346743078753e-11,"[0.9988470941494375,0.04800502587464012]","[-0.04800502587464012,0.9988470941494375]","[0.0,0.0]",6.889755262691846e-06,0.007404195676814548,0.02760202811928445,"[0.09697406812918832,-0.051322342338513]",6.889755297422636e-06,,1.3779510594845274e-07,0.9989206520950611,0.9989205142999551,0.0,0.0,0.02760202811990457
FS-017,repair-0,rect,3,18800,18836,187.99068892387933,187.999999999974,0.009311076094660425,False,sustained_or_free,"[0.7494235471080292,12.024002512938921]","[0.7494202607350978,12.024070892946908]",3.0341852527106656,-0.0403956648849398,"[-0.0003554386050116901,0.007395659336301706]","[-0.0003529530741595298,0.007343942557381087]",3.106346743078753e-11,"[0.9988470941494375,0.04800502587464012]","[-0.04800502587464012,0.9988470941494375]","[0.0,0.0]",-3.473084450242303e-14,0.0074041956768145486,0.027602028119284455,"[0.09697406812918832,-0.051322342338513]",0.00010749939259411439,0.011545324246223431,0.0,0.9989205142999551,0.9989205339040578,1.960410266602335e-08,1.960410266602335e-08,0.027745289222455484
FS-017,repair-0,rect,3,18801,18838,188.00073105264534,188.00073105264534,0.0,True,recontact_or_first_touch,"[0.7494199974141993,12.024076258425492]","[0.7494199974141993,12.024076258425492]",3.033775655793402,-0.040814826868045995,"[-0.0003601941540647012,0.007339387152851794]","[-0.0003538351755874859,0.0073396937092771114]",2.927353457161018e-11,"[0.9988399947545447,0.04815251684742293]","[-0.04815251684742293,0.9988399947545447]","[0.0,0.0]",6.366363429148375e-06,0.007348217680328002,0.027755631114351,"[0.09298841035089948,-0.0528516429526055]",6.3663634922608115e-06,,1.2732726984521623e-07,0.9989205339040578,0.9989204065767879,0.0,0.0,0.027755631114387835
FS-017,repair-0,rect,3,18801,18839,188.00073105264534,188.00999999997399,0.009268947328659263,False,sustained_or_free,"[0.7494199974141993,12.024076258425492]","[0.7494167413903611,12.024143798962236]",3.033775655793402,-0.040814826868045995,"[-0.0003538351755874859,0.0073396937092771114]","[-0.0003512830230622525,0.0072867537541200225]",2.927353457161018e-11,"[0.9988399947545447,0.04815251684742293]","[-0.04815251684742293,0.9988399947545447]","[0.0,0.0]",-6.311238424233645e-14,0.007348217680328001,0.027755631114351,"[0.09298841035089948,-0.0528516429526055]",9.407084757874688e-05,0.010149032489146108,0.0,0.9989204065767879,0.9989204240507962,1.747400827032952e-08,1.747400827032952e-08,0.02788555576950265
FS-017,repair-0,rect,3,18802,18841,188.0107753379254,188.0107753379254,0.0,True,recontact_or_first_touch,"[0.7494164638394903,12.024149444866682]","[0.7494164638394903,12.024149444866682]",3.033362002732887,-0.04120979162762825,"[-0.0003579740553450972,0.007281862619882461]","[-0.00035213048919414004,0.007282145187416384]",2.7601673531027707e-11,"[0.9988329275964575,0.04829888972937294]","[-0.04829888972937294,0.9988329275964575]","[0.0,0.0]",5.850394001773976e-06,0.007290653908397498,0.02789554972221163,"[0.08937906806652966,-0.054232583295882736]",5.850393984326126e-06,,1.1700787968652252e-07,0.9989204240507962,0.9989203070429165,0.0,0.0,0.027895549722218898
FS-017,repair-0,rect,3,18802,18842,188.0107753379254,188.01999999997398,0.009224662048585268,False,sustained_or_free,"[0.7494164638394903,12.024149444866682]","[0.7494132396169645,12.024216122582107]",3.033362002732887,-0.04120979162762825,"[-0.00035213048919414004,0.007282145187416384]","[-0.00034952202138933096,0.007228201431583291]",2.7601673531027707e-11,"[0.9988329275964575,0.04829888972937294]","[-0.04829888972937294,0.9988329275964575]","[0.0,0.0]",1.7447848721374726e-14,0.007290653908397498,0.02789554972221163,"[0.08937906806652966,-0.054232583295882736]",8.196780667046057e-05,0.008885724619367654,0.0,0.9989203070429165,0.9989203225262118,1.5483295352322555e-08,1.5483295352322555e-08,0.028013348519233736
FS-017,repair-0,rect,3,18803,18844,188.02082427270614,188.02082427270614,0.0,True,recontact_or_first_touch,"[0.7494129464365478,12.024222076262157]","[0.7494129464365478,12.024222076262157]",3.0329444111838786,-0.04158265818675653,"[-0.0003556837503976858,0.007222949174561988]","[-0.000350333551327373,0.007223208665091466]",2.596319465293379e-11,"[0.998825892779438,0.048444152519772396]","[-0.048444152519772396,0.998825892779438]","[0.0,0.0]",5.3564880830622285e-06,0.007231699455635453,0.028023028549013725,"[0.08610792684050678,-0.0554807787070309]",5.356488161740338e-06,,1.0712976323480677e-07,0.9989203225262118,0.9989202153964485,0.0,0.0,0.028023028548044136
FS-017,repair-0,rect,3,18803,18845,188.0208242727061,188.02999999997397,0.009175727267849994,False,sustained_or_free,"[0.7494129464365478,12.024222076262157]","[0.7494097562302445,12.024287852222582]",3.0329444111838786,-0.04158265818675653,"[-0.000350333551327373,0.007223208665091466]","[-0.00034767884987344774,0.007168473790037956]",2.596319465293379e-11,"[0.998825892779438,0.048444152519772396]","[-0.048444152519772396,0.998825892779438]","[0.0,0.0]",-7.867811220238496e-14,0.007231699455635453,0.028023028549013725,"[0.08610792684050678,-0.0554807787070309]",7.103648164261353e-05,0.0077417821573132276,0.0,0.9989202153964485,0.9989202290214417,1.3624993272333962e-08,1.3624993272333962e-08,0.02812976649628422
FS-017,repair-0,rect,3,18804,18847,188.03087872617954,188.03087872617954,0.0,True,recontact_or_first_touch,"[0.7494094457511524,12.02429414638841]","[0.7494094457511524,12.02429414638841]",3.0325230459994383,-0.04193526006392368,"[-0.00035332859101965295,0.007162829318970391]","[-0.00034845273317272735,0.0071630665087258315]",2.435443559554799e-11,"[0.9988188913940035,0.04858829277155179]","[-0.04858829277155179,0.9988188913940035]","[0.0,0.0]",4.8816235572667305e-06,0.007171536872643493,0.02813916690460534,"[0.08314137541549387,-0.05660986594076373]",4.8816235745407265e-06,,9.763247149081454e-08,0.9989202290214417,0.9989201313889703,0.0,0.0,0.028139166905484226
FS-017,repair-0,rect,3,18804,18848,188.0308787261795,188.03999999997396,0.009121273794439637,False,sustained_or_free,"[0.7494094457511524,12.02429414638841]","[0.7494062919673248,12.024358978031728]",3.0325230459994383,-0.04193526006392368,"[-0.00034845273317272735,0.0071630665087258315]","[-0.0003457613375853244,0.0071077400787324775]",2.435443559554799e-11,"[0.9988188913940035,0.04858829277155179]","[-0.04858829277155179,0.9988188913940035]","[0.0,0.0]",-1.7273996903016675e-14,0.007171536872643494,0.02813916690460534,"[0.08314137541549387,-0.05660986594076373]",6.116015358577298e-05,0.00670522067028143,0.0,0.9989201313889703,0.9989201432841033,1.189513304211268e-08,1.189513304211268e-08,0.02823580389021287
FS-017,repair-0,rect,3,18805,18850,188.04094004887804,188.04094004887804,0.0,True,recontact_or_first_touch,"[0.7494059620910754,12.024365653942752]","[0.7494059620910754,12.024365653942752]",3.0320980344356037,-0.04226927092842479,"[-0.0003509139237293721,0.007101663535832941]","[-0.00034649552025767564,0.007101879106527212]",2.2765844498752904e-11,"[0.998811924053962,0.048731307879249605]","[-0.048731307879249605,0.998811924053962]","[0.0,0.0]",4.423659117944016e-06,0.007110326714665534,0.02824496217887793,"[0.08044893219519454,-0.05763219869437997]",4.423659114684092e-06,,8.847318229368185e-08,0.9989201432841033,0.9989200548109209,0.0,0.0,0.028244962179213386
FS-017,repair-0,rect,3,18805,18851,188.040940048878,188.04999999997395,0.009059951095922062,False,sustained_or_free,"[0.7494059620910754,12.024365653942752]","[0.749402847491435,12.0244294917381]",3.0320980344356037,-0.04226927092842479,"[-0.00034649552025767564,0.007101879106527212]","[-0.0003437766503739778,0.007046152310613419]",2.2765844498752904e-11,"[0.998811924053962,0.048731307879249605]","[-0.048731307879249605,0.998811924053962]","[0.0,0.0]",3.2599248821207905e-15,0.007110326714665535,0.02824496217887793,"[0.08044893219519454,-0.05763219869437997]",5.223221795295451e-05,0.0057651765886975416,0.0,0.9989200548109209,0.9989200650993867,1.0288465746069555e-08,1.0288465746069555e-08,0.02833235974914609
FS-017,repair-0,rect,3,18806,18853,188.05101009409498,188.05101009409498,0.0,True,recontact_or_first_touch,"[0.7494024955303443,12.024436602388418]","[0.7494024955303443,12.024436602388418]",3.031669466219015,-0.04258621805552789,"[-0.00034844385625585174,0.007039591825484474]","[-0.00034446856253512786,0.007039786343279038]",2.1187265749148647e-11,"[0.9988049909044252,0.048873204769189646]","[-0.048873204769189646,0.9988049909044252]","[0.0,0.0]",3.980049899912652e-06,0.007048209017161244,0.02834131804492519,"[0.07800295653387845,-0.05855896732458222]",3.98004991657505e-06,,7.9600998331501e-08,0.9989200650993867,0.9989199854983883,0.0,0.0,0.02834131804405207
FS-017,repair-0,rect,3,18806,18854,188.05101009409498,188.05999999997394,0.008989905878959958,False,sustained_or_free,"[0.7494024955303443,12.024436602388418]","[0.7493994233976864,12.024499386514115]",3.031669466219015,-0.04258621805552789,"[-0.00034446856253512786,0.007039786343279038]","[-0.0003417313483918768,0.006983846832527001]",2.1187265749148647e-11,"[0.9988049909044252,0.048873204769189646]","[-0.048873204769189646,0.9988049909044252]","[0.0,0.0]",-1.6662398457517602e-14,0.007048209017161244,0.028341318044925193,"[0.07800295653387845,-0.05855896732458222]",4.415664412152321e-05,0.004911802716963672,0.0,0.9989199854983883,0.998919994297429,8.799040618816709e-09,8.799040618816709e-09,0.028420246784938763
FS-017,repair-0,rect,3,18807,18856,188.0610914976402,188.0610914976402,0.0,True,recontact_or_first_touch,"[0.7493990458255674,12.02450700160243]","[0.7493990458255674,12.02450700160243]",3.0312373824091763,-0.04288750229053995,"[-0.0003459211418210683,0.006976733482670882]","[-0.0003423776668003007,0.006976907371565421]",1.960724027735129e-11,"[0.9987980914533154,0.049014003195152464]","[-0.049014003195152464,0.9987980914533154]","[0.0,0.0]",3.5477390328768994e-06,0.006985303067020608,0.02842905421229058,"[0.07577838650616969,-0.05940030720774743]",3.547739078687694e-06,,7.095478157375389e-08,0.998919994297429,0.9989199233426473,0.0,0.0,0.02842905421188937
FS-017,repair-0,rect,3,18807,18857,188.0610914976402,188.06999999997393,0.008908502333719795,False,sustained_or_free,"[0.7493990458255674,12.02450700160243]","[0.7493960202178853,12.024568656863812]",3.0312373824091763,-0.04288750229053995,"[-0.0003423776668003007,0.006976907371565421]","[-0.00033963146314828563,0.006920945751825757]",1.960724027735129e-11,"[0.9987980914533154,0.049014003195152464]","[-0.049014003195152464,0.9987980914533154]","[0.0,0.0]",-4.581084860413864e-14,0.006985303067020609,0.028429054212290583,"[0.07577838650616969,-0.05940030720774743]",3.684711618744076e-05,0.0041361740511611945,0.0,0.9989199233426473,0.9989199307631238,7.42047640451382e-09,7.42047640451382e-09,0.02850019937058469
FS-017,repair-0,rect,3,18808,18859,188.07120242681015,188.07120242681015,0.0,True,recontact_or_first_touch,"[0.7493956073147665,12.02457696935151]","[0.7493956073147665,12.02457696935151]",3.030801138581374,-0.04317481123155775,"[-0.00034339146995872056,0.006913092296904002]","[-0.0003402246342558384,0.006913248147742237]",1.779848887879592e-11,"[0.9987912145740211,0.049153938700289605]","[-0.049153938700289605,0.9987912145740211]","[0.0,0.0]",3.1706683629653806e-06,0.0069216148949516115,0.02850902051073049,"[0.07375250081285528,-0.06016539691562564]",3.1706683605870205e-06,,6.341336721174042e-08,0.9989199307631238,0.9989198673497566,0.0,0.0,0.02850902051048774
FS-017,repair-0,rect,3,18808,18860,188.07120242681015,188.07999999997392,0.008797573163780725,False,sustained_or_free,"[0.7493956073147665,12.02457696935151]","[0.7493926382751094,12.024637299221379]",3.030801138581374,-0.04317481123155775,"[-0.0003402246342558384,0.006913248147742237]","[-0.00033748394038411294,0.006857558186181425]",1.779848887879592e-11,"[0.9987912145740211,0.049153938700289605]","[-0.049153938700289605,0.9987912145740211]","[0.0,0.0]",2.3783600956728268e-15,0.006921614894951611,0.02850902051073049,"[0.07375250081285528,-0.06016539691562564]",3.0177665168406676e-05,0.003430226109701137,0.0,0.9989198673497566,0.9989198734860707,6.136314129444133e-09,6.136314129444133e-09,0.02857288081301769
FS-017,repair-0,rect,3,18809,18862,188.08131039013912,188.08131039013912,0.0,True,recontact_or_first_touch,"[0.7493921917835078,12.024646274070387]","[0.7493921917835078,12.024646274070387]",3.030362266097738,-0.043448305877346945,"[-0.00034073180143855635,0.006848989901048201]","[-0.0003380216620688558,0.006849123653315004]",1.6332161011520232e-11,"[0.9987843834873358,0.049292548136840704]","[-0.049292548136840704,0.9987843834873358]","[0.0,0.0]",2.7134378481835446e-06,0.006857459694553579,0.028581612633227057,"[0.07190470291654895,-0.06086254748591439]",2.7134378695809246e-06,,5.4268757391618496e-08,0.9989198734860707,0.9989198192173133,0.0,0.0,0.0285816126335544
FS-017,repair-0,rect,3,18809,18863,188.08131039013912,188.0899999999739,0.008689609834787986,False,sustained_or_free,"[0.7493921917835078,12.024646274070387]","[0.7493892782407978,12.024705309382403]",3.030362266097738,-0.043448305877346945,"[-0.0003380216620688558,0.006849123653315004]","[-0.0003352903945488168,0.006793781670188844]",1.6332161011520232e-11,"[0.9987843834873358,0.049292548136840704]","[-0.049292548136840704,0.9987843834873358]","[0.0,0.0]",-2.1397434605413546e-14,0.006857459694553579,0.028581612633227057,"[0.07190470291654895,-0.06086254748591439]",2.4214151361026295e-05,0.0027865637032502143,0.0,0.9989198192173133,0.9989198241847032,4.9673898694426504e-09,4.9673898694426504e-09,0.02863888991364595
FS-017,repair-0,rect,3,18810,18865,188.09146637259457,188.09146637259457,0.0,True,recontact_or_first_touch,"[0.7493887825239214,12.024715257535567]","[0.7493887825239214,12.024715257535567]",3.029918663292516,-0.043710290781115005,"[-0.0003380565549639747,0.006784191837225773]","[-0.00033576215719509746,0.006784305389299291]",1.4594943188245966e-11,"[0.9987775649164559,0.04943051506463092]","[-0.04943051506463092,0.9987775649164559]","[0.0,0.0]",2.297205959630002e-06,0.006792608912743299,0.0286477543033008,"[0.07021632320493752,-0.061499281496908566]",2.29720595402961e-06,,4.5944119080592206e-08,0.9989198241847032,0.9989197782405841,0.0,0.0,0.02864775430359021
FS-017,repair-0,rect,3,18810,18866,188.09146637259457,188.0999999999739,0.008533627379332508,False,sustained_or_free,"[0.7493887825239214,12.024715257535567]","[0.7493859403155553,12.024772686311035]",3.029918663292516,-0.043710290781115005,"[-0.00033576215719509746,0.006784305389299291]","[-0.00033305981615608843,0.006729702729641535]",1.4594943188245966e-11,"[0.9987775649164559,0.04943051506463092]","[-0.04943051506463092,0.9987775649164559]","[0.0,0.0]",5.600392111865249e-15,0.006792608912743299,0.0286477543033008,"[0.07021632320493752,-0.061499281496908566]",1.8762132472374403e-05,0.002198611638213099,0.0,0.9989197782405841,0.9989197821208131,3.880228972795281e-09,3.880228972795281e-09,0.02869876700058415
FS-017,repair-0,rect,3,18811,18868,188.1016946453531,188.1016946453531,0.0,True,recontact_or_first_touch,"[0.7493853720361043,12.024784072002513]","[0.7493853720361043,12.024784072002513]",3.029469352067019,-0.04396210997136174,"[-0.0003353382707192103,0.006718627753877469]","[-0.00033344445543006575,0.006718721742322293]",1.2629041438256236e-11,"[0.998770744014951,0.049568144002183866]","[-0.049568144002183866,0.998770744014951]","[0.0,0.0]",1.8961461416452095e-06,0.006726990936192152,0.028708045921873024,"[0.0686704443084784,-0.06208240960685824]",1.8961461381333702e-06,,3.7922922762667403e-08,0.9989197821208131,0.9989197441978903,0.0,0.0,0.02870804592233216
FS-017,repair-0,rect,3,18811,18869,188.1016946453531,188.1099999999739,0.008305354620806777,False,sustained_or_free,"[0.7493853720361043,12.024784072002513]","[0.7493826246409214,12.024839430499108]",3.029469352067019,-0.04396210997136174,"[-0.00033344445543006575,0.006718721742322293]","[-0.0003307980584030355,0.006665398303038546]",1.2629041438256236e-11,"[0.998770744014951,0.049568144002183866]","[-0.049568144002183866,0.998770744014951]","[0.0,0.0]",3.5118934670064217e-15,0.006726990936192151,0.02870804592187302,"[0.0686704443084784,-0.06208240960685824]",1.3789741689555312e-05,0.0016603435156168909,0.0,0.9989197441978903,0.9989197470710487,2.8731584119718776e-09,2.8731584119718776e-09,0.02875299934198323
FS-017,repair-0,rect,3,18812,18871,188.1119979648436,188.1119979648436,0.0,True,recontact_or_first_touch,"[0.7493819603353231,12.02485272168112]","[0.7493819603353231,12.02485272168112]",3.029014278678386,-0.044204449388816035,"[-0.00033249113054079483,0.006652360215408099]","[-0.00033107125657517105,0.006652430878217918]",1.07118340140942e-11,"[0.9987639205042335,0.049705443353956956]","[-0.049705443353956956,0.9987639205042335]","[0.0,0.0]",1.421631214724951e-06,0.006660663988402168,0.028762888682810187,"[0.0672517361301628,-0.0626180936625372]",1.421631214818951e-06,,2.8432624296379022e-08,0.9989197470710487,0.9989197186384244,0.0,0.0,0.0287628886827333
FS-017,repair-0,rect,3,18812,18872,188.1119979648436,188.11999999997388,0.008002035130298058,False,sustained_or_free,"[0.7493819603353231,12.02485272168112]","[0.7493793315984317,12.02490554260749]",3.029014278678386,-0.044204449388816035,"[-0.00033107125657517105,0.006652430878217918]","[-0.0003285085417124192,0.006600936575572476]",1.07118340140942e-11,"[0.9987639205042335,0.049705443353956956]","[-0.049705443353956956,0.9987639205042335]","[0.0,0.0]",-9.400032835449323e-17,0.006660663988402169,0.028762888682810187,"[0.0672517361301628,-0.0626180936625372]",9.332534729870866e-06,0.001166270152268533,0.0,0.9989197186384244,0.9989197205962463,1.9578218519842627e-09,1.9578218519842627e-09,0.02880202607716756
FS-017,repair-0,rect,3,18813,18874,188.12264642720834,188.12264642720834,0.0,True,recontact_or_first_touch,"[0.7493784594924774,12.024922965907216]","[0.7493784594924774,12.024922965907216]",3.0285414844156175,-0.04444377246693901,"[-0.000329540877975091,0.006583706326313364]","[-0.0003285818162843984,0.006583754191136858]",8.087126644543977e-12,"[0.9987569189156568,0.049845931810972785]","[-0.049845931810972785,0.9987569189156568]","[0.0,0.0]",9.602553382762296e-07,0.006591948517646728,0.028813834751116228,"[0.06594630946170336,-0.06311190722602286]",9.602553659741257e-07,,1.9205107319482514e-08,0.9989197205962463,0.9989197013911391,0.0,0.0,0.02881383475094642
FS-017,repair-0,rect,3,18813,18875,188.12264642720834,188.12999999997388,0.007353572765538888,False,sustained_or_free,"[0.7493784594924774,12.024922965907216]","[0.7493760606298417,12.024971031628285]",3.0285414844156175,-0.04444377246693901,"[-0.0003285818162843984,0.006583754191136858]","[-0.0003262172976496487,0.006536376616048482]",8.087126644543977e-12,"[0.9987569189156568,0.049845931810972785]","[-0.049845931810972785,0.9987569189156568]","[0.0,0.0]",-2.769795027016131e-14,0.006591948517646728,0.028813834751116228,"[0.06594630946170336,-0.06311190722602286]",5.232174653115138e-06,0.0007115146364818369,0.0,0.9989197013911391,0.9989197024957135,1.104574454489952e-09,1.104574454489952e-09,0.02884624262670354
FS-017,repair-0,rect,3,18814,18877,188.13454078599247,188.13454078599247,0.0,True,recontact_or_first_touch,"[0.7493745800015333,12.025000578139139]","[0.7493745800015333,12.025000578139139]",3.028010522427075,-0.04469869080428723,"[-0.00032607312970580737,0.0065069154840261545]","[-0.00032576155353093467,0.006506931082706621]",4.713309388404094e-12,"[0.9987491598852164,0.05000115627237736]","[-0.05000115627237736,0.9987491598852164]","[0.0,0.0]",3.11966386874567e-07,0.006515080406629872,0.02886442580877349,"[0.06474159042011453,-0.06356889770485426]",3.119663949539873e-07,,6.239327899079747e-09,0.9989197024957135,0.9989196962563855,0.0,0.0,0.028864425808791953
FS-017,repair-0,rect,3,18814,18878,188.13454078599244,188.13999999997387,0.0054592139814178525,False,sustained_or_free,"[0.7493745800015333,12.025000578139139]","[0.7493728112100111,12.025035908903035]",3.028010522427075,-0.04469869080428723,"[-0.00032576155353093467,0.006506931082706621]","[-0.00032400113427873904,0.0064717675506003386]",4.713309388404094e-12,"[0.9987491598852164,0.05000115627237736]","[-0.05000115627237736,0.9987491598852164]","[0.0,0.0]",-8.079420379253355e-15,0.006515080406629872,0.02886442580877349,"[0.06474159042011453,-0.06356889770485426]",1.5915882772108581e-06,0.00029154165464631505,0.0,0.9989196962563855,0.9989196965943538,3.3796819014404815e-10,3.3796819014404815e-10,0.02888600478368023
