life_id,episodes,bouts,grouping_sensitivity,total_damage,first_damage,first_I_trend,first_credit_time,first_I_eligibility_norm,first_I_bank_norm,final_I_bank_norm,final_I_reference_norm,final_learned_I_output_norm,maximum_local_command_difference,ageblock_less_into_count,ageblock_more_into_count,ageblock_zero_count,windows,uncertain_contact_velocities
FS-002,7,8,"{""0.01"":8,""0.05"":7,""0.1"":3}",0.0033378151683539164,160.8075353959947,-0.0005443220312477126,160.99999999999855,0.9273934779440812,5.0480070168040314e-06,6.861122794440026e-05,2.319727930469107e-06,0.00014526589148632885,3.5288770843337295e-07,5,4,1,25,0
FS-010,1,1,"{""0.01"":1,""0.05"":1,""0.1"":1}",0.016924086891374437,6.928214356550966,-0.007656345202550041,6.999999999999895,1.216646705682643,9.31506716825162e-05,0.000972791481822565,8.017921090777576e-05,0.0017580724140191998,1.4868301315454378e-05,9,6,0,17,0
FS-015,4,5,"{""0.01"":4,""0.05"":4,""0.1"":4}",0.007132234115457371,6.7724581879461745,-0.0016031804173505804,6.7999999999998995,0.9307131510614262,1.4921010979523314e-05,0.0001345906606673999,1.0275255623236693e-05,0.0002521944056463393,1.4743550323313129e-06,11,3,1,24,0
FS-017,1,1,"{""0.01"":1,""0.05"":1,""0.1"":1}",0.0010808748315315035,187.82768691543913,-0.0005397330479711138,187.999999999974,1.0585918849412919,5.7135702461685025e-06,4.9787117466010385e-05,2.3615792117617677e-06,0.00010265017350918453,5.435504162768539e-07,8,0,1,11,0
FS-032,1,1,"{""0.01"":1,""0.05"":1,""0.1"":1}",0.004759824244276347,9.240306242503788,-0.0023799121221381725,9.399999999999844,1.0946480877129965,2.6051662534235304e-05,0.0002669669048829626,2.189220945946991e-05,0.000487880875749863,1.1145234824997284e-06,2,12,1,17,0
FS-033,1,1,"{""0.01"":1,""0.05"":1,""0.1"":1}",0.00919267427352074,1.5488846670106675,-0.004596337136760387,1.6000000000000012,0.7134309342587363,3.2791690976470884e-05,0.0003090967022501452,2.576189291289402e-05,0.0005598491957506576,2.2781201081313138e-06,11,3,1,17,0
FS-034,5,5,"{""0.01"":5,""0.05"":5,""0.1"":3}",0.009432605461918379,10.612716224725387,-0.0016913354694844673,10.799999999999814,0.7311537664682172,1.2366262988748591e-05,0.00021151745344764303,1.5899904167542007e-05,0.0003975116365696711,1.882675408922725e-06,10,19,1,40,0
FS-038,3,3,"{""0.01"":3,""0.05"":3,""0.1"":3}",0.0024910259581503724,29.98567265545076,-0.00026342311481775127,30.00000000000189,1.3047711043249273,3.4370686842546948e-06,7.197779868618482e-05,5.139204601927266e-06,0.0001376809805767433,6.542337318557285e-07,3,11,1,21,0
FS-044,3,3,"{""0.01"":3,""0.05"":3,""0.1"":3}",0.0023284717807219055,52.586560086268264,-0.00017245624149897498,52.599999999998104,0.8370836527887442,1.4436030058017982e-06,4.6438244969658096e-05,2.399737669690109e-06,9.46820166432225e-05,6.119645882824564e-07,7,6,1,20,0
