case_id,status,native_steps,duration_s,has_closed_receipt
MC-FS-001-CURRENT,COMPLETE_90_SECONDS,9000,90.0,True
MC-FS-001-M1,COMPLETE_90_SECONDS,9000,90.0,True
MC-FS-001-M2,COMPLETE_90_SECONDS,9000,90.0,True
MC-FS-002-CURRENT,COMPLETE_90_SECONDS,9000,90.0,True
MC-FS-002-M1,COMPLETE_90_SECONDS,9000,90.0,True
MC-FS-002-M2,COMPLETE_90_SECONDS,9000,90.0,True
MC-FS-003-CURRENT,COMPLETE_90_SECONDS,9000,90.0,True
MC-FS-003-M1,COMPLETE_90_SECONDS,9000,90.0,True
MC-FS-003-M2,COMPLETE_90_SECONDS,9000,90.0,True
