life,start,end,damage_per_path,collision_given_approach,productive_bouts_per_path,productive_given_source_approach,source_dwell,repair,spatial,causal_development
RS-M1-001,0,600,unresolved: first-band reference,unresolved: first-band reference,unresolved: first-band reference,unresolved: first-band reference,unresolved: first-band reference,no opportunity,mixed/unresolved: novelty and recurrence are descriptive; neither has a universal preferred sign,unresolved for every cell; signs compare the previous unequal-duration band and are not skill scores
RS-M1-001,600,1500,improving descriptively,improving descriptively,improving descriptively,no opportunity,no opportunity,unresolved: opportunity present; accidental contact possible,mixed/unresolved: novelty and recurrence are descriptive; neither has a universal preferred sign,unresolved for every cell; signs compare the previous unequal-duration band and are not skill scores
RS-M1-001,1500,2500,worsening descriptively,worsening descriptively,improving descriptively,unchanged,improving descriptively,no opportunity,mixed/unresolved: novelty and recurrence are descriptive; neither has a universal preferred sign,unresolved for every cell; signs compare the previous unequal-duration band and are not skill scores
RS-M1-001,2500,3500,worsening descriptively,worsening descriptively,improving descriptively,worsening descriptively,worsening descriptively,no opportunity,mixed/unresolved: novelty and recurrence are descriptive; neither has a universal preferred sign,unresolved for every cell; signs compare the previous unequal-duration band and are not skill scores
RS-M1-001,3500,4500,improving descriptively,worsening descriptively,improving descriptively,improving descriptively,worsening descriptively,unresolved: opportunity present; accidental contact possible,mixed/unresolved: novelty and recurrence are descriptive; neither has a universal preferred sign,unresolved for every cell; signs compare the previous unequal-duration band and are not skill scores
RS-M1-002,0,600,unresolved: first-band reference,unresolved: first-band reference,unresolved: first-band reference,unresolved: first-band reference,unresolved: first-band reference,no opportunity,mixed/unresolved: novelty and recurrence are descriptive; neither has a universal preferred sign,unresolved for every cell; signs compare the previous unequal-duration band and are not skill scores
RS-M1-002,600,1500,worsening descriptively,worsening descriptively,unchanged,no opportunity,no opportunity,no opportunity,mixed/unresolved: novelty and recurrence are descriptive; neither has a universal preferred sign,unresolved for every cell; signs compare the previous unequal-duration band and are not skill scores
RS-M1-002,1500,2500,improving descriptively,worsening descriptively,improving descriptively,improving descriptively,no opportunity,unresolved: opportunity present; accidental contact possible,mixed/unresolved: novelty and recurrence are descriptive; neither has a universal preferred sign,unresolved for every cell; signs compare the previous unequal-duration band and are not skill scores
RS-M1-002,2500,3500,worsening descriptively,unchanged,improving descriptively,unchanged,improving descriptively,unresolved: opportunity present; accidental contact possible,mixed/unresolved: novelty and recurrence are descriptive; neither has a universal preferred sign,unresolved for every cell; signs compare the previous unequal-duration band and are not skill scores
RS-M1-002,3500,4500,worsening descriptively,worsening descriptively,improving descriptively,unchanged,worsening descriptively,no opportunity,mixed/unresolved: novelty and recurrence are descriptive; neither has a universal preferred sign,unresolved for every cell; signs compare the previous unequal-duration band and are not skill scores
RS-M1-003,0,600,unresolved: first-band reference,unresolved: first-band reference,unresolved: first-band reference,unresolved: first-band reference,unresolved: first-band reference,no opportunity,mixed/unresolved: novelty and recurrence are descriptive; neither has a universal preferred sign,unresolved for every cell; signs compare the previous unequal-duration band and are not skill scores
RS-M1-003,600,1500,unchanged,no opportunity,unchanged,no opportunity,no opportunity,no opportunity,mixed/unresolved: novelty and recurrence are descriptive; neither has a universal preferred sign,unresolved for every cell; signs compare the previous unequal-duration band and are not skill scores
RS-M1-003,1500,2500,worsening descriptively,no opportunity,improving descriptively,no opportunity,no opportunity,no opportunity,mixed/unresolved: novelty and recurrence are descriptive; neither has a universal preferred sign,unresolved for every cell; signs compare the previous unequal-duration band and are not skill scores
RS-M1-003,2500,3500,improving descriptively,no opportunity,worsening descriptively,no opportunity,no opportunity,no opportunity,mixed/unresolved: novelty and recurrence are descriptive; neither has a universal preferred sign,unresolved for every cell; signs compare the previous unequal-duration band and are not skill scores
RS-M1-003,3500,4500,worsening descriptively,no opportunity,improving descriptively,no opportunity,no opportunity,unresolved: opportunity present; accidental contact possible,mixed/unresolved: novelty and recurrence are descriptive; neither has a universal preferred sign,unresolved for every cell; signs compare the previous unequal-duration band and are not skill scores
RS-M1-004,0,600,unresolved: first-band reference,unresolved: first-band reference,unresolved: first-band reference,unresolved: first-band reference,unresolved: first-band reference,no opportunity,mixed/unresolved: novelty and recurrence are descriptive; neither has a universal preferred sign,unresolved for every cell; signs compare the previous unequal-duration band and are not skill scores
RS-M1-004,600,1500,improving descriptively,worsening descriptively,worsening descriptively,worsening descriptively,worsening descriptively,no opportunity,mixed/unresolved: novelty and recurrence are descriptive; neither has a universal preferred sign,unresolved for every cell; signs compare the previous unequal-duration band and are not skill scores
RS-M1-004,1500,2500,improving descriptively,improving descriptively,worsening descriptively,unchanged,worsening descriptively,no opportunity,mixed/unresolved: novelty and recurrence are descriptive; neither has a universal preferred sign,unresolved for every cell; signs compare the previous unequal-duration band and are not skill scores
RS-M1-004,2500,3500,worsening descriptively,worsening descriptively,improving descriptively,improving descriptively,improving descriptively,no opportunity,mixed/unresolved: novelty and recurrence are descriptive; neither has a universal preferred sign,unresolved for every cell; signs compare the previous unequal-duration band and are not skill scores
RS-M1-004,3500,4500,improving descriptively,worsening descriptively,worsening descriptively,unchanged,worsening descriptively,no opportunity,mixed/unresolved: novelty and recurrence are descriptive; neither has a universal preferred sign,unresolved for every cell; signs compare the previous unequal-duration band and are not skill scores
RS-M1-005,0,600,unresolved: first-band reference,unresolved: first-band reference,unresolved: first-band reference,unresolved: first-band reference,unresolved: first-band reference,unresolved: opportunity present; accidental contact possible,mixed/unresolved: novelty and recurrence are descriptive; neither has a universal preferred sign,unresolved for every cell; signs compare the previous unequal-duration band and are not skill scores
RS-M1-005,600,1500,worsening descriptively,worsening descriptively,worsening descriptively,worsening descriptively,no opportunity,unresolved: opportunity present; accidental contact possible,mixed/unresolved: novelty and recurrence are descriptive; neither has a universal preferred sign,unresolved for every cell; signs compare the previous unequal-duration band and are not skill scores
RS-M1-005,1500,2500,improving descriptively,improving descriptively,unchanged,unchanged,no opportunity,no opportunity,mixed/unresolved: novelty and recurrence are descriptive; neither has a universal preferred sign,unresolved for every cell; signs compare the previous unequal-duration band and are not skill scores
RS-M1-005,2500,3500,unchanged,no opportunity,unchanged,no opportunity,no opportunity,no opportunity,mixed/unresolved: novelty and recurrence are descriptive; neither has a universal preferred sign,unresolved for every cell; signs compare the previous unequal-duration band and are not skill scores
RS-M1-005,3500,4500,worsening descriptively,no opportunity,improving descriptively,no opportunity,no opportunity,no opportunity,mixed/unresolved: novelty and recurrence are descriptive; neither has a universal preferred sign,unresolved for every cell; signs compare the previous unequal-duration band and are not skill scores
RS-M1-006,0,600,unresolved: first-band reference,unresolved: first-band reference,unresolved: first-band reference,unresolved: first-band reference,unresolved: first-band reference,no opportunity,mixed/unresolved: novelty and recurrence are descriptive; neither has a universal preferred sign,unresolved for every cell; signs compare the previous unequal-duration band and are not skill scores
RS-M1-006,600,1500,improving descriptively,improving descriptively,worsening descriptively,worsening descriptively,worsening descriptively,no opportunity,mixed/unresolved: novelty and recurrence are descriptive; neither has a universal preferred sign,unresolved for every cell; signs compare the previous unequal-duration band and are not skill scores
RS-M1-006,1500,2500,improving descriptively,improving descriptively,worsening descriptively,worsening descriptively,no opportunity,no opportunity,mixed/unresolved: novelty and recurrence are descriptive; neither has a universal preferred sign,unresolved for every cell; signs compare the previous unequal-duration band and are not skill scores
RS-M1-006,2500,3500,worsening descriptively,worsening descriptively,improving descriptively,improving descriptively,no opportunity,unresolved: opportunity present; accidental contact possible,mixed/unresolved: novelty and recurrence are descriptive; neither has a universal preferred sign,unresolved for every cell; signs compare the previous unequal-duration band and are not skill scores
RS-M1-006,3500,4500,worsening descriptively,worsening descriptively,worsening descriptively,no opportunity,no opportunity,no opportunity,mixed/unresolved: novelty and recurrence are descriptive; neither has a universal preferred sign,unresolved for every cell; signs compare the previous unequal-duration band and are not skill scores
RS-M1-007,0,600,unresolved: first-band reference,unresolved: first-band reference,unresolved: first-band reference,unresolved: first-band reference,unresolved: first-band reference,no opportunity,mixed/unresolved: novelty and recurrence are descriptive; neither has a universal preferred sign,unresolved for every cell; signs compare the previous unequal-duration band and are not skill scores
RS-M1-007,600,1500,worsening descriptively,no opportunity,improving descriptively,no opportunity,no opportunity,no opportunity,mixed/unresolved: novelty and recurrence are descriptive; neither has a universal preferred sign,unresolved for every cell; signs compare the previous unequal-duration band and are not skill scores
RS-M1-007,1500,2500,worsening descriptively,worsening descriptively,improving descriptively,improving descriptively,improving descriptively,unresolved: opportunity present; accidental contact possible,mixed/unresolved: novelty and recurrence are descriptive; neither has a universal preferred sign,unresolved for every cell; signs compare the previous unequal-duration band and are not skill scores
RS-M1-007,2500,3500,improving descriptively,worsening descriptively,worsening descriptively,unchanged,worsening descriptively,no opportunity,mixed/unresolved: novelty and recurrence are descriptive; neither has a universal preferred sign,unresolved for every cell; signs compare the previous unequal-duration band and are not skill scores
RS-M1-007,3500,4500,worsening descriptively,improving descriptively,worsening descriptively,worsening descriptively,no opportunity,no opportunity,mixed/unresolved: novelty and recurrence are descriptive; neither has a universal preferred sign,unresolved for every cell; signs compare the previous unequal-duration band and are not skill scores
