kind,subset,queries,pairs,closing_speed_proxy_paired_queries,early_closing_speed_proxy,later_closing_speed_proxy,turn_toward_outward_normal_paired_queries,early_turn_toward_outward_normal,later_turn_toward_outward_normal,forward_drive_change_paired_queries,early_forward_drive_change,later_forward_drive_change,time_to_separation_paired_queries,early_time_to_separation,later_time_to_separation,damage_paired_queries,early_damage,later_damage,source_distance_reduction_paired_queries,early_source_distance_reduction,later_source_distance_reduction,mean_command_left_paired_queries,early_mean_command_left,later_mean_command_left,mean_command_right_paired_queries,early_mean_command_right,later_mean_command_right,mean_omega_next1_paired_queries,early_mean_omega_next1,later_mean_omega_next1,command_variance_next10_paired_queries,early_command_variance_next10,later_command_variance_next10,heading_persistence_10_paired_queries,early_heading_persistence_10,later_heading_persistence_10,separation_censored_pair_fraction
chemical_imbalance,all,66,190,66,0.016298968548847836,0.02534793297288799,66,0.009320454724715955,0.006944001757351213,66,-0.005216440177800903,-0.002164928761932373,49,0.1489795918365992,0.6578231292525564,66,4.789516010711617e-07,0.0006954432538156541,66,-0.02467956234216604,0.04348133570370044,66,-0.004524339460379151,0.0030270901720835753,66,-0.006655689327815521,-0.008139660678759788,66,0.002024805442653502,0.002184034271673794,66,0.005301060758672897,0.00560529390931746,66,0.678776037445352,0.7436120179876097,0.3684210526315789
chemical_imbalance,both_hazard,2,3,2,0.06435155982402896,0.0734958728738474,2,0.04046905595996409,-0.0005124620712318581,2,0.008698118840945894,0.003897474621766813,0,,,2,0.0,0.0014481249708905369,2,-0.188087115228888,0.4195142659797121,2,-0.23146263403032774,-0.1785740131444225,2,-0.12530298626666744,-0.13579494789049562,2,0.059236779073598714,0.030207241363160015,2,0.008252144311776262,0.007300009750166512,2,0.9821134747017622,0.5325419985322397,1.0
chemical_imbalance,both_source_near,5,11,5,0.025740623929611583,0.029486978498079075,5,0.040134061150567016,0.009196524136969812,5,-3.406773754394132e-05,-0.0018985856307777381,0,,,5,0.0,0.0007336471740430711,5,-0.25569959311689333,0.10259585940090614,5,-0.11940407129673267,-0.10895533896484103,5,-0.15499817023359164,-0.14342174039344985,5,-0.02377368143352572,-0.01875118910443701,5,0.005601771399537881,0.005526912425976288,5,0.5863801798020012,0.5677331792313127,1.0
chemical_imbalance,outside_support_followup,63,180,63,0.016900704902499272,0.02613997535457478,63,0.00929958055060344,0.007574386840668376,63,-0.004861320609246741,-0.0018275139953805215,46,0.15869565217376871,0.6898550724646896,63,5.017588201697884e-07,0.0007285595992354471,63,-0.02435967486170918,0.04656617741130788,63,-0.010483156382471754,-0.0020736461523062377,63,-0.0027506192107633848,-0.005824143607709899,63,0.0038164944215548402,0.00403549790769581,63,0.005435726378079576,0.005624943518857704,63,0.6761122819121905,0.7345471257374442,0.3888888888888889
collision,all,147,378,147,0.14364839987624742,0.04732346331113009,147,-6.0094644686446945e-05,0.0001705619817081848,147,9.098283813714435e-05,-0.00037082249673187165,23,6.726086956568511,0.7782608695759771,147,0.00286186447857907,0.0003623924341161536,147,0.07507138890426476,0.022284580639485116,147,-0.028747364748707295,-0.025490158003475594,147,-0.0059800005839702715,-0.004789683669908973,147,0.011457526997076884,0.009517560021831578,147,0.005491014482365167,0.0053468098027054526,147,0.7573467519783664,0.7923306003564351,0.8783068783068783
collision,both_hazard,45,53,45,0.16865239601392018,0.08315224391477297,45,-0.011395859002496452,-0.005532741256722085,45,-0.00565355461346077,0.00025936169977946576,3,6.033333333402122,3.4333333333999385,45,0.0027113156929571636,0.0005967224787941763,45,0.05167416249434985,0.05349909665028023,45,-0.037242435315925845,-0.023437599202504447,45,0.003663294577990507,-0.004122651414001855,45,0.022146941675846805,0.010469750298348297,45,0.005016063014277614,0.005905258610592666,45,0.7426615582357583,0.8422614324980764,0.9433962264150944
collision,both_source_near,41,77,41,0.05726957211926069,0.018096951960683734,41,-0.010472520972429225,-0.007552377105115318,41,0.003576762907658113,-0.001577275914103602,0,,,41,0.0014018407403025462,0.00025858766065049406,41,0.02970535784596858,-0.05158731721972341,41,-0.014413562635686803,-0.03140356769012393,41,-0.006517868970105833,-0.0061518648744776005,41,0.0022915863954683425,0.003222651975534839,41,0.005522397844340753,0.005708061351933858,41,0.7957532679044521,0.8039881038342009,1.0
collision,outside_support_followup,146,372,146,0.1392354790957109,0.043888395342522764,146,-0.0005354012711363716,0.0005569630620128059,146,0.00032912416280352265,-0.0003910617687548391,23,6.726086956568511,0.7782608695759771,146,0.0027999203161766114,0.00036487457407585337,146,0.07294890156932993,0.020731961958321478,146,-0.027339896073286886,-0.025736552975968354,146,-0.00617214808138338,-0.0020255449751105854,146,0.01105568569024455,0.010049287609120139,146,0.005487124471546865,0.005364306840166073,146,0.7557953223471383,0.7924114636595734,0.8763440860215054
low_E,all,20,60,20,0.007524550120073782,0.023379343032104826,20,-0.002710686257344203,-0.004986608302275402,20,-0.00657005350810661,0.0028029174532475656,14,0.32857142857112975,0.7452380952472704,20,1.5805402835348336e-06,0.0001940859347561792,20,-0.005898827669863138,0.03188415132693597,20,0.016229399618432234,0.03738135318080694,20,-0.03848561152200748,-0.03158295443118726,20,-0.01582256193907457,-0.01620371603233549,20,0.005174642593606663,0.005602422864748935,20,0.8989543087474658,0.885315349417658,0.38333333333333336
low_E,both_hazard,1,1,1,0.03531687118871654,0.04761053733103554,1,0.0003701074949523554,-0.016466129176299832,1,0.017138666729547142,0.010936976413122204,1,2.09999999999809,6.400000000139698,1,0.0,0.0,1,-0.21680625721448799,-0.09161505941082204,1,-0.1276020070824516,-0.003485379841590372,1,-0.12340522712392903,-0.08334788292696549,1,-0.011994876587167571,-0.023381885304931373,1,0.009594362478646963,0.0036422567831244862,1,0.9990258293809511,0.9923368118978902,0.0
low_E,both_source_near,0,0,0,,,0,,,0,,,0,,,0,,,0,,,0,,,0,,,0,,,0,,,0,,,
low_E,outside_support_followup,17,50,17,0.008206087472645455,0.025967160692335328,17,-0.004911186017065901,-0.0047558771216812045,17,-0.00549289510645984,0.00493001562608912,11,0.41818181818143785,0.9030303030420218,17,1.8594591570998043e-06,0.00022833639383079907,17,-0.0013991150059989397,0.04126964982393454,17,-0.002190850314238337,0.024541141450784114,17,-0.029630926181318736,-0.027138972418313118,17,-0.012332308790509857,-0.012587306728961415,17,0.0056513884481609045,0.005674735351062447,17,0.9279377331778877,0.8767283954488173,0.46
post_impact,all,23,65,23,1.241650599880025e-05,0.022611633215064895,23,0.008530068392656742,0.0024037238293546843,23,-0.0002320610100489851,0.00338963850634661,4,6.049999999994498,0.20833333333314386,23,0.00037149130008005455,7.439862474447856e-05,23,0.0769494752433346,-0.02930140322125599,23,-0.03761213984813378,-0.023683419657057,23,-0.02789691544379316,-0.03605132461989305,23,-9.404168579322809e-05,-0.00312288344214027,23,0.005557950437280561,0.005167803508958045,23,0.8311320081743494,0.6305443515731892,0.8153846153846154
post_impact,both_hazard,0,0,0,,,0,,,0,,,0,,,0,,,0,,,0,,,0,,,0,,,0,,,0,,,
post_impact,both_source_near,4,8,4,0.0,0.0007370501632939914,4,0.02047129180931145,0.004484948323701064,4,-0.004481323675096,0.008133920018125565,0,,,4,0.0006655711227505654,0.00011015792405801553,4,-0.09629702303594778,-0.22079020322365633,4,-0.059824265781775854,-0.0007664344952846101,4,-0.10478282610421476,-0.0554107348262078,4,-0.03002438836519496,-0.02756544514156673,4,0.003759686763106674,0.004231724294168871,4,0.5925340291574921,0.7354338531187818,1.0
post_impact,outside_support_followup,22,62,22,1.2980892635109352e-05,0.02309263370585146,22,0.007728780708384651,0.0023227292251016777,22,-0.0006503272802877925,0.0027751317472321808,4,6.049999999994498,0.20833333333314386,22,0.00038837726826551166,7.778038041468214e-05,22,0.08186774815771446,-0.03155966549236291,22,-0.032458959485502044,-0.024362434239858153,22,-0.031485828493675316,-0.03795503024585179,22,-0.001368802519775304,-0.003806540552905133,22,0.0055670730807447265,0.0051683637489785715,22,0.8234586424214463,0.6161640895977846,0.8064516129032258
productive_source,all,54,148,54,0.035784640433853925,0.017139679690471168,54,0.0005632160800257572,-0.0034643185141759623,54,0.002971873964740409,-0.001846064778298016,0,,,54,0.001075072826444644,0.0001132448729560036,54,-0.012014295072813822,-0.04683176856541176,54,-0.02102802393457386,-0.02479826197176695,54,-0.012975005511830028,-0.00357234416759624,54,0.00438165476737362,0.007461245191584037,54,0.005635122405072692,0.005872379682378405,54,0.7887149611568179,0.7748230395243622,1.0
productive_source,both_hazard,18,22,18,0.06363565439475535,0.04634349930387263,18,-0.018745450221727706,-0.01114615854894086,18,-0.0049415667381184115,-0.00042092429203682564,0,,,18,0.0019062903486897912,0.0005817900782501192,18,0.01652516112287303,-0.00010395386827795801,18,-0.03072541357032375,-0.025548739903286762,18,-0.023326346753357458,-0.01726230242525322,18,-0.005685621383848818,-0.000775700179771275,18,0.005728381472349288,0.006282278091257065,18,0.7535899510059879,0.7814590787285729,1.0
productive_source,both_source_near,39,74,39,0.03638523936170367,0.017076648701687167,39,-0.0081961072562447,-0.008604508427141852,39,0.003993139863104784,-0.0019112184009018218,0,,,39,0.0011356556848657565,0.0002718485663248784,39,0.0006315911579502409,-0.07317823194906632,39,-0.00380649414538474,-0.027432171605074974,39,-0.00575270063077261,-0.0055715145578257635,39,-0.002417166630394001,0.00095547902060691,39,0.0056147163012490965,0.005694900673380979,39,0.8143572302254872,0.7968287169751638,1.0
productive_source,outside_support_followup,54,145,54,0.035784640433853925,0.017152306188410828,54,0.0005632160800257572,-0.0031098665414497884,54,0.002971873964740409,-0.0012973246963512309,0,,,54,0.001075072826444644,0.0001132448729560036,54,-0.012014295072813822,-0.04626957372094131,54,-0.02102802393457386,-0.02364915119410536,54,-0.012975005511830028,-0.0005028739855270402,54,0.00438165476737362,0.007819436417276284,54,0.005635122405072692,0.005840158560309747,54,0.7887149611568179,0.7762268052489525,1.0
rising_chemistry,all,2,6,2,0.05269110970160196,0.02087957850825927,2,-0.06683601028846593,0.002524815966817993,2,0.016810035794800997,-0.019944403596147835,2,0.0,0.0,2,0.0,9.855109487038722e-05,2,0.48043031017685356,-0.09014243351172965,2,0.0871858615358374,0.06883249681787056,2,-0.011051879234513493,-0.03598616112918555,2,-0.10925408003421358,-0.07235060271021856,2,0.003298752517133372,0.0055903720586872,2,0.8142978983292549,0.852135268106605,0.16666666666666666
rising_chemistry,both_hazard,0,0,0,,,0,,,0,,,0,,,0,,,0,,,0,,,0,,,0,,,0,,,0,,,
rising_chemistry,both_source_near,0,0,0,,,0,,,0,,,0,,,0,,,0,,,0,,,0,,,0,,,0,,,0,,,
rising_chemistry,outside_support_followup,2,6,2,0.05269110970160196,0.02087957850825927,2,-0.06683601028846593,0.002524815966817993,2,0.016810035794800997,-0.019944403596147835,2,0.0,0.0,2,0.0,9.855109487038722e-05,2,0.48043031017685356,-0.09014243351172965,2,0.0871858615358374,0.06883249681787056,2,-0.011051879234513493,-0.03598616112918555,2,-0.10925408003421358,-0.07235060271021856,2,0.003298752517133372,0.0055903720586872,2,0.8142978983292549,0.852135268106605,0.16666666666666666
unselected_early_context,all,100,285,100,0.01601294465057892,0.027087149491712124,100,0.01205602329149879,0.0016768042321168544,100,-0.003874404419146943,-0.0012097921215962642,79,0.17215189873402065,0.6111814346003464,100,1.984112420283861e-06,0.0005366749844272374,100,-0.03083455054059853,0.00884718369394269,100,-0.009534472628955652,-0.009184766680025491,100,-0.017069924709714787,-0.014792194106847085,100,-0.0023410869702779904,0.002182132859136394,100,0.005264482004781743,0.005652854030146049,100,0.700021652043827,0.7383152649052542,0.3368421052631579
unselected_early_context,both_hazard,4,5,4,0.060756120810857954,0.06641364773823198,4,0.024703955866888696,-0.0015448869850156538,4,0.00793410935469541,0.005556803202844731,1,2.09999999999809,6.400000000139698,4,0.0,0.0007240624854452684,4,-0.38075389914476104,0.2660183981541943,4,-0.19678593353217372,-0.12113945745798221,4,-0.12686967026041135,-0.10211326357684665,4,0.03605221656833895,0.020682681759591863,4,0.006917029392869823,0.006068862980848105,4,0.974693452862103,0.74412175048374,0.8
unselected_early_context,both_source_near,6,12,6,0.03461793534245254,0.03641453339409883,6,0.03636298496758488,0.009549021010591666,6,-0.0004948009467294993,-0.0009996068331942663,0,,,6,0.0,0.0006113726450358926,6,-0.3680888457485411,0.13827323617878431,6,-0.13227280257820853,-0.11145018642094977,6,-0.1514097220920566,-0.12843732959444656,6,-0.013523037075717108,-0.008009635984201041,6,0.004929720577828202,0.005611289628302725,6,0.644570321945657,0.6262886815215257,1.0
unselected_early_context,outside_support_followup,97,275,97,0.016394917007127717,0.027655358972152745,97,0.01212707105161487,0.0019233265792640518,97,-0.0036022534903338097,-0.0009611061400109558,76,0.17894736842088987,0.6287280701766819,97,2.045476721942125e-06,0.0005532731798218942,97,-0.03081714902850074,0.00977958133878801,97,-0.013559584645425378,-0.012875302339745959,97,-0.014855731810451009,-0.01349405003270398,97,-0.0013124402854121132,0.003384571053278402,97,0.00535081394046161,0.005667087079254516,97,0.6989486648810052,0.7322639404618775,0.3490909090909091
