kind,subset,declared_queries,eligible_queries,matched_queries,pairs,early_collision,later_collision,early_hazard_opportunity,later_hazard_opportunity,early_minimum_clearance,later_minimum_clearance,early_closing_speed_proxy,later_closing_speed_proxy,early_peak_impulse,later_peak_impulse,early_damage,later_damage,early_source_energy,later_source_energy,early_source_distance_reduction,later_source_distance_reduction,early_near_source_at10,later_near_source_at10,early_forward_drive_change,later_forward_drive_change,early_command_variance_next10,later_command_variance_next10,early_heading_persistence_10,later_heading_persistence_10,different_nearest_source_pairs
chemical_imbalance,all_main_matches,86,81,66,190,0.015151515151515152,0.0707070707070707,0.045454545454545456,0.12626262626262627,1.5262321936283187,1.3696206610428114,0.016298968548847836,0.025347932972887986,2.3947580053558086e-05,0.025651381003327412,4.789516010711617e-07,0.0006954432538156541,0.0,0.0002312996018381004,-0.024679562342166044,0.043481335703700434,0.15151515151515152,0.20707070707070704,-0.005216440177800903,-0.0021649287619323727,0.005301060758672896,0.00560529390931746,0.6787760374453521,0.7436120179876096,128
chemical_imbalance,both_hazard_opportunity,86,81,2,3,0.0,0.75,1.0,1.0,0.29456378515650716,0.0996080251336855,0.06435155982402896,0.0734958728738474,0.0,0.06106550744337199,0.0,0.0014481249708905369,0.0,0.012500569230273286,-0.188087115228888,0.4195142659797121,0.5,1.0,0.008698118840945894,0.003897474621766813,0.008252144311776262,0.007300009750166512,0.9821134747017622,0.5325419985322397,3
chemical_imbalance,both_source_near,86,81,5,11,0.0,0.36666666666666664,0.4,0.4333333333333333,0.37379782039794984,0.31854008187189875,0.025740623929611583,0.029486978498079075,0.0,0.031756214562943655,0.0,0.0007336471740430711,0.0,0.005629510612284176,-0.25569959311689333,0.10259585940090614,0.8,0.9333333333333332,-3.406773754394132e-05,-0.0018985856307777386,0.005601771399537881,0.005526912425976289,0.5863801798020012,0.5677331792313127,9
collision,all_main_matches,285,208,147,378,1.0,0.12131519274376416,0.7414965986394558,0.2063492063492063,2.9477665478931952e-05,0.8300124584531793,0.14364839987624742,0.04732346331113009,0.11362291033510047,0.01582065023411421,0.00286186447857907,0.0003623924341161537,0.006785053864323495,0.0006211411709999863,0.07507138890426476,0.02228458063948512,0.42857142857142855,0.37981859410430835,9.098283813714438e-05,-0.0003708224967318713,0.005491014482365167,0.005346809802705452,0.7573467519783664,0.7923306003564351,162
collision,both_hazard_opportunity,285,208,45,53,1.0,0.337037037037037,1.0,1.0,7.703877266741858e-05,0.2415648224117514,0.16865239601392024,0.08315224391477297,0.12120101789253244,0.027066397706575648,0.0027113156929571627,0.0005967224787941764,0.011025879404396382,0.002915474662987355,0.05167416249434985,0.05349909665028023,0.4444444444444444,0.5888888888888889,-0.00565355461346077,0.00025936169977946576,0.005016063014277614,0.005905258610592668,0.7426615582357584,0.8422614324980764,21
collision,both_source_near,285,208,41,77,1.0,0.2276422764227642,0.6585365853658537,0.36991869918699183,9.734758787689587e-09,0.31763583878986756,0.05726957211926068,0.018096951960683734,0.05181372447401148,0.010478557938120664,0.0014018407403025462,0.0002585876606504941,0.019160566603629886,0.0026171547325995552,0.02970535784596858,-0.05158731721972339,1.0,0.9349593495934958,0.0035767629076581143,-0.001577275914103603,0.005522397844340754,0.0057080613519338574,0.7957532679044521,0.8039881038342008,16
low_E,all_main_matches,28,27,20,60,0.05,0.016666666666666666,0.1,0.05,1.4294270967514782,1.5291258261389729,0.007524550120073784,0.02337934303210483,7.902701417674169e-05,0.009657204376501954,1.5805402835348336e-06,0.0001940859347561792,0.0,0.0,-0.005898827669863138,0.03188415132693598,0.15,0.18333333333333335,-0.006570053508106612,0.0028029174532475643,0.005174642593606664,0.005602422864748933,0.8989543087474658,0.8853153494176578,41
low_E,both_hazard_opportunity,28,27,1,1,0.0,0.0,1.0,1.0,0.8594335416486536,0.3141719762187194,0.03531687118871654,0.04761053733103554,0.0,0.0,0.0,0.0,0.0,0.0,-0.21680625721448799,-0.09161505941082204,0.0,0.0,0.017138666729547142,0.010936976413122204,0.009594362478646963,0.0036422567831244862,0.9990258293809511,0.9923368118978902,1
low_E,both_source_near,28,27,0,0,,,,,,,,,,,,,,,,,,,,,,,,,0
post_impact,all_main_matches,38,38,23,65,0.391304347826087,0.043478260869565216,0.0,0.07246376811594202,0.012263730908951194,1.294092331786843,1.241650599880025e-05,0.0226116332150649,0.010534692279851862,0.0030813345760180404,0.0003714913000800546,7.439862474447855e-05,0.005415651153315814,0.0004157991499317195,0.0769494752433346,-0.029301403221255986,0.17391304347826086,0.15942028985507248,-0.0002320610100489854,0.00338963850634661,0.005557950437280561,0.005167803508958045,0.8311320081743492,0.6305443515731892,27
post_impact,both_hazard_opportunity,38,38,0,0,,,,,,,,,,,,,,,,,,,,,,,,,0
post_impact,both_source_near,38,38,4,8,0.0,0.0,0.0,0.0,1.02583910255305e-08,0.26341782476607223,0.0,0.0007370501632939914,0.0,0.0,0.0006655711227505654,0.00011015792405801553,0.03113999413156593,0.003586267668161081,-0.09629702303594778,-0.22079020322365633,1.0,0.9166666666666666,-0.004481323675096,0.008133920018125565,0.003759686763106674,0.004231724294168871,0.5925340291574922,0.7354338531187818,2
productive_source,all_main_matches,93,75,54,148,1.0,0.12037037037037035,0.6481481481481481,0.2037037037037037,7.849447840684392e-09,0.7788231239767106,0.03578464043385391,0.017139679690471168,0.03760982976994457,0.004886593749363868,0.001075072826444644,0.0001132448729560036,0.01844615051312351,0.001002014162111338,-0.012014295072813822,-0.04683176856541177,1.0,0.4938271604938271,0.0029718739647404094,-0.0018460647782980162,0.005635122405072691,0.005872379682378403,0.7887149611568179,0.7748230395243622,57
productive_source,both_hazard_opportunity,93,75,18,22,1.0,0.4074074074074074,1.0,1.0,1.392362376013207e-08,0.1888683888759043,0.06363565439475535,0.04634349930387263,0.06615426909666897,0.025308094691006342,0.0019062903486897912,0.0005817900782501192,0.027491876825052945,0.004097269768271276,0.01652516112287303,-0.00010395386827793951,1.0,0.8055555555555556,-0.004941566738118412,-0.00042092429203682564,0.005728381472349289,0.006282278091257065,0.753589951005988,0.7814590787285731,9
productive_source,both_source_near,93,75,39,74,1.0,0.2393162393162393,0.6410256410256411,0.35042735042735046,9.300927606440213e-09,0.3151343526325736,0.03638523936170367,0.017076648701687167,0.03878687564137006,0.011015919883665312,0.0011356556848657565,0.00027184856632487837,0.02010954975389593,0.0027513677958097894,0.0006315911579502409,-0.0731782319490663,1.0,0.9316239316239315,0.003993139863104784,-0.0019112184009018223,0.005614716301249097,0.005694900673380979,0.8143572302254872,0.7968287169751637,15
rising_chemistry,all_main_matches,5,4,2,6,0.0,0.16666666666666666,0.0,0.16666666666666666,0.9925846417931071,1.291579842377964,0.05269110970160196,0.02087957850825927,0.0,0.004927554743519361,0.0,9.855109487038722e-05,0.0,0.0,0.48043031017685356,-0.09014243351172965,0.5,0.0,0.016810035794800997,-0.019944403596147835,0.003298752517133372,0.0055903720586872,0.8142978983292549,0.852135268106605,5
rising_chemistry,both_hazard_opportunity,5,4,0,0,,,,,,,,,,,,,,,,,,,,,,,,,0
rising_chemistry,both_source_near,5,4,0,0,,,,,,,,,,,,,,,,,,,,,,,,,0
unselected_early_context,all_main_matches,140,131,100,285,0.02,0.056666666666666664,0.05,0.12666666666666665,1.5621413657554093,1.3312052656068443,0.016012944650578915,0.027087149491712124,9.920562101419304e-05,0.020752007392585224,1.984112420283861e-06,0.0005366749844272373,0.0,0.00023934489758508772,-0.03083455054059852,0.008847183693942683,0.12,0.21,-0.0038744044191469434,-0.0012097921215962646,0.005264482004781743,0.00565285403014605,0.7000216520438272,0.738315264905254,186
unselected_early_context,both_hazard_opportunity,140,131,4,5,0.0,0.375,1.0,1.0,0.3640304230807775,0.25023852406797414,0.060756120810857954,0.06641364773823198,0.0,0.030532753721685995,0.0,0.0007240624854452684,0.0,0.006250284615136643,-0.38075389914476104,0.2660183981541943,0.25,0.75,0.00793410935469541,0.005556803202844731,0.006917029392869823,0.006068862980848105,0.9746934528621031,0.7441217504837399,5
unselected_early_context,both_source_near,140,131,6,12,0.0,0.3055555555555555,0.5,0.5277777777777778,0.31275828039186515,0.34671107985754995,0.03461793534245254,0.03641453339409883,0.0,0.026463512135786377,0.0,0.0006113726450358926,0.0,0.004691258843570147,-0.36808884574854117,0.13827323617878431,0.6666666666666666,0.9444444444444443,-0.0004948009467294993,-0.0009996068331942663,0.004929720577828201,0.005611289628302727,0.6445703219456571,0.6262886815215256,10
