collider,start,end,duration,start_index,end_index,censored,entry_gap,entry_closing,min_clearance,contact,collision,damage,transfer,repair,peak_impulse,contact_duration,life,E,I,speed,E_band,I_band,speed_band,family
mover,151.8100000000069,156.03000000000307,4.219999999996162,15180,15602,False,0.49883583063219217,0.17160785839238366,0.4736909572652923,False,False,0,0,0,0,0,RS-M1-001,0.4525051549004336,1.0,0.021199295353156667,2,1,0,mover
mover,167.3199999999928,172.10999999998845,4.7899999999956435,16731,17210,False,0.49782556817906,0.4206235402044906,0.36351476859311094,False,False,0,0,0,0,0,RS-M1-001,0.42742228998109677,1.0,0.04006341574036443,1,1,1,mover
mover,181.1899999999802,186.26999999997557,5.07999999999538,18118,18626,False,0.49882630261142746,0.5115326014711685,0.15802146801884032,False,False,0,0,0,0,0,RS-M1-001,0.4054754841229546,1.0,0.041860959399119095,1,1,1,mover
mover,197.05999999996575,201.86999999996138,4.809999999995625,19705,20186,False,0.49604836722335877,0.5299047934279545,0.2518956170538047,False,False,0,0,0,0,0,RS-M1-001,0.37999045503034773,1.0,0.0022447463643417236,1,1,0,mover
mover,212.36999999995183,218.96999999994583,6.599999999993997,21236,21896,False,0.49686785371398456,0.557720036562318,0.06258627176756193,False,False,0,0,0,0,0,RS-M1-001,0.3546702239253145,1.0,0.09818390413284701,1,1,2,mover
mover,223.65999999994156,230.83999999993503,7.17999999999347,22365,23083,False,0.4966725232641942,0.47918441105381965,2.985013125567093e-08,True,True,0.02295152029156559,0.0,0.0,0.5987721343643989,1.0677631334882407,RS-M1-001,0.3356408573724221,1.0,0.09261091842674873,1,1,2,mover
mover,242.32999999992458,248.98999999991852,6.659999999993943,24232,24898,False,0.496236826400286,0.756218459695655,2.1415352605247406e-05,True,True,0.012533155369204354,0.0,0.0,0.6233743495056291,0.008485071991067867,RS-M1-001,0.30535755824207406,0.9770484797084347,0.008201293819962362,1,1,0,mover
mover,254.74999999991329,259.3799999999091,4.6299999999958175,25474,25937,False,0.4976679899716536,0.295641735119754,0.3826512809697855,False,False,0,0,0,0,0,RS-M1-001,0.28510157941891767,0.9645153243392304,0.05199822686159551,1,1,1,mover
mover,273.07999999989664,279.1699999998911,6.089999999994461,27307,27916,False,0.49531580245128104,0.7516543285561248,3.674927029351238e-11,True,True,0.00016680043635768945,0.0,0.0,0.008340021817884472,1.1747483905900684,RS-M1-001,0.2552285505978311,0.9645153243392304,0.05143992384266005,1,1,1,mover
mover,284.52999999988623,291.2999999998801,6.769999999993843,28452,29129,False,0.4949784777171744,0.5065077232816849,8.666944939506038e-10,True,True,0.015398900238033052,0.0,0.0,0.5756204688556039,0.4828715201768075,RS-M1-001,0.23679558181004354,0.9643485239028727,0.03599599126204273,1,1,1,mover
mover,301.7399999998706,308.70999999986424,6.969999999993661,30173,30870,False,0.49737619594863514,0.7462623956151196,3.196195530463797e-10,True,True,0.01758159723526673,0.0,0.0,0.7295215458776613,0.32747673035627817,RS-M1-001,0.20952523329492365,0.9489496236648397,0.02462817247972341,1,1,0,mover
mover,558.2147888556966,573.164788855683,14.949999999986403,55821,57316,False,0.49689287609157184,0.8128025750414756,5.4573234820054495e-11,True,True,0.02266852471715281,0.0,0.0,0.7526788988873986,2.367560336927648,RS-M1-001,0.49138259600526984,0.9313680264295733,0.06711538442680609,2,1,1,mover
mover,590.1747888556675,603.0047888556559,12.829999999988331,59017,60301,False,0.4966455342444267,0.6910341124275755,3.0949465212870564e-11,True,True,0.0003435017317084243,0.0,0.0,0.017175086585421214,7.537637376548779,RS-M1-001,0.43932737039499337,0.9086995017124201,0.0034911058053684278,1,1,0,mover
mover,982.4891090452636,991.939109045255,9.449999999991405,98250,99195,False,0.49865692709273235,0.3686836793425719,0.16076792553620944,False,False,0,0,0,0,0,RS-M1-001,0.49745860076831927,0.9083559999807117,0.06759717207854411,2,1,1,mover
mover,1010.3191090452383,1022.4291090452273,12.109999999988986,101033,102244,False,0.4939685814484106,0.7155160111888139,7.504395051594059e-06,True,True,0.0035506049134373732,0.0,0.0,0.17753024567186865,0.0,RS-M1-001,0.45188334400590674,0.9083559999807117,0.04509649822012911,2,1,1,mover
mover,1041.1191090452103,1051.9891090452004,10.869999999990114,104113,105200,False,0.49687430202704064,0.5168720197334968,0.24358314244908663,False,False,0,0,0,0,0,RS-M1-001,0.4019433469273529,0.9048053950672743,0.018220998124099795,1,1,0,mover
mover,1071.139109045183,1082.7691090451724,11.629999999989423,107115,108278,False,0.497278195829048,0.6165107058603148,0.030745143947627618,False,False,0,0,0,0,0,RS-M1-001,0.3533287351187404,0.9048053950672743,0.009993338784261669,1,1,0,mover
mover,1100.3991090451564,1113.4291090451445,13.02999999998815,110041,111344,False,0.4996528196103056,0.16188719371816276,0.48747281011212074,False,False,0,0,0,0,0,RS-M1-001,0.30543529891732246,0.9048053950672743,0.05744126155147518,1,1,1,mover
source-6,1345.8202267872182,1376.89022678719,31.069999999971742,134584,137691,False,0.49940700827661844,0.0650646975091177,1.70814695721333e-10,True,True,0.0023583796433415587,0.017236609569506442,0.0,0.08304462066857443,3.385940565911668,RS-M1-001,0.6046142865618168,0.9048053950672743,0.06739762471327464,2,1,1,source
repair-2,1380.4602267871867,1642.940226786948,262.4799999997613,138048,164296,False,0.4999068962524156,0.02042726454936609,4.332889602665091e-11,True,True,0.0014461642802897964,0.0,0.00605315956528396,0.035085711346584426,25.063775528731725,RS-M1-001,0.5646080417747994,0.9024470154239345,0.028255661278867656,2,1,0,repair
wall-3,1391.9402267871762,1449.5502267871238,57.609999999947604,139196,144957,False,0.49965946410454976,0.04170909389671592,0.3051828644448342,False,False,0,0,0,0,0,RS-M1-001,0.5457918851519349,0.9024470154239345,0.048309192342371646,2,1,1,wall
wall-3,1477.4502267870985,1638.2702267869522,160.81999999985374,147747,163829,False,0.49970456400773244,0.030025558217437572,0.2500000000433289,False,False,0,0,0,0,0,RS-M1-001,0.40670314462393575,0.9024470154239345,0.08208854061141403,1,1,2,wall
source-6,1640.82022678695,1875.0940581189138,234.27383133196395,164084,187512,False,0.4996644896063387,0.03743943733244345,7.051093042775847e-11,True,True,0.002101231211999249,0.12682385823287676,0.0,0.010485062400379245,41.56392110839785,RS-M1-001,0.13988073086315794,0.9070540107089282,0.06440303456764847,0,1,1,source
mover,2074.634058119338,2088.00405811963,13.370000000291839,207466,208803,False,0.49917248821735594,0.17601053984934112,0.482519159432402,False,False,0,0,0,0,0,RS-M1-001,0.2591874249620159,0.9049527794969272,0.02946469210555143,1,1,0,mover
mover,2165.2740581213166,2178.354058121602,13.080000000285509,216530,217838,False,0.49678927027419895,0.36573243459515115,0.31374581101517973,False,False,0,0,0,0,0,RS-M1-001,0.11401682436515904,0.9049527794969272,0.0011019076700364587,0,1,0,mover
mover,2194.244058121949,2208.49405812226,14.250000000311047,219427,220852,False,0.49531906616752897,0.7943696762163212,8.358647107797879e-11,True,True,0.0125167908695119,0.0,0.0,0.5794322625901172,1.7210625753734075,RS-M1-001,0.06729676735916507,0.9049527794969272,0.03033144555690583,0,1,1,mover
mover,2224.754058122615,2238.057193922298,13.303135799683332,222478,223809,False,0.49969555375238683,0.6562375255453932,0.11340127293055058,False,False,0,0,0,0,0,RS-M1-001,0.017540659122301554,0.8924359886274154,0.010529773652009859,0,0,0,mover
source-4,2575.5771939296656,2736.418792058798,160.8415981291323,257561,273646,False,0.49969517313442413,0.06898122179181485,2.8193669621146e-11,True,True,0.002680446427747105,0.07302579951140466,0.0,0.04235780703181372,30.734920740137653,RS-M1-001,0.1467980802184393,0.8924359886274154,0.06946615650528441,0,0,1,source
source-6,3184.338984285806,3204.5189842862465,20.180000000440486,318439,320457,False,0.49998715321419396,0.0290809432841968,0.44182239308321547,False,False,0,0,0,0,0,RS-M1-001,0.6270050089565679,0.8897555421996676,0.03530403627789898,2,0,1,source
mover,3366.988984289793,3377.768984290028,10.780000000235304,336704,337782,False,0.4995482417645274,0.06992252841698272,0.17049208435299945,False,False,0,0,0,0,0,RS-M1-001,0.3278323232668216,0.8897555421996676,0.07087350174521835,1,0,1,mover
mover,3394.578984290395,3408.1589842906915,13.580000000296423,339463,340821,False,0.4934271980790669,0.7841081592563035,3.337722580543101e-07,True,True,0.008055095959447351,0.0,0.0,0.4027547979723676,0.0,RS-M1-001,0.2832274558486706,0.8897555421996676,0.03920244391124319,1,0,1,mover
mover,3425.718984291075,3437.638984291335,11.920000000260188,342577,343769,False,0.4973900891868086,0.3691495251179136,0.3806054427439989,False,False,0,0,0,0,0,RS-M1-001,0.2320359845353825,0.8817004462402203,0.017314324202506635,1,0,0,mover
mover,3455.458984291724,3467.738984291992,12.280000000268046,345551,346779,False,0.49908399232697065,0.545908783251583,5.1230131248303223e-11,True,True,0.000851470086175911,0.0,0.0,0.04257350430879555,0.3780945672691057,RS-M1-001,0.18295936316638942,0.8817004462402203,0.015254272633257257,0,0,0,mover
mover,3484.958984292368,3494.778984292582,9.82000000021435,348501,349483,False,0.4986189965994168,0.8476685859439816,2.204636473379651e-11,True,True,0.037822787269110474,0.0,0.0,0.8138760904210701,3.8742110273031614,RS-M1-001,0.13468202523400166,0.8808489761540443,0.05148109705393209,0,0,1,mover
source-4,3491.0389842925006,3505.438984292815,14.400000000314321,349109,350549,False,0.4999798516903773,0.06175112476716196,0.47919104468104035,False,False,0,0,0,0,0,RS-M1-001,0.12421725418669262,0.843026188884934,0.06997142215079938,0,0,1,source
mover,3517.528984293079,3525.458984293252,7.930000000173095,351758,352551,False,0.49896980000338276,0.569965027832201,7.019716078859872e-06,True,True,0.006118207719895384,0.0,0.0,0.3058890141438482,0.007990781050187173,RS-M1-001,0.07998870946497046,0.843026188884934,0.025194894397328624,0,0,0,mover
mover,3546.858984293719,3556.5589842939307,9.70000000021173,354691,355661,False,0.4979078494185891,0.5741539799761727,0.07157969190440994,False,False,0,0,0,0,0,RS-M1-001,0.031148815468991176,0.8369079811650385,0.03218849528817475,0,0,1,mover
mover,3575.7023223364736,3586.6023223367115,10.900000000237924,357576,358666,False,0.49819968762437783,0.782704253049598,1.8446069116606623e-09,True,True,0.015069153503225423,0.0,0.0,0.6662826955207352,0.3090545485985532,RS-M1-001,0.6846760237587539,0.8369079811650385,0.03380126404442212,2,0,1,mover
wall-1,3662.0623223383586,3942.9323223444894,280.8700000061308,366212,394299,False,0.49982939059069054,0.056016478847438954,2.0257573396520456e-11,True,True,0.0055210979252260685,0.0,0.0,0.06749724719092796,85.71147204926068,RS-M1-001,0.541697052637831,0.8218388276618132,0.05713131804666027,2,0,1,wall
source-2,4031.9389216485006,4099.288921649971,67.35000000147011,403200,409935,False,0.49967820690069376,0.07763993530419182,4.8341775027438416e-11,True,True,0.002261288778749204,0.02527383792024869,0.0,0.06781374625551712,15.320483667891303,RS-M1-001,0.6403101147502742,0.816317729736587,0.08667347622636835,2,0,2,source
wall-1,4136.308921650779,4189.198921651933,52.890000001154476,413637,418926,False,0.49954656022392285,0.06693792421990968,3.8628655829597847e-11,True,True,0.00012509861814097878,0.0,0.0,0.006254930907048939,0.09550337724520745,RS-M1-001,0.4962277431882817,0.8140564409578398,0.09263993549002349,2,0,2,wall
repair-1,4137.818921650812,4172.2589216515635,34.44000000075175,413788,417232,False,0.4999735625942393,0.10612280281754598,6.003242347674131e-11,True,True,0.0017221320986189393,0.0,0.006262989954507331,0.07682831542889694,7.646390855050865,RS-M1-001,0.49365740000246566,0.8140564409578398,0.10817673986434344,2,0,2,repair
source-2,4310.938921654591,4500.0,189.06107834540944,431100,450007,True,0.4998653533376578,0.03152916013984054,9.494027786161041e-11,True,True,0.004724789925933866,0.08888200340055279,0.0,0.09973386248499472,22.36347478155434,RS-M1-001,0.20935452642362026,0.8184722001955833,0.036036996033419866,1,0,1,source
mover,193.40999999996907,204.5999999999589,11.189999999989823,19340,20459,False,0.49331661520531034,0.7298635003942676,4.4998671455687145e-11,True,True,0.012080322888105703,0.0,0.0,0.5376035847598409,5.8915132057832205,RS-M1-002,0.38598050845337506,1.0,0.04844340288291818,1,1,1,mover
mover,222.23999999994285,233.64999999993248,11.409999999989623,22223,23364,False,0.4975753893087289,0.8409107913170254,2.6868155478254607e-09,True,True,0.0270842607037772,0.0,0.0,0.7891631200840646,1.412919906403875,RS-M1-002,0.3383471331599102,0.9879196771118944,0.027352613528493556,1,1,0,mover
mover,254.64999999991338,263.51999999990534,8.869999999991961,25464,26351,False,0.4963513234426634,0.5543762669982412,6.6431071937822495e-06,True,True,0.0025224815132516487,0.0,0.0,0.12612407566258244,0.0,RS-M1-002,0.2846285745477426,0.9608354164081171,0.0016543915418819161,1,1,0,mover
mover,283.5499999998871,293.39999999987816,9.849999999991041,28354,29339,False,0.49589274272369177,0.7562218224634237,3.1775282405277494e-10,True,True,0.014759730396099867,0.0,0.0,0.6377301536476918,0.5032388005509365,RS-M1-002,0.23749375653563665,0.9583129348948655,0.03483626711946453,1,1,1,mover
mover,315.60999999985796,322.75999999985146,7.149999999993497,31560,32275,False,0.4993279734995525,0.1300662585683327,0.4688111058008645,False,False,0,0,0,0,0,RS-M1-002,0.185345988839181,0.9435532044987652,0.049875636988667246,0,1,1,mover
mover,345.7099999998306,352.7599999998242,7.049999999993588,34570,35275,False,0.49858550748102504,0.278359505717456,0.29206295819097683,False,False,0,0,0,0,0,RS-M1-002,0.1362232459092704,0.9435532044987652,0.026825029157893296,0,1,0,mover
mover,374.89999999980404,383.23999999979645,8.339999999992415,37489,38323,False,0.4973936374976039,0.3899176898442396,0.29356770735099147,False,False,0,0,0,0,0,RS-M1-002,0.08895174432842191,0.9435532044987652,0.02472543632834368,0,1,0,mover
mover,473.55776683629796,476.3677668362954,2.8099999999974443,47355,47636,False,0.4995017595850655,0.07373043276623958,0.4012733857968219,False,False,0,0,0,0,0,RS-M1-002,0.6262261327823655,0.9435532044987652,0.07695322213887294,2,1,1,mover
mover,490.2177668362828,496.0577668362775,5.8399999999946886,49021,49605,False,0.4976901300771952,0.7184371571091691,0.03503813413342716,False,False,0,0,0,0,0,RS-M1-002,0.5988686918100028,0.9435532044987652,0.027395397192952323,2,1,0,mover
mover,502.2977668362718,507.73776683626687,5.439999999995052,50229,50773,False,0.49717476626562296,0.4903513392339628,0.04670543783307579,False,False,0,0,0,0,0,RS-M1-002,0.5797090197639881,0.9435532044987652,0.008798274426488702,2,1,0,mover
mover,519.6177668362561,525.4677668362508,5.8499999999946795,51961,52546,False,0.49476641386905273,0.6510262724669661,0.04948134712515173,False,False,0,0,0,0,0,RS-M1-002,0.552046044761561,0.9435532044987652,0.025596786487940646,2,1,0,mover
mover,622.7777668361623,627.6577668361579,4.879999999995562,62278,62766,False,0.4966410475336711,0.4443691686537066,0.0923922308833931,False,False,0,0,0,0,0,RS-M1-002,0.3841541954041325,0.9435532044987652,0.07262736387711716,1,1,1,mover
mover,641.0077668361457,651.8777668361358,10.869999999990114,64101,65188,False,0.4995385561540342,0.7937414599046313,2.078692773466173e-11,True,True,0.046554943317303255,0.0,0.0,0.795189908293815,4.896186798501611,RS-M1-002,0.35392814498224157,0.9435532044987652,0.055668758538197374,1,1,1,mover
source-4,648.5777668361388,692.8077668360986,44.22999999995977,64858,69281,False,0.4993566651082033,0.08772456786877199,0.4072770779014494,False,False,0,0,0,0,0,RS-M1-002,0.3414335116594076,0.8969982611814622,0.08816406070547908,1,0,2,source
mover,675.5377668361143,682.0477668361084,6.509999999994079,67554,68205,False,0.4954167103310958,0.5091437300078295,3.8474112784570025e-11,True,True,0.006383147443911377,0.0,0.0,0.31915737219556883,0.41626575109234787,RS-M1-002,0.2983888982671252,0.8969982611814622,0.013894080037562895,1,0,0,mover
mover,704.3477668360881,712.0177668360811,7.669999999993024,70435,71202,False,0.4937306379040418,0.6843703833995647,2.894751105486648e-11,True,True,0.01518420778753839,0.0,0.0,0.5787059145970829,1.762750426337002,RS-M1-002,0.2512197047139541,0.8906151137375509,0.0314785143809791,1,0,1,mover
source-4,709.6577668360833,724.9477668360694,15.289999999986094,70966,72495,False,0.49995216732687187,0.011759781695088328,0.496125149076287,False,False,0,0,0,0,0,RS-M1-002,0.24280560959613653,0.8754309059500127,0.023511170762921505,1,0,0,source
mover,735.9177668360594,742.2377668360537,6.319999999994252,73592,74224,False,0.4999059767090267,0.35194268449041977,0.18056193552591882,False,False,0,0,0,0,0,RS-M1-002,0.19977528016065796,0.8754309059500127,0.024131968118233177,0,0,0,mover
source-4,809.1677668359928,1002.7838335753014,193.61606673930862,80917,100279,False,0.4998945668735435,0.021041622980994254,0.3023790235958732,False,False,0,0,0,0,0,RS-M1-002,0.08135719264680952,0.8754309059500127,0.024823759100523,0,0,0,source
mover,945.5538335753535,951.9538335753476,6.399999999994179,94556,95196,False,0.4971710429937488,0.5653408710347908,2.9606539442283974e-11,True,True,0.007847058761247095,0.0,0.0,0.3869768123581986,0.596717503290765,RS-M1-002,0.5602713081928544,0.8754309059500127,0.07003532633510104,2,0,1,mover
mover,975.8238335753259,981.7738335753205,5.9499999999945885,97583,98178,False,0.49852978565328065,0.43169424247416727,4.093081429346057e-11,True,True,0.0031656333141528627,0.0,0.0,0.15828166570764313,0.007622508781486822,RS-M1-002,0.5106292544565366,0.8675838471887657,0.04843758717148227,2,0,1,mover
mover,1005.2638335752991,1012.6138335752925,7.349999999993315,100527,101262,False,0.49618624646929876,0.5633964204453185,1.133279638021456e-06,True,True,0.004993119796541092,0.0,0.0,0.24965598982705456,0.0030195551863188086,RS-M1-002,0.4624101827341823,0.8644182138746128,0.0735114938489189,2,0,1,mover
mover,1035.7638335752715,1042.4938335752654,6.729999999993879,103577,104250,False,0.49771006733779344,0.46402641893049895,1.8464186172240105e-06,True,True,0.003399901287532357,0.0,0.0,0.16999506437661785,0.007803349390261652,RS-M1-002,0.41272069044371074,0.8594250940780718,0.03082412253347713,1,0,1,mover
mover,1065.6238335752444,1072.523833575238,6.8999999999937245,106563,107253,False,0.499168790403403,0.4113718985802517,0.11222905956755691,False,False,0,0,0,0,0,RS-M1-002,0.3642300317336984,0.8560251927905395,0.0022695704128213212,1,0,0,mover
mover,1097.0538335752158,1102.6938335752106,5.6399999999948704,109706,110270,False,0.4998242066949016,0.06708655701516349,0.4473064244080547,False,False,0,0,0,0,0,RS-M1-002,0.31245641390219275,0.8560251927905395,0.009134438775091788,1,0,0,mover
mover,1125.2138335751902,1132.7138335751833,7.499999999993179,112522,113272,False,0.49638848225509224,0.486509672507573,0.03142732138668647,False,False,0,0,0,0,0,RS-M1-002,0.2667630624225964,0.8560251927905395,0.009465228491993424,1,0,0,mover
mover,1220.8338335751032,1224.5438335750998,3.7099999999966258,122084,122455,False,0.4999077903600462,0.01061762590461057,0.4767717496245343,False,False,0,0,0,0,0,RS-M1-002,0.11204194448993814,0.8560251927905395,0.045323886991766524,0,0,1,mover
mover,1242.1438335750838,1256.5138335750707,14.36999999998693,124215,125652,False,0.49354316685406086,0.6688215603830238,3.97335497837048e-11,True,True,0.0002750514971852857,0.0,0.0,0.013752574859264285,2.600800826654161,RS-M1-002,0.07568568875119053,0.8560251927905395,0.05013608071636093,0,0,1,mover
mover,1271.3138335750573,1286.1938335750438,14.879999999986467,127132,128620,False,0.49728577977391997,0.7412218225062042,3.208060220805109e-07,True,True,0.007223612208156212,0.0,0.0,0.3611806104078106,0.0,RS-M1-002,0.027669949125407534,0.8557501412933541,0.01655120860743033,0,0,0,mover
mover,1301.7676831508472,1307.7776831508418,6.009999999994534,130178,130779,False,0.4993497541891305,0.527210579809445,0.330731822912244,False,False,0,0,0,0,0,RS-M1-002,0.6778179041687854,0.8485265290851979,0.07231789391067155,2,0,1,mover
wall-3,1736.111518791747,1851.5815187916419,115.46999999989498,173613,185160,False,0.4992636683945868,0.0863573412038296,2.8048674494129955e-11,True,True,0.002151240939609852,0.0,0.0,0.0930698249009468,61.15450435306511,RS-M1-002,0.673160646054053,0.8485265290851979,0.0863815401989382,2,0,2,wall
repair-2,1777.1015187917096,1846.8615187916462,69.75999999993655,177712,184688,False,0.49921859906836497,0.09031974903758065,0.15401012783729262,False,False,0,0,0,0,0,RS-M1-002,0.6050912164474191,0.846435247314134,0.09266694703844526,2,0,2,repair
source-6,2279.0537208442865,2361.853720846094,82.80000000180735,227908,236188,False,0.4999715212289284,0.04895955006654009,1.061899457255322e-10,True,True,0.0019625003354352736,0.03589815524422249,0.0,0.09356090375394611,5.321204161579038,RS-M1-002,0.4895694106071503,0.8463752881455879,0.05152360523940592,2,0,1,source
repair-2,2373.083720846339,2521.003720849568,147.92000000322878,237311,252103,False,0.4999383467927607,0.04989703035655267,0.14060784859182618,False,False,0,0,0,0,0,RS-M1-002,0.3725789850299526,0.8444127878101532,0.07347008969834055,1,0,1,repair
wall-3,2376.33372084641,2511.5137208493607,135.1800000029507,237636,251154,False,0.49989116485880913,0.07596683828873288,5.855582685398986e-11,True,True,0.0013201273067225793,0.0,0.0,0.06600636533612897,47.21189706676858,RS-M1-002,0.3670954668132572,0.8444127878101532,0.08985313933691377,1,0,2,wall
source-6,2514.8537208494336,2811.828137720281,296.97441687084756,251488,281186,False,0.4998467610874324,0.04764435921509688,5.42681455328875e-11,True,True,0.009271741016345527,0.20579305123147437,0.0,0.12541822519059065,73.05840136723377,RS-M1-002,0.14122879151658424,0.8430926605034306,0.0666795834157318,0,0,1,source
repair-2,2809.898137720239,2972.758137723794,162.8600000035549,280993,297279,False,0.4998299911287418,0.08064472706925059,2.7402080604588264e-11,True,True,0.0013142247294741511,0.0,0.0069672896755263915,0.062444881091007855,9.810971644630836,RS-M1-002,0.5674441099459392,0.8338209194870863,0.10244566952528088,2,0,2,repair
wall-3,2814.3181377203355,2911.978137722467,97.66000000213171,281435,291201,False,0.4997574179300912,0.0314885937899111,0.2500000000274021,False,False,0,0,0,0,0,RS-M1-002,0.5601625411853837,0.8338209194870863,0.06624408157539073,2,0,1,wall
wall-3,2944.8781377231853,2975.508137723854,30.630000000668588,294491,297554,False,0.4996283632394274,0.04817515764750628,0.2433700906087175,False,False,0,0,0,0,0,RS-M1-002,0.3491832449666777,0.8394739844331389,0.06613073280398898,1,0,1,wall
wall-3,3332.7786411447337,3623.502522804478,290.72388165974417,333282,362355,False,0.49959536301136964,0.06391969644961391,2.014743927247764e-11,True,True,0.0013598326329136352,0.0,0.0,0.035781687912850385,94.54382549530538,RS-M1-002,0.4165386141240638,0.8394739844331389,0.07313623248633379,1,0,1,wall
source-5,3653.9125228051416,3731.032522806825,77.12000000168337,365396,373108,False,0.49959624993986784,0.055974021083226584,4.847122703210971e-11,True,True,0.0026111826233897743,0.09757194717117243,0.0,0.08323607879682167,21.39430127422256,RS-M1-002,0.5887678730542414,0.8381141518002253,0.10246931191233358,2,0,2,source
wall-0,3731.3825228068326,3955.2525228117192,223.8700000048866,373143,395530,False,0.49993938671788674,0.08224523251889491,2.3239077329151314e-11,True,True,0.004061338974086364,0.0,0.0,0.08053988181132403,70.53625562802304,RS-M1-002,0.5590105262485813,0.8355029691768353,0.11851416948010515,2,0,2,wall
wall-3,3909.842522810728,4030.88252281337,121.04000000264205,390989,403093,False,0.49978052964331354,0.038165530731523886,3.779021540140093e-11,True,True,0.0008206572619591072,0.0,0.0,0.041030873036464126,4.134179540551844,RS-M1-002,0.2682884035408157,0.8317531740199771,0.03876101959531198,1,0,1,wall
wall-0,4089.3685787267987,4189.438578728983,100.07000000218432,408942,418949,False,0.4997400021388231,0.07271953205137435,2.0463297722983498e-11,True,True,0.0026021148850764895,0.0,0.0,0.0712344013427917,20.119347397917554,RS-M1-002,0.6777844467843301,0.8306209729407897,0.07294874691256467,2,0,1,wall
source-5,4194.058578729084,4500.0,305.9414212709162,419411,450006,True,0.49987152177439764,0.10264913743051922,5.7629456762242626e-11,True,True,0.008071740120847944,0.1339692162608234,0.0,0.08876548670401842,55.52497315757459,RS-M1-002,0.510757236338532,0.8280188580557133,0.11359235328453957,2,0,2,source
source-3,467.4131417043686,481.22314170435607,13.80999999998744,46741,48122,False,0.49980576926387066,0.048612179882261214,0.40715330140491757,False,False,0,0,0,0,0,RS-M1-003,0.6418792457872455,1.0,0.09349536491425729,2,1,2,source
mover,470.7331417043656,476.3231417043605,5.589999999994916,47073,47632,False,0.4990572477031483,0.379638425828287,0.07580301272412626,False,False,0,0,0,0,0,RS-M1-003,0.6363012478130039,1.0,0.13661389545374628,2,1,2,mover
source-3,1925.8870488483785,2023.4370488482898,97.54999999991128,192591,202346,False,0.49902268644254133,0.12354512622572057,2.921574093761592e-11,True,True,0.005927396399824627,0.1285192397847435,0.0,0.11348303261720935,33.62085739175309,RS-M1-003,0.3747996877388151,1.0,0.12577503515543167,1,1,2,source
wall-3,2458.84014517697,2509.9401451780855,51.100000001115404,245887,250997,False,0.4999063288970156,0.012783366764002789,0.3578701283603394,False,False,0,0,0,0,0,RS-M1-003,0.3272766991014338,0.9940726036001769,0.0277936924838237,1,1,0,wall
mover,3553.6198180088427,3558.349818008946,4.730000000103246,355366,355839,False,0.4985025742027126,0.3226679451840798,0.20795694333049375,False,False,0,0,0,0,0,RS-M1-003,0.6575644943190964,0.9940726036001769,0.076559175345123,2,1,1,mover
mover,3566.599818009126,3580.97981800944,14.380000000313885,356664,358102,False,0.49640251565684856,0.725438327514151,2.0158097413514042e-11,True,True,0.0980027060021531,0.0,0.0,0.7915677748478213,8.395147276756457,RS-M1-003,0.6361495632477279,0.9940726036001769,0.12589322849901213,2,1,2,mover
mover,3635.0098180106193,3643.0498180107948,8.040000000175496,363505,364309,False,0.4998306194824146,0.2724544143960998,0.33031892485228975,False,False,0,0,0,0,0,RS-M1-003,0.5237129950156493,0.8960698975980209,0.09728014414583269,2,0,2,mover
mover,3661.349818011194,3674.3198180114773,12.970000000283108,366139,367436,False,0.49968700936816024,0.5864995778182346,0.18606656228261542,False,False,0,0,0,0,0,RS-M1-003,0.480299618630632,0.8960698975980209,0.019824993267145697,2,0,0,mover
source-6,4090.4675301188463,4168.367530120547,77.90000000170039,409051,416841,False,0.49939903125874463,0.06889949562263561,0.17036688978236936,False,False,0,0,0,0,0,RS-M1-003,0.48432368582006147,0.8960698975980209,0.07329003142053184,2,0,1,source
source-6,4244.347530122205,4305.777530123546,61.430000001340886,424439,430582,False,0.49980390368728767,0.04859108770332095,1.9282153651545286e-10,True,True,0.0003973642446339592,0.007843562464863833,0.0,0.018668855655335718,3.744831511699727,RS-M1-003,0.23342846185879165,0.8960698975980209,0.04912405267808326,1,0,1,source
repair-2,4300.387530123428,4363.617530124809,63.230000001380176,430043,436366,False,0.4998376607375583,0.027707985018422795,0.26551940869996926,False,False,0,0,0,0,0,RS-M1-003,0.14858922828249807,0.8956725333533876,0.027763803215727054,0,0,0,repair
source-6,4348.927530124488,4425.078724601443,76.15119447695542,434897,442513,False,0.4999864365516389,0.024090034837336707,0.20152914082516293,False,False,0,0,0,0,0,RS-M1-003,0.07014028281293315,0.8956725333533876,0.04092761713967534,0,0,1,source
source-0,30.76000000000201,109.43000000001908,78.67000000001707,3075,10942,False,0.4997838831434809,0.02392429545156575,2.3808066629271707e-10,True,True,0.005430231154377607,0.09728857889532398,0.0,0.10147088223987982,22.253126305389166,RS-M1-004,0.6502460052941587,1.0,0.037523147129334314,2,1,1,source
wall-0,197.1299999999657,218.96999999994583,21.839999999980137,19712,21896,False,0.4995054336973389,0.06298686878973903,0.12855138730220916,False,False,0,0,0,0,0,RS-M1-004,0.47976569764481103,0.9945697688456233,0.06440656107660556,2,1,1,wall
source-0,1013.1853010955884,1197.8253010954206,184.63999999983218,101320,119784,False,0.4993574711747979,0.10477007255817997,2.0623724950041833e-10,True,True,0.004472355038387378,0.0595661201223767,0.0,0.08559270422596439,15.48144044929168,RS-M1-004,0.5548449364930108,0.9945697688456233,0.10487701367330737,2,1,2,source
source-0,1310.4253010953182,1458.8363368743019,148.41103577898366,131044,145886,False,0.49998225682704267,0.025610508835859337,0.01173008293699107,False,False,0,0,0,0,0,RS-M1-004,0.13482176753919575,0.9900974138072358,0.028621303397338656,0,1,0,source
wall-2,1460.0763368743008,1638.006336874139,177.92999999983817,146010,163803,False,0.49986594766519954,0.08034821215833524,2.1665669258652542e-11,True,True,0.0029852979698023665,0.0,0.0,0.1196856672752803,40.000399087653335,RS-M1-004,0.5920674798965009,0.9900974138072358,0.10538274032354833,2,1,2,wall
source-1,1883.4645287641108,1910.1845287640865,26.7199999999757,188349,191021,False,0.49986926839790113,0.11576912654788978,5.03703745380335e-11,True,True,0.002201348855928688,0.021579901321092953,0.0,0.10150188882460927,3.4067422426995995,RS-M1-004,0.599983145221077,0.9871121158374335,0.11835908725574144,2,1,2,source
wall-2,1956.5345287640444,1983.1445287640202,26.6099999999758,195656,198317,False,0.4998943095173637,0.01311887291269381,0.490619258476916,False,False,0,0,0,0,0,RS-M1-004,0.5016506618700813,0.9849107669815058,0.04504101012144794,2,1,1,wall
source-1,1997.584528764007,2163.014528766472,165.4300000024648,199761,216304,False,0.4999836188031568,0.01572363566094568,0.06220666429624133,False,False,0,0,0,0,0,RS-M1-004,0.43596068945820593,0.9849107669815058,0.01725517294651845,1,1,0,source
mover,2884.9124807024855,2896.4924807027382,11.580000000252767,288495,289653,False,0.49830260001260696,0.5306109454545613,0.16736393345670741,False,False,0,0,0,0,0,RS-M1-004,0.3950945679954453,0.9849107669815058,0.042287519890554855,1,1,1,mover
mover,2946.2624807038246,2955.5524807040274,9.290000000202781,294630,295559,False,0.49576210110927077,0.4747199524419517,1.1490053708484993e-07,True,True,0.00023346640772415597,0.0,0.0,0.011673320386207798,0.0,RS-M1-004,0.29504165852928577,0.9849107669815058,0.04850451686587098,1,1,1,mover
mover,2976.28248070448,2985.4224807046794,9.140000000199507,297632,298546,False,0.4946929258079168,0.5932590137257766,7.533437538675969e-06,True,True,0.004843194774809089,0.0,0.0,0.24215973874045443,0.005804449426982798,RS-M1-004,0.24697138172414662,0.9846773005737817,0.013806873779030048,1,1,0,mover
mover,3007.0624807051518,3015.512480705336,8.450000000184446,300710,301555,False,0.49834441760939774,0.2860514323619523,0.18849806368517807,False,False,0,0,0,0,0,RS-M1-004,0.19636385442291895,0.9798341057989726,0.006328244084406016,0,1,0,mover
mover,3035.572480705774,3045.1724807059836,9.600000000209548,303561,304521,False,0.496005509402205,0.7147257781826531,8.705033915923366e-09,True,True,0.011067776613018634,0.0,0.0,0.5383347632147316,0.08736327678977543,RS-M1-004,0.1502027087613462,0.9798341057989726,0.02144405019093931,0,1,0,mover
mover,3065.9124807064363,3074.7524807066293,8.840000000192958,306595,307479,False,0.4935567266684817,0.6912728262856616,1.3148027111498095e-10,True,True,0.013265499701805489,0.0,0.0,0.5665237114116164,0.8129879199755243,RS-M1-004,0.10088355758653293,0.968766329185954,0.033609852936606684,0,1,1,mover
mover,3096.5724807071056,3104.3924807072763,7.820000000170694,309661,310443,False,0.49569837254597315,0.593853972026857,4.689717503225665e-10,True,True,0.007657134190605676,0.0,0.0,0.3797938918243129,0.13452909949050074,RS-M1-004,0.05190371590213913,0.9555008294841488,0.0006783770855358986,0,1,0,mover
mover,3127.892480707789,3134.2062207222116,6.313740014422365,312793,313425,False,0.49721111513676564,0.3455641095073247,0.15796804375084617,False,False,0,0,0,0,0,RS-M1-004,0.000905619585466372,0.9478436952935433,0.00118002563325657,0,1,0,mover
source-4,3225.7362207242095,3286.3962207255336,60.66000000132408,322578,328644,False,0.49985354246038805,0.063691167284434,4.874567416379705e-11,True,True,0.00207103284603152,0.08192350695607142,0.0,0.08125101982042592,13.17542222481948,RS-M1-004,0.543441221883425,0.9478436952935433,0.06354725636697418,2,1,1,source
mover,3307.906220726003,3314.326220726143,6.420000000140135,330795,331437,False,0.4996146694093945,0.29513552484626215,0.2065629019706292,False,False,0,0,0,0,0,RS-M1-004,0.49226824359052834,0.9457726624475126,0.014760951375311932,2,1,0,mover
source-4,3330.1462207264885,3380.466220727587,50.32000000109838,333019,338051,False,0.499662276973857,0.03567243239766721,6.000377972270599e-11,True,True,0.001797757324567081,0.020763533330292197,0.0,0.05524641391007829,8.0375832949659,RS-M1-004,0.4559501514773571,0.9457726624475126,0.06675962619854522,2,1,1,source
source-2,3560.926220731526,3719.2260743894103,158.29985365788434,356097,371927,False,0.49994220117371,0.05593451882049103,6.057843116025197e-11,True,True,0.0015238117455624624,0.031222530758412848,0.0,0.023561933425595396,13.874596470856197,RS-M1-004,0.09846574867220828,0.9439749051229442,0.06262615422547117,0,1,1,source
source-3,421.61999999976155,488.412061325683,66.79206132592145,42161,48841,False,0.49964413765192206,0.0426347553388228,4.005535902962265e-10,True,True,0.0039749452492528065,0.028375641170052028,0.0,0.12643132595048337,6.397031503756825,RS-M1-005,0.011046056429144118,1.0,0.04667074590363733,0,1,1,source
repair-0,485.2120613256859,546.7820613256299,61.569999999944,48521,54678,False,0.4999531970709923,0.07304529070154091,0.05803845399611485,False,False,0,0,0,0,0,RS-M1-005,0.6354182349238566,0.996025054750747,0.08635024219904651,2,1,2,repair
wall-0,488.422061325683,544.7120613256318,56.289999999948805,48842,54471,False,0.49953680998303096,0.08037896558524033,0.30803845399611485,False,False,0,0,0,0,0,RS-M1-005,0.6302072248593976,0.996025054750747,0.08122804425747021,2,1,2,wall
wall-0,889.7803610695962,1222.8003610692933,333.0199999996971,88979,122281,False,0.4998555133232273,0.06144270779603037,2.356859152286006e-11,True,True,0.0044404748467254335,0.0,0.0,0.08036676202590953,123.76968595147314,RS-M1-005,0.6787116010703625,0.996025054750747,0.0627225960413355,2,1,1,wall
repair-0,894.6503610695918,925.6803610695636,31.02999999997178,89466,92569,False,0.4995611633280447,0.11623005279382893,3.390010494541684e-11,True,True,0.0004037005800824717,0.0,1.7611862280440482e-05,0.019243677789562336,1.6525727725054542,RS-M1-005,0.670667395502675,0.996025054750747,0.1305967155936373,2,1,2,repair
source-5,1223.4703610692927,1320.529553871887,97.05919280259423,122348,132054,False,0.4999326931071426,0.022951776950835615,0.15611742500043602,False,False,0,0,0,0,0,RS-M1-005,0.1371319271872945,0.9911984911862193,0.05443124540658478,0,1,1,source
wall-3,1322.4595538718852,1358.5995538718523,36.13999999996713,132247,135861,False,0.49982817440090344,0.03404977873369119,0.08891993405678278,False,False,0,0,0,0,0,RS-M1-005,0.6766638760728673,0.9911984911862193,0.09256227581989404,2,1,2,wall
wall-0,1332.2295538718763,1395.0095538718192,62.7799999999429,133224,139502,False,0.49995191607471134,0.10832548515099487,4.9716897265739135e-11,True,True,0.00249391169280574,0.0,0.0,0.08882919494173117,18.065525267250095,RS-M1-005,0.6603015021569052,0.9911984911862193,0.1091127608831813,2,1,2,wall
source-6,1931.492985952822,1951.5429859528037,20.049999999981765,193151,195156,False,0.4999297337257944,0.010825949290086255,0.4439903455351186,False,False,0,0,0,0,0,RS-M1-005,0.38012084719543027,0.9887045794934136,0.012739415792299756,1,1,0,source
source-6,3526.0662418932443,3604.0962418949475,78.03000000170323,352610,360413,False,0.49988311601102886,0.09507234007146348,6.136136043721763e-11,True,True,0.0046266970051257825,0.06915617300529815,0.0,0.09283247546826671,21.671518641574618,RS-M1-005,0.5975535656018381,0.9887045794934136,0.1081126835743521,2,1,2,source
mover,4097.483994558481,4104.163994558627,6.68000000014581,409752,410420,False,0.4995689333990694,0.09138157366066864,0.263981048360594,False,False,0,0,0,0,0,RS-M1-005,0.44534676613974905,0.9840778824882885,0.031004034265043987,1,1,1,mover
mover,4303.373994562975,4316.073994563252,12.700000000277214,430341,431611,False,0.4948985111306775,0.7695693004229617,7.669137547239302e-10,True,True,0.011905712189338145,0.0,0.0,0.5913084766582211,0.013366982310079694,RS-M1-005,0.1117067986478372,0.9840778824882885,0.023925512718031453,0,1,0,mover
mover,4334.603994563657,4345.863994563902,11.260000000245782,433464,434590,False,0.4998866449750844,0.3711549936661027,0.37703886360549,False,False,0,0,0,0,0,RS-M1-005,0.06169983706216794,0.9721721702989504,0.011270547340337635,0,1,0,mover
mover,4364.563994564311,4375.7312674657915,11.167272901480828,436460,437577,False,0.49933704950063107,0.3832017601917314,0.2974682945363567,False,False,0,0,0,0,0,RS-M1-005,0.013728347765448559,0.9721721702989504,0.018225733196960154,0,1,0,mover
mover,4394.411267466199,4404.951267466429,10.540000000230066,439445,440499,False,0.496632252801847,0.7549563552032745,2.749894312259471e-09,True,True,0.013246859443619335,0.0,0.0,0.6090861367520352,0.2363945329629556,RS-M1-005,0.6653765177679299,0.9721721702989504,0.06308177979551599,2,1,1,mover
mover,4426.421267466898,4433.921267467062,7.500000000163709,442646,443396,False,0.499258751169379,0.4628343946009964,0.006381677397009011,False,False,0,0,0,0,0,RS-M1-005,0.6138264148628313,0.9589253108553311,0.021686886123006698,2,1,0,mover
mover,4456.131267467546,4464.231267467723,8.100000000176806,445617,446427,False,0.499364346371852,0.45685588606074506,0.04064451043147532,False,False,0,0,0,0,0,RS-M1-005,0.5658793640848794,0.9589253108553311,0.008549987516302636,2,1,0,mover
source-5,109.59000000001916,215.65999999994884,106.06999999992968,10958,21565,False,0.49990228987004315,0.08110714412440004,5.658140622699648e-11,True,True,0.005334997061380654,0.11275545884425625,0.0,0.08989727590015538,29.31597683348066,RS-M1-006,0.5215350400293071,1.0,0.10023290657707497,2,1,2,source
wall-0,219.60999999994525,346.18999999983015,126.5799999998849,21960,34618,False,0.49934605230321594,0.0921272709795434,2.3429258533269604e-11,True,True,0.002807528917194091,0.0,0.0,0.08276318024059724,38.135575929514225,RS-M1-006,0.4519208640409036,0.9946650029386186,0.10198493991724057,2,1,2,wall
wall-3,281.85999999988866,441.18999999974375,159.3299999998551,28185,44118,False,0.49980798333389487,0.07643422762569531,2.4286350708280224e-11,True,True,0.0010942018062755708,0.0,0.0,0.03256510112796404,16.369034430350688,RS-M1-006,0.3508852173402152,0.9923193162373698,0.07646524356011197,1,1,1,wall
wall-0,387.75999999979234,586.9895984622673,199.22959846247494,38775,58698,False,0.4998594007872499,0.021904316878229517,2.2821633471892255e-11,True,True,0.0010205823500230163,0.0,0.0,0.02456021603737239,35.002340026936864,RS-M1-006,0.17972013712342455,0.990763272215149,0.02359518516578585,0,1,0,wall
wall-3,511.14959846233626,937.1093929179391,425.95979445560283,51114,93711,False,0.49982967003716894,0.036834108738153154,2.5135449277513544e-11,True,True,0.0028834507051940573,0.0,0.0,0.106572183560269,38.59373056449476,RS-M1-006,0.6827977989017497,0.9906079406645295,0.037852930622881954,2,1,1,wall
source-5,938.6393929179377,971.5593929179078,32.91999999997006,93864,97156,False,0.4995407177532154,0.06116602307000297,0.3919798651476849,False,False,0,0,0,0,0,RS-M1-006,0.6917865614690913,0.986859239159932,0.10962351312099806,2,1,2,source
wall-3,984.439392917896,1038.9093929178466,54.46999999995057,98444,103891,False,0.49924446472669004,0.07898383193609326,2.780708996397152e-11,True,True,0.001830950260839378,0.0,0.0,0.07671266404456277,17.842202569599053,RS-M1-006,0.6180645240369466,0.986859239159932,0.07977912377509595,2,1,1,wall
source-5,1038.9493929178466,1282.7693929176248,243.81999999977825,103895,128277,False,0.4998943857745999,0.08780943715603888,5.0679460628089146e-11,True,True,0.002263710679840814,0.05926217545219778,0.0,0.037440439249556506,17.357048590371235,RS-M1-006,0.5292683777738897,0.9850282888990926,0.12931214923214054,2,1,2,source
wall-0,1338.4793929175742,1424.7205694564102,86.24117653883604,133848,142473,False,0.4999087494428668,0.017682027836957697,2.235667206917924e-11,True,True,0.0005130940678491961,0.0,0.0,0.025654703392459805,12.02834129249394,RS-M1-006,0.10635604050082814,0.9827645782192527,0.02196113678347004,0,1,0,wall
source-5,1424.8005694564101,1475.2305694563643,50.429999999954134,142481,147524,False,0.4998413266624522,0.09046882181663175,0.2918162996238183,False,False,0,0,0,0,0,RS-M1-006,0.6652720267000996,0.9822514841514035,0.09329503491572787,2,1,2,source
wall-0,1475.480569456364,1684.2405694561742,208.75999999981013,147549,168425,False,0.4998140381636451,0.05106822885099653,0.12925166601670024,False,False,0,0,0,0,0,RS-M1-006,0.5832721502827648,0.9822514841514035,0.053445482478242025,2,1,1,wall
source-5,1684.6705694561738,1716.320569456145,31.649999999971214,168468,171633,False,0.4998425666449431,0.028602072007201586,0.3359689222808149,False,False,0,0,0,0,0,RS-M1-006,0.2403122310680943,0.9822514841514035,0.05022574194992245,1,1,1,source
wall-0,1787.9905694560798,1923.0966398660446,135.1060704099648,178800,192311,False,0.4999302538929866,0.028585913138760487,0.02900623266941471,False,False,0,0,0,0,0,RS-M1-006,0.07142238209582451,0.9822514841514035,0.03207610764393681,0,1,1,wall
source-6,2397.1072206843064,2421.607220684841,24.500000000534783,239713,242163,False,0.499964709804525,0.021479911889105904,0.4567392482023427,False,False,0,0,0,0,0,RS-M1-006,0.4788987324313732,0.9822514841514035,0.023070108738178524,2,1,0,source
source-6,2801.636453007589,2829.0664530081876,27.43000000059874,280166,282909,False,0.49974580661905965,0.07150855659067822,1.4122414349060364e-10,True,True,0.0014638999350983855,0.011702680138356672,0.0,0.05735418526439862,2.4133359146342945,RS-M1-006,0.5173987346788433,0.9822514841514035,0.07031060552645928,2,1,1,source
repair-2,2834.67645300831,2879.6764530092923,45.000000000982254,283470,287970,False,0.4997992782684726,0.045407338211060085,0.13711236438672358,False,False,0,0,0,0,0,RS-M1-006,0.4742881173887454,0.9807875842163057,0.055669345128279625,2,1,1,repair
wall-3,2841.8364530084664,2960.6364530110595,118.80000000259315,284186,296066,False,0.4997528811373435,0.03262542264273644,5.516298529073538e-11,True,True,0.0017027490730165114,0.0,0.0,0.08025207147535059,36.46750953177866,RS-M1-006,0.46270771015068024,0.9807875842163057,0.03280430930541673,2,1,1,wall
wall-3,3146.5498519641,3163.8798519644783,17.330000000378277,314658,316391,False,0.49976168659545195,0.04598139514853546,0.4113811650338697,False,False,0,0,0,0,0,RS-M1-006,0.6673186828020372,0.9790848351432893,0.05339910241554647,2,1,1,wall
source-5,3164.649851964495,3199.1598519652484,34.51000000075328,316468,319919,False,0.4997402475816175,0.09465159861546621,1.6370349520400396e-10,True,True,0.0008537119521731691,0.0006652090561508009,0.0,0.042091174634006905,0.4825451997216903,RS-M1-006,0.6377374777908819,0.9790848351432893,0.09560298457357977,2,1,2,source
wall-3,3199.819851965263,3418.819851970043,219.0000000047803,319985,341885,False,0.49988440915969434,0.05538676745032839,3.575806317712704e-11,True,True,0.003532446605471538,0.0,0.0,0.0686875657722418,29.86171366335107,RS-M1-006,0.5822501275658252,0.9782311231911156,0.06890555119031984,2,1,1,wall
source-5,3418.859851970044,3461.5698519709763,42.71000000093227,341889,346160,False,0.4998731544484267,0.05757314165633972,5.5789151076623966e-11,True,True,0.0009923440008498187,0.044414387098501394,0.0,0.04094209090147986,7.988864858294825,RS-M1-006,0.22479037418998882,0.9746986765856441,0.06240420842994091,1,1,1,source
wall-3,3465.139851971054,3601.899565537735,136.7597135666806,346517,360193,False,0.499765134199059,0.03877169020996187,2.1319834786481806e-11,True,True,0.00024181147766172043,0.0,0.0,0.007486607569008534,36.36630905152516,RS-M1-006,0.19307781200823568,0.973706332584795,0.07873829350555855,0,1,1,wall
wall-0,3772.9395655414683,3864.009565543456,91.07000000198786,377297,386404,False,0.4997234426521687,0.09060202503502222,3.719524688250431e-11,True,True,0.0016126659037516962,0.0,0.0,0.0799920189652496,5.339087044639173,RS-M1-006,0.3887704315113949,0.9734645211071333,0.09854100458180144,1,1,2,wall
wall-3,3870.369565543595,4377.427124642311,507.0575590987164,387040,437746,False,0.49973924454133467,0.027005493765074384,2.212985350524832e-11,True,True,0.005319689745761884,0.0,0.0,0.06267548933897774,106.75868567895871,RS-M1-006,0.22936959368685034,0.9718518552033817,0.02869829768459147,1,1,0,wall
wall-0,4013.4671246343673,4092.3071246360882,78.84000000172091,401350,409234,False,0.49874167596122054,0.12646318536010906,2.7003066449537982e-11,True,True,0.0026738794724874633,0.0,0.0,0.1307785933825719,14.57305500032481,RS-M1-006,0.6956408305217304,0.97099030284969,0.12654403044155507,2,1,2,wall
wall-0,4247.207124639469,4471.454929097811,224.24780445834222,424724,447149,False,0.4998013911024547,0.04116775291532938,2.3453017305996582e-11,True,True,0.002051767342126086,0.0,0.0,0.03283078407573151,34.047342541545206,RS-M1-006,0.31506257571723684,0.9638582859851323,0.0626635638039953,1,1,1,wall
source-5,4473.504929097856,4500.0,26.495070902144107,447354,450004,True,0.4999340460210333,0.020699546130899006,0.3516671045244668,False,False,0,0,0,0,0,RS-M1-006,0.6480243120481315,0.9618065186430064,0.042147225596246604,2,1,1,source
source-6,952.4772387290984,1029.2072387290286,76.72999999993021,95249,102922,False,0.49967071202321667,0.036902149025262156,0.0908579819144455,False,False,0,0,0,0,0,RS-M1-007,0.5510583368478499,1.0,0.10587035946914375,2,1,2,source
source-6,1149.0472387289196,1179.9372387288915,30.889999999971906,114906,117995,False,0.4999170706854472,0.030340623796557394,0.32826495897416086,False,False,0,0,0,0,0,RS-M1-007,0.234957368776555,1.0,0.03174828277055014,1,1,1,source
source-6,1316.3132313528567,1430.8332313527526,114.51999999989584,131633,143085,False,0.4991651950959737,0.09839369787940044,8.025572650893764e-09,True,True,0.0014440737609587376,0.018808376543326642,0.0,0.022298558542252392,5.945328347454102,RS-M1-007,0.6639212001986907,1.0,0.13692465320090036,2,1,2,source
mover,1583.8132313526135,1594.313231352604,10.49999999999045,158383,159433,False,0.4983613160857162,0.19395972622145308,0.36333544190664135,False,False,0,0,0,0,0,RS-M1-007,0.25078371411244743,0.9985559262390418,0.008157896529011024,1,1,0,mover
mover,1613.893231352586,1624.0632313525768,10.16999999999075,161391,162408,False,0.49883912837017064,0.3960083877743086,0.26479720517953964,False,False,0,0,0,0,0,RS-M1-007,0.2014275575324248,0.9985559262390418,0.019718911249407493,1,1,0,mover
mover,1643.1832313525595,1651.9032313525515,8.71999999999207,164320,165192,False,0.4979007955624475,0.7553801239743705,2.1122659177308378e-11,True,True,0.024025236474942983,0.0,0.0,0.6946736801116422,2.6555722914149644,RS-M1-007,0.1540383568124046,0.9985559262390418,0.008445749468947942,0,1,0,mover
mover,1675.9532313525297,1682.3232313525239,6.3699999999942065,167597,168234,False,0.49790538731945067,0.34533037437564296,0.13456321602904386,False,False,0,0,0,0,0,RS-M1-007,0.1003774053932789,0.9745306897640976,0.007251009234600942,0,1,0,mover
mover,1706.303231352502,1712.0532313524968,5.74999999999477,170632,171207,False,0.49964555282183665,0.29236241914573247,0.21026480977766304,False,False,0,0,0,0,0,RS-M1-007,0.051441247562309195,0.9745306897640976,0.009646444713338257,0,1,0,mover
mover,1734.5932313524763,1742.21144672682,7.618215374343663,173461,174223,False,0.49739615026959605,0.6288132851633178,2.8671287566339743e-11,True,True,0.011972217072839358,0.0,0.0,0.5089319229280589,1.4424452645558568,RS-M1-007,0.004488645121419113,0.9745306897640976,0.02762288921255778,0,1,0,mover
mover,1763.021446726801,1773.6814467267914,10.659999999990305,176304,177370,False,0.49564112819383455,0.7345881237985128,3.7945293407393166e-07,True,True,0.009491143798821591,0.0,0.0,0.4743640410583573,0.001203867520780999,RS-M1-007,0.6571346530523907,0.9625584726912586,0.02769204436845357,2,1,0,mover
mover,1824.551446726745,1834.7014467267359,10.149999999990769,182457,183472,False,0.4998636539301735,0.07713981831008708,0.22690582304852214,False,False,0,0,0,0,0,RS-M1-007,0.5576583629650147,0.9530673288924371,0.10178374642648995,2,1,2,mover
mover,1853.0914467267191,1864.3714467267089,11.279999999989741,185311,186439,False,0.49779566156918553,0.5249258778609744,0.15674583849195045,False,False,0,0,0,0,0,RS-M1-007,0.5121258951932874,0.9530673288924371,0.06468728838979575,2,1,1,mover
mover,1884.131446726691,1893.971446726682,9.83999999999105,188415,189399,False,0.49777104930564564,0.31968237764586116,4.957456667398219e-11,True,True,0.0016017002333190756,0.0,0.0,0.08008501166595378,0.3875240048609208,RS-M1-007,0.46201502401147754,0.9530673288924371,0.035467597520264446,2,1,1,mover
mover,1913.721446726664,1921.9614467266565,8.239999999992506,191374,192198,False,0.4942233580956463,0.713626494533451,2.3209878463603673e-11,True,True,0.018985369378240583,0.0,0.0,0.6367422507060462,2.261439565359659,RS-M1-007,0.4130356101169751,0.951465628659118,0.008357299961706734,1,1,0,mover
source-3,1927.951446726651,2408.4594325875155,480.50798586086444,192797,240848,False,0.49973682585386836,0.04128408226742077,3.54702933691442e-11,True,True,0.009666150055299418,0.20537947648929428,0.0,0.06571044550969611,99.50949081223197,RS-M1-007,0.38989581438334037,0.9324802592808782,0.06384012963021987,1,1,1,source
mover,1947.781446726633,1951.01144672663,3.2299999999970623,194780,195103,False,0.4998726112488834,0.1072996973378969,0.4660709836873398,False,False,0,0,0,0,0,RS-M1-007,0.35753394462345955,0.9324802592808782,0.024169501938186767,1,1,0,mover
mover,1975.4714467266078,1981.4114467266024,5.939999999994598,197549,198143,False,0.49640545619364396,0.4735549438077635,2.0245138898644655e-11,True,True,0.004493954821256805,0.0,0.0,0.22469774106284027,0.06912053787102546,RS-M1-007,0.3133196508910733,0.9324802592808782,0.031247730074163624,1,1,1,mover
repair-0,2349.6794325862325,2505.919432589643,156.2400000034104,234970,250594,False,0.4999886927512014,0.013826937352457049,4.203526415835768e-11,True,True,0.002187086651057947,0.0,0.005887437651325173,0.07997205795718285,15.825104176648656,RS-M1-007,0.6104245987564189,0.9183201544043247,0.04403770701843544,2,1,1,repair
wall-0,2408.4594325875155,2479.7994325890727,71.3400000015572,240848,247982,False,0.49965157824414885,0.07098741923338628,0.25000000004203526,False,False,0,0,0,0,0,RS-M1-007,0.5164533292224182,0.9183201544043247,0.07926597715015157,2,1,1,wall
source-3,2484.0494325891655,2700.309432593886,216.2600000047205,248407,270033,False,0.49978153777985934,0.02371504462417045,6.978972955096197e-11,True,True,0.0030760796702310198,0.043922759729892076,0.0,0.04855326280154798,12.062624458738227,RS-M1-007,0.39435902374370696,0.9220205054045936,0.026210744026345857,1,1,0,source
source-3,2805.8623286126535,2891.272328614518,85.41000000186432,280589,289130,False,0.49969515373769036,0.031020997570756607,5.93820548289159e-11,True,True,0.003170539110139204,0.05890716664083901,0.0,0.06404501757401727,24.78262321941841,RS-M1-007,0.6147674477682852,0.9189444257343616,0.03434455145365346,2,1,1,source
mover,2876.202328614189,2882.0423286143164,5.840000000127475,287623,288207,False,0.49872700758630906,0.41634769210953576,0.006817985963952999,False,False,0,0,0,0,0,RS-M1-007,0.5588743418993817,0.9157738866242218,0.04831772059716593,2,1,1,mover
mover,2904.9523286148165,2912.252328614976,7.3000000001593435,290498,291228,False,0.4966984602398874,0.5232949023172635,7.455214223739404e-11,True,True,0.005469972586421841,0.0,0.0,0.27349862932109203,0.6152396702851807,RS-M1-007,0.5132424208406197,0.9157738866242218,0.05078816773535322,2,1,1,mover
mover,2935.9823286154938,2941.9223286156234,5.940000000129658,293601,294195,False,0.49888139876222204,0.41556697502634643,1.771840548170367e-06,True,True,0.0009691135094108583,0.0,0.0,0.048455675470542914,0.0,RS-M1-007,0.4642497968209511,0.9103039140378,0.00021200754033431058,2,1,0,mover
mover,2996.152328616807,3002.382328616943,6.230000000135988,299618,300241,False,0.4997489740819956,0.33189255564767345,0.07195591478268704,False,False,0,0,0,0,0,RS-M1-007,0.36676690351950403,0.9093348005283891,0.05575904210739729,1,1,1,mover
mover,3025.9423286174574,3031.932328617588,5.990000000130749,302597,303196,False,0.4967405981784583,0.40163786625947384,0.016964078772169766,False,False,0,0,0,0,0,RS-M1-007,0.3175435457101823,0.9093348005283891,0.04228775158596111,1,1,1,mover
source-3,3051.8723286180234,3227.582328621859,175.71000000383538,305190,322761,False,0.49968361147272966,0.03172268439077842,5.0144999264034595e-11,True,True,0.0018834753844333971,0.07471425162874987,0.0,0.03301930332181991,22.343166967036115,RS-M1-007,0.275277022337611,0.9093348005283891,0.034709811998652446,1,1,1,source
mover,3723.141478312739,3725.901478312799,2.760000000060245,372318,372594,False,0.4991441544421491,0.09876859272039754,0.38164396111361043,False,False,0,0,0,0,0,RS-M1-007,0.6610930324356237,0.907451325143955,0.10499352941564834,2,1,2,mover
mover,3886.191478316298,3891.3614783164107,5.17000000011285,388623,389140,False,0.49949914042687193,0.31767575174158985,0.11378208456048822,False,False,0,0,0,0,0,RS-M1-007,0.39568305819885174,0.907451325143955,0.08733134305517146,1,1,2,mover
mover,3906.7314783167462,3920.3914783170444,13.660000000298169,390677,392043,False,0.49952188419458354,0.3290869077570623,0.428628880606195,False,False,0,0,0,0,0,RS-M1-007,0.3621210131213337,0.907451325143955,0.033193027536538355,1,1,1,mover
mover,3938.05147831743,3946.8314783176215,8.780000000191649,393809,394687,False,0.49787550111944867,0.7176741026730604,2.2934543153496634e-11,True,True,0.023623760417178834,0.0,0.0,0.6601512770257284,2.839160957027077,RS-M1-007,0.3097778335177378,0.907451325143955,0.06304128503058982,1,1,1,mover
mover,4269.199335475391,4279.529335475617,10.330000000225482,426924,427957,False,0.49942622232622813,0.36643722498071635,3.835332051949081e-11,True,True,0.001565749469270506,0.0,0.0,0.0782874734635253,2.7061267909541025,RS-M1-007,0.4746331164369952,0.8838275647267758,0.06570782323222825,2,0,1,mover
mover,4297.689335476013,4306.929335476215,9.24000000020169,429773,430697,False,0.49826386684698676,0.8006602401944667,2.2652102416031994e-11,True,True,0.030131030114542823,0.0,0.0,0.7521856531798435,3.3042757554299826,RS-M1-007,0.4288967009488556,0.8822618152575054,0.02863421634372613,1,0,0,mover
source-4,4303.319335476136,4345.089335477048,41.77000000091175,430336,434513,False,0.4994179090956883,0.06896510148461275,0.45507069511554676,False,False,0,0,0,0,0,RS-M1-007,0.4197578483172624,0.8521307851429634,0.08455197666468833,1,0,2,source
mover,4331.049335476741,4336.849335476868,5.800000000126602,433109,433689,False,0.49918980405765545,0.4388412181725477,2.8347102443149197e-11,True,True,0.0032145815511529056,0.0,0.0,0.1607290775576453,0.002757904992150331,RS-M1-007,0.3756585433744925,0.8521307851429634,0.033467991622833704,1,0,1,mover
mover,4359.149335477355,4366.679335477519,7.530000000164364,435919,436672,False,0.49960241828307694,0.6695547530947943,2.19841922444175e-11,True,True,0.014395674519565735,0.0,0.0,0.5640725981234074,1.5871842491584882,RS-M1-007,0.32957506674833204,0.8489162035918104,0.02010302072237589,1,0,0,mover
mover,4392.329335478079,4396.759335478176,4.4300000000966975,439237,439680,False,0.49929886909592247,0.091561125206495,0.4553886731664607,False,False,0,0,0,0,0,RS-M1-007,0.2761086716456253,0.8345205290722449,0.005288910029668085,1,0,0,mover
repair-1,58.34999999999696,308.8599999998641,250.50999999986715,5834,30885,False,0.49961857789281827,0.06654223703450471,0.016439099639286137,False,False,0,0,0,0,0,RS-M1-008,0.6070701223609514,1.0,0.08668333456854359,2,1,2,repair
repair-1,331.4999999998435,737.2284135736486,405.7284135738051,33149,73723,False,0.4999797174955566,0.039272941693445834,2.2566837287740782e-11,True,True,0.0034410086221065843,0.0,0.0013404915765057198,0.06678183152883234,54.11568847230101,RS-M1-008,0.1683189121687346,0.9965180513488923,0.03986382578885687,0,1,1,repair
repair-1,956.469712468704,1107.9497124685663,151.47999999986234,95648,110796,False,0.4998858125788067,0.050666227190928066,0.21051438159615965,False,False,0,0,0,0,0,RS-M1-008,0.5554930928729236,0.9901434833895352,0.05387945021629204,2,1,1,repair
wall-1,962.3597124686986,1105.1797124685688,142.81999999987022,96237,110519,False,0.4998007666362483,0.05047344451381591,0.05153246466451833,False,False,0,0,0,0,0,RS-M1-008,0.5462335152135016,0.9901434833895352,0.05694316478450738,2,1,1,wall
source-6,1419.9007585403037,1530.5307585402031,110.62999999989938,141992,153055,False,0.49931924470433553,0.07956806460665787,4.721845137112268e-11,True,True,0.0061852755600260165,0.16438862135600865,0.0,0.0756620933692035,47.626856989655785,RS-M1-008,0.5015307185659352,0.9901434833895352,0.08683695473356902,2,1,2,source
wall-3,1617.2007585401243,1788.4707585399685,171.26999999984423,161722,178849,False,0.49957064835595943,0.049244358363092315,2.070166260637052e-11,True,True,0.0026114603893145107,0.0,0.0,0.06882109679626001,50.15081727931529,RS-M1-008,0.3427550652780004,0.9839582078295088,0.05341732957664524,1,1,1,wall
wall-3,1865.1176884160327,1888.7776884160112,23.65999999997848,186514,188880,False,0.4993077878669432,0.07321940580677032,2.1851944964623726e-07,True,True,0.00015331420352218884,0.0,0.0,0.007665710176109441,0.0,RS-M1-008,0.6447015685801557,0.9813467474401942,0.1122553825720669,2,1,2,wall
wall-3,1973.3476884159343,2348.8248564340233,375.47716801808906,197337,234885,False,0.4996251701883416,0.09948291134160125,4.5272230408954783e-11,True,True,0.00294414435963374,0.0,0.0,0.0921576551796978,54.88982925147462,RS-M1-008,0.46850600757380195,0.9811934332366721,0.10060296391963623,2,1,2,wall
repair-2,2047.0876884158672,2142.4176884179274,95.33000000206016,204711,214244,False,0.4996338825870106,0.06966984443245958,0.1279776986197121,False,False,0,0,0,0,0,RS-M1-008,0.3474760564212811,0.9790371590870361,0.06958076553136623,1,1,1,repair
repair-2,2186.297688418885,2351.784856434088,165.48716801520277,218632,235181,False,0.4998141748028161,0.03724182431736089,3.466738007773529e-11,True,True,0.0037675282949981566,0.0,0.0020790561768755413,0.06891977439517354,30.146775434040894,RS-M1-008,0.11909618871837374,0.9787175982591391,0.03742850075663484,0,1,1,repair
source-6,2391.2148564349486,2520.3548564377675,129.14000000281885,239124,252038,False,0.4998496633795031,0.07480918253824818,4.591949043231125e-11,True,True,0.003751121677560467,0.04712771562910901,0.0,0.11079748982061276,13.773371382613371,RS-M1-008,0.48717647329474895,0.9765608167589204,0.07643646818401055,2,1,1,source
wall-3,2910.5148705453157,2968.9548705465913,58.44000000127562,291055,296899,True,0.4998307620656064,0.07627084614107599,2.5199398123731953e-11,True,True,0.0011813074986389456,0.0,0.0,0.03272538897571886,25.76539701483121,RS-M1-008,0.39333689987055737,0.972809695081361,0.07647445265634792,1,1,1,wall
mover,104.93000000001678,109.03000000001887,4.1000000000020975,10492,10902,False,0.4997350432840797,0.042916916396058796,0.4106364606735089,False,False,0,0,0,0,0,RS-M1-009,0.532750186224417,1.0,0.042374112401564586,2,1,1,mover
source-4,125.23000000002716,228.5599999999371,103.32999999990994,12522,22855,False,0.4998714286471828,0.08478333276558885,0.35699133884470746,False,False,0,0,0,0,0,RS-M1-009,0.49950169867649785,1.0,0.09488073602079916,2,1,2,source
source-4,245.4899999999217,371.0999999998075,125.60999999988579,24548,37109,False,0.49953340540068125,0.0767062596921884,0.026331744590401218,False,False,0,0,0,0,0,RS-M1-009,0.3036921834653282,1.0,0.10289355627872324,1,1,2,source
repair-1,347.9999999998285,410.5799999997716,62.579999999943084,34799,41057,False,0.499928859959212,0.015305608103495837,0.2086752666858196,False,False,0,0,0,0,0,RS-M1-009,0.13832046891408997,1.0,0.0627474756943464,0,1,1,repair
wall-1,371.9999999998067,403.67999999977786,31.679999999971187,37199,40367,False,0.49995770420525076,0.016734727181544017,0.4586752666858196,False,False,0,0,0,0,0,RS-M1-009,0.09963146301925492,1.0,0.02500727431012705,0,1,0,wall
source-4,404.91999999977673,482.2113483829096,77.29134838313286,40491,48221,False,0.49983836714000573,0.028680857890130414,4.835598588215362e-11,True,True,0.000977745136820368,0.05865229984903538,0.0,0.04482417452187906,13.195744831736993,RS-M1-009,0.045953775039410456,1.0,0.02878925446280165,0,1,0,source
repair-1,473.90134838291715,523.0813483828724,49.17999999995527,47390,52308,False,0.49937390872299403,0.06585964778404779,0.3080025006285645,False,False,0,0,0,0,0,RS-M1-009,0.6926148407157572,0.9990222548631799,0.07978543397656472,2,1,1,repair
source-4,515.0713483828797,540.4213483828566,25.349999999976944,51507,54042,False,0.4997286489724557,0.05235937745568064,0.3129213058639073,False,False,0,0,0,0,0,RS-M1-009,0.6255663419397566,0.9990222548631799,0.0601368708862379,2,1,1,source
repair-1,543.2613483828541,590.551348382811,47.28999999995699,54326,59055,False,0.49953270639365854,0.07071659262698696,5.5706550483591855e-11,True,True,0.0014304927394177915,0.0,5.377318860605757e-05,0.0690234792120697,7.048281703242228,RS-M1-009,0.5802841662201393,0.9990222548631799,0.07242936224773633,2,1,1,repair
wall-1,548.1013483828497,585.9513483828152,37.849999999965576,54810,58595,False,0.49956197080506826,0.05566604829576338,0.2441462919098356,False,False,0,0,0,0,0,RS-M1-009,0.5725425547432962,0.9990222548631799,0.06806432660835769,2,1,1,wall
source-4,596.4913483828057,600.0,3.508651617194346,59649,60000,True,0.49989500518363994,0.020219261956907,0.44090657869346916,False,False,0,0,0,0,0,RS-M1-009,0.4948263346781033,0.9976455353123684,0.08037297538006431,2,1,2,source
source-0,335.28999999984006,419.5599999997634,84.26999999992336,33528,41955,False,0.4998288994938296,0.023739223408173967,0.4394281900103345,False,False,0,0,0,0,0,RS-M1-010,0.15109240955034772,1.0,0.06770153573654768,0,1,1,source
source-5,112.9900000000209,128.38000000002822,15.39000000000732,11298,12837,False,0.4999396906833715,0.022769984607832756,0.46550654474185027,False,False,0,0,0,0,0,RS-M1-011,0.5144567093667956,1.0,0.031872773011716024,2,1,1,source
source-5,267.34999999990185,429.3699999997545,162.01999999985264,26734,42936,False,0.499973380580236,0.04686956000470798,0.018101700290291678,False,False,0,0,0,0,0,RS-M1-011,0.26634989866107955,1.0,0.056435080149194614,1,1,1,source
repair-2,467.7081328395931,533.2481328395335,65.53999999994039,46770,53324,False,0.4994317994191766,0.06910067042975211,4.3002046368201263e-11,True,True,0.0014967531221992626,0.0,0.00015618223491268155,0.06690356057555645,28.804291377819837,RS-M1-011,0.6414313105145387,1.0,0.10128935529361832,2,1,2,repair
wall-3,471.58813283958955,530.9481328395356,59.35999999994601,47158,53094,False,0.4999413755933446,0.06325909167264923,0.25000000004300205,False,False,0,0,0,0,0,RS-M1-011,0.6349214144228716,1.0,0.13263476712657132,2,1,2,wall
source-6,531.6381328395349,565.2981328395043,33.659999999969386,53163,56529,False,0.4992937291030044,0.10811806214003969,2.9392488443136244e-11,True,True,0.004119044593654855,0.0907259149562164,0.0,0.13179391139697158,15.181106356817413,RS-M1-011,0.5372394291804808,0.9986594291127125,0.10913174486107216,2,1,2,source
repair-2,107.310000000018,165.3299999999946,58.01999999997662,10730,16532,False,0.4993331912519996,0.1460499699630543,2.901501261476369e-11,True,True,0.002786600130547538,0.0,0.00036975207635505335,0.13398485036282906,33.68076120728527,RS-M1-012,0.524624329750906,1.0,0.1476769809003755,2,1,2,repair
wall-3,109.02000000001887,160.85999999999868,51.83999999997981,10901,16085,False,0.4994438203620746,0.13183739621549867,0.250000000029015,False,False,0,0,0,0,0,RS-M1-012,0.5216675273539155,1.0,0.13934093619061633,2,1,2,wall
source-6,166.35999999999368,223.34999999994184,56.98999999994817,16635,22334,False,0.49991312900081186,0.030244081664015682,0.3315011660817948,False,False,0,0,0,0,0,RS-M1-012,0.42583039656248095,0.9975831519458093,0.05024980645976193,1,1,1,source
repair-2,220.69999999994425,271.30999999989825,50.609999999954,22069,27130,False,0.4998100429867982,0.0222461279877553,0.35147643997288824,False,False,0,0,0,0,0,RS-M1-012,0.3397554159400039,0.9975831519458093,0.024933149391923086,1,1,0,repair
source-6,268.0999999999012,382.0899999997975,113.98999999989633,26809,38208,False,0.49999077607699793,0.03134366341245273,0.10946739134875672,False,False,0,0,0,0,0,RS-M1-012,0.26374237424712926,0.9975831519458093,0.03313476793691867,1,1,1,source
wall-3,439.7032647558733,600.0,160.2967352441267,43970,60000,True,0.49998943253019235,0.056524287788500056,2.219380235146673e-11,True,True,0.0017775781981202068,0.0,0.0,0.05167286516537239,58.338041504319584,RS-M1-012,0.6835922670453778,0.9975831519458093,0.07795424041730113,2,1,1,wall
repair-2,573.4732647557516,586.8332647557395,13.35999999998785,57347,58683,False,0.4998479077405702,0.01715943898858991,0.4759534875062802,False,False,0,0,0,0,0,RS-M1-012,0.4650219519474817,0.9959058214782532,0.017410338432903676,2,1,0,repair
