life,internal,behavior,windows,contemporaneous_correlation,internal_leading_next_window_correlation
RS-M1-001,E_command_effect,source_energy_per_path,75,0.20587003545422095,0.1964478869460861
RS-M1-001,E_command_effect,productive_bouts_per_path,75,0.1305499490395201,0.16189056698126947
RS-M1-001,E_command_effect,damage_per_path,75,-0.0691885110950082,-0.06986509189419655
RS-M1-001,E_command_effect,revisit_fraction,75,0.18672693511595476,0.15065182427413581
RS-M1-001,I_command_effect,source_energy_per_path,75,0.03627702264607137,0.037492004024754264
RS-M1-001,I_command_effect,productive_bouts_per_path,75,0.025613784044896053,0.034037236411223436
RS-M1-001,I_command_effect,damage_per_path,75,0.06272509644043708,-0.1249976789652706
RS-M1-001,I_command_effect,revisit_fraction,75,0.01945762961575154,0.022438365323694167
RS-M1-001,q_norm,source_energy_per_path,75,0.15455860303023958,0.152571613707148
RS-M1-001,q_norm,productive_bouts_per_path,75,0.0915479520360436,0.17138373664969533
RS-M1-001,q_norm,damage_per_path,75,-0.17976509161359086,-0.08868773422476706
RS-M1-001,q_norm,revisit_fraction,75,0.02432516943722026,0.13719086401631583
RS-M1-001,H_use_mean,source_energy_per_path,75,0.09951336124630134,0.11644568153802132
RS-M1-001,H_use_mean,productive_bouts_per_path,75,0.11827346341792067,0.07930530081104016
RS-M1-001,H_use_mean,damage_per_path,75,-0.13272493424903933,-0.002078233612670194
RS-M1-001,H_use_mean,revisit_fraction,75,0.10040461504131354,0.15848501147960217
RS-M1-002,E_command_effect,source_energy_per_path,75,0.043908878199536795,0.015580620246390325
RS-M1-002,E_command_effect,productive_bouts_per_path,75,0.21885949331904808,0.1839659971591648
RS-M1-002,E_command_effect,damage_per_path,75,-0.16608878475853597,-0.18367009424131986
RS-M1-002,E_command_effect,revisit_fraction,75,0.14010762539887858,0.11470044084013763
RS-M1-002,I_command_effect,source_energy_per_path,75,0.05591797578981712,0.0635218355638253
RS-M1-002,I_command_effect,productive_bouts_per_path,75,0.004446671682277795,0.008908603108997522
RS-M1-002,I_command_effect,damage_per_path,75,-0.2198812057416112,-0.499388335021708
RS-M1-002,I_command_effect,revisit_fraction,75,0.10860562253312839,0.022309927794202957
RS-M1-002,q_norm,source_energy_per_path,75,0.05079156775537276,0.15372809257577147
RS-M1-002,q_norm,productive_bouts_per_path,75,0.006360483634906908,0.12753089228693124
RS-M1-002,q_norm,damage_per_path,75,-0.2684360166063213,-0.317246374883425
RS-M1-002,q_norm,revisit_fraction,75,0.12211838556282559,0.12039246069218285
RS-M1-002,H_use_mean,source_energy_per_path,75,0.07885754212720933,0.06555893115155134
RS-M1-002,H_use_mean,productive_bouts_per_path,75,0.020178965303490518,0.08654800705371148
RS-M1-002,H_use_mean,damage_per_path,75,-0.31925705269499055,-0.34472876309580375
RS-M1-002,H_use_mean,revisit_fraction,75,0.111246175853563,0.0845619781983019
RS-M1-003,E_command_effect,source_energy_per_path,75,-0.03763197999653631,-0.053540500328979064
RS-M1-003,E_command_effect,productive_bouts_per_path,75,0.06439160450653393,0.02266363346533863
RS-M1-003,E_command_effect,damage_per_path,75,0.017367914091218944,0.1916775458682288
RS-M1-003,E_command_effect,revisit_fraction,75,-0.08943291632561474,-0.1431161415821491
RS-M1-003,I_command_effect,source_energy_per_path,75,-0.040879650462000955,-0.04119566794955721
RS-M1-003,I_command_effect,productive_bouts_per_path,75,0.07546520424536914,0.08350621906056192
RS-M1-003,I_command_effect,damage_per_path,75,0.08127730389719239,-0.061446927879199746
RS-M1-003,I_command_effect,revisit_fraction,75,-0.2042998970340415,-0.1829175012711736
RS-M1-003,q_norm,source_energy_per_path,75,0.0917144836189721,0.1668061873213952
RS-M1-003,q_norm,productive_bouts_per_path,75,0.18002713784619598,0.30946758099645966
RS-M1-003,q_norm,damage_per_path,75,-0.10724500942820803,0.015366831436721266
RS-M1-003,q_norm,revisit_fraction,75,-0.20638490871612525,-0.14311179995570145
RS-M1-003,H_use_mean,source_energy_per_path,75,0.20289206687736533,0.08900748789194549
RS-M1-003,H_use_mean,productive_bouts_per_path,75,0.2892922641738611,0.3209641659882972
RS-M1-003,H_use_mean,damage_per_path,75,-0.0632639227693126,0.07058744860989644
RS-M1-003,H_use_mean,revisit_fraction,75,-0.15589801588131647,-0.07988620471144467
RS-M1-004,E_command_effect,source_energy_per_path,75,-0.28091227316388706,-0.18898869785622074
RS-M1-004,E_command_effect,productive_bouts_per_path,75,-0.1470378725356626,-0.11968562981670249
RS-M1-004,E_command_effect,damage_per_path,75,0.016803428058782013,0.08775557970364642
RS-M1-004,E_command_effect,revisit_fraction,75,-0.06850226179689359,-0.14595220620023736
RS-M1-004,I_command_effect,source_energy_per_path,75,0.04839151153779105,0.2376832412077874
RS-M1-004,I_command_effect,productive_bouts_per_path,75,0.17871892687417507,0.27479622912191776
RS-M1-004,I_command_effect,damage_per_path,75,0.2669304903370416,0.2358176661570547
RS-M1-004,I_command_effect,revisit_fraction,75,-0.02593681527279858,-0.067500371066953
RS-M1-004,q_norm,source_energy_per_path,75,-0.21257476726064542,-0.025266578334839914
RS-M1-004,q_norm,productive_bouts_per_path,75,0.0071784800356706506,0.10968937481129738
RS-M1-004,q_norm,damage_per_path,75,-0.015659798477349707,0.13500157845108227
RS-M1-004,q_norm,revisit_fraction,75,0.08529964955721693,0.06882462701234415
RS-M1-004,H_use_mean,source_energy_per_path,75,-0.14469664734390814,-0.004414313962809099
RS-M1-004,H_use_mean,productive_bouts_per_path,75,0.08097867809075777,0.04397304551713535
RS-M1-004,H_use_mean,damage_per_path,75,0.041704612026397476,0.12327617962468038
RS-M1-004,H_use_mean,revisit_fraction,75,0.10646919016159485,0.1393626709781052
RS-M1-005,E_command_effect,source_energy_per_path,75,-0.22315043711687907,-0.06738978088119907
RS-M1-005,E_command_effect,productive_bouts_per_path,75,-0.2173572148726849,-0.07960361216983733
RS-M1-005,E_command_effect,damage_per_path,75,-0.006123691014713042,0.13504041056767666
RS-M1-005,E_command_effect,revisit_fraction,75,0.320429376508671,0.2166293360455387
RS-M1-005,I_command_effect,source_energy_per_path,75,0.017645960470714612,-0.06732637363337254
RS-M1-005,I_command_effect,productive_bouts_per_path,75,0.024709630649835133,-0.05589681368995915
RS-M1-005,I_command_effect,damage_per_path,75,0.45373074609514635,0.4712860769693909
RS-M1-005,I_command_effect,revisit_fraction,75,-0.027061355690236974,-0.009424977534832457
RS-M1-005,q_norm,source_energy_per_path,75,0.04736031375191639,0.1733982567060483
RS-M1-005,q_norm,productive_bouts_per_path,75,0.05220668656772483,0.19779956236968738
RS-M1-005,q_norm,damage_per_path,75,0.06331264384782205,0.03478139109928549
RS-M1-005,q_norm,revisit_fraction,75,0.08183494145160533,0.14248410998854114
RS-M1-005,H_use_mean,source_energy_per_path,75,0.1322758936712559,0.08229591663224325
RS-M1-005,H_use_mean,productive_bouts_per_path,75,0.144910737730473,0.11358200066920436
RS-M1-005,H_use_mean,damage_per_path,75,0.03239643740090403,-0.05064697167876466
RS-M1-005,H_use_mean,revisit_fraction,75,0.18361031354038596,0.20145544774710328
RS-M1-006,E_command_effect,source_energy_per_path,75,-0.13597153817773863,-0.1583148021981798
RS-M1-006,E_command_effect,productive_bouts_per_path,75,-0.1250067252779768,-0.12250333910040867
RS-M1-006,E_command_effect,damage_per_path,75,-0.130453935855427,-0.1526304519835228
RS-M1-006,E_command_effect,revisit_fraction,75,0.0929284937298887,0.16235845681431593
RS-M1-006,I_command_effect,source_energy_per_path,75,-0.10537782706595265,-0.13489485781420568
RS-M1-006,I_command_effect,productive_bouts_per_path,75,-0.11700525602229969,-0.13507502493447224
RS-M1-006,I_command_effect,damage_per_path,75,0.27734775068873513,0.2115626083866957
RS-M1-006,I_command_effect,revisit_fraction,75,0.4495571469584435,0.40040213527476337
RS-M1-006,q_norm,source_energy_per_path,75,-0.23309665556894513,-0.20463010297907439
RS-M1-006,q_norm,productive_bouts_per_path,75,-0.2742794031592895,-0.17562060418556755
RS-M1-006,q_norm,damage_per_path,75,-0.191562728184049,-0.08054650169570854
RS-M1-006,q_norm,revisit_fraction,75,0.0932278398154743,0.14245790250726043
RS-M1-006,H_use_mean,source_energy_per_path,75,-0.18449686158137032,-0.21860242498321428
RS-M1-006,H_use_mean,productive_bouts_per_path,75,-0.1938426820242825,-0.20581956281442332
RS-M1-006,H_use_mean,damage_per_path,75,-0.199158683027234,-0.13708298374175257
RS-M1-006,H_use_mean,revisit_fraction,75,0.13285953832372682,0.1232390815607585
RS-M1-007,E_command_effect,source_energy_per_path,75,0.3583517598962341,0.3191394631959924
RS-M1-007,E_command_effect,productive_bouts_per_path,75,0.36863767505502526,0.409852055618513
RS-M1-007,E_command_effect,damage_per_path,75,0.2329630971960512,0.17558034284324073
RS-M1-007,E_command_effect,revisit_fraction,75,0.3389154179555984,0.28208593513466984
RS-M1-007,I_command_effect,source_energy_per_path,75,0.13714570741433757,0.15738532459455346
RS-M1-007,I_command_effect,productive_bouts_per_path,75,0.12876290068575594,0.14841347451107273
RS-M1-007,I_command_effect,damage_per_path,75,0.23116085889102583,0.09738582192381837
RS-M1-007,I_command_effect,revisit_fraction,75,0.13651705291648364,0.1031442875187654
RS-M1-007,q_norm,source_energy_per_path,75,0.12178324056696412,0.2519514464809202
RS-M1-007,q_norm,productive_bouts_per_path,75,0.03015022010620601,0.1464697899844388
RS-M1-007,q_norm,damage_per_path,75,0.19608002858475784,0.019680073857597628
RS-M1-007,q_norm,revisit_fraction,75,-0.007035495388538607,0.3231196333319409
RS-M1-007,H_use_mean,source_energy_per_path,75,0.19352194454807328,0.1789287920345663
RS-M1-007,H_use_mean,productive_bouts_per_path,75,0.07651841590179363,0.11392357274963373
RS-M1-007,H_use_mean,damage_per_path,75,0.1213497024562802,0.07094185513939336
RS-M1-007,H_use_mean,revisit_fraction,75,0.13963116261234032,0.35387181458971956
RS-M1-008,E_command_effect,source_energy_per_path,49,0.04475536586065984,-0.029298617376731
RS-M1-008,E_command_effect,productive_bouts_per_path,49,0.06753885988256383,0.02339286062730559
RS-M1-008,E_command_effect,damage_per_path,49,0.023169840714040338,-0.003965536034332774
RS-M1-008,E_command_effect,revisit_fraction,49,0.12748715039179762,0.04261602409796121
RS-M1-008,I_command_effect,source_energy_per_path,49,-0.06183388624810265,-0.029704652369280486
RS-M1-008,I_command_effect,productive_bouts_per_path,49,-0.01985620938596347,0.014226286161645217
RS-M1-008,I_command_effect,damage_per_path,49,-0.2172883206966682,-0.23138162697428571
RS-M1-008,I_command_effect,revisit_fraction,49,-0.03990851781367075,-0.10643127647495926
RS-M1-008,q_norm,source_energy_per_path,49,0.03322590637876189,0.08030696016304638
RS-M1-008,q_norm,productive_bouts_per_path,49,0.08423594659574962,0.08923156059308025
RS-M1-008,q_norm,damage_per_path,49,-0.14116660144599547,-0.09930492982025507
RS-M1-008,q_norm,revisit_fraction,49,-0.04459523987737157,-0.035350238979041965
RS-M1-008,H_use_mean,source_energy_per_path,49,0.012901136359194562,0.09309985293716354
RS-M1-008,H_use_mean,productive_bouts_per_path,49,0.05052176357997877,0.08550002843433754
RS-M1-008,H_use_mean,damage_per_path,49,-0.13985136651339508,-0.029998318179034714
RS-M1-008,H_use_mean,revisit_fraction,49,-0.06258767656044543,-0.07067981279231787
