life,source_bouts,distinct_sources,true_same_source_revisits,switchback_to_previously_visited_source,source_neighborhood_departures,subsequent_neighborhood_returns,descriptive_return_fraction,consequential_neighborhood_returns,right_censored_final_neighborhood_visits,repair_contact_bouts,repair_surface_ids,repair_repeat_contacts,damaged_state_repair_approaches,repair_contact_given_approach,repair_gain_given_approach,physical_repair
RS-M1-001,21,3,4,0,8,5,0.625,5,1,3,2,1,2,1.0,1.0,0.012316149519791304
RS-M1-002,11,2,7,0,6,4,0.6666666666666666,3,1,2,1,1,3,0.3333333333333333,0.3333333333333333,0.00696728967552639
RS-M1-003,4,2,0,0,6,2,0.3333333333333333,0,0,0,0,0,1,0.0,0.0,0.0
RS-M1-004,13,4,4,0,12,8,0.6666666666666666,7,0,0,0,0,0,,,0.0
RS-M1-005,4,2,1,0,8,6,0.75,2,1,1,1,0,2,0.5,0.5,1.761186228044048e-05
RS-M1-006,10,2,4,1,13,12,0.9230769230769231,11,1,0,0,0,1,0.0,0.0,0.0
RS-M1-007,31,2,6,0,10,8,0.8,2,1,3,1,2,1,1.0,1.0,0.005887437651325175
RS-M1-008,7,1,2,0,7,4,0.5714285714285714,1,0,9,2,7,4,0.5,0.5,0.003419547753381265
RS-M1-009,1,1,0,0,1,1,1.0,1,1,1,1,0,2,0.5,0.5,5.377318860605757e-05
RS-M1-010,0,0,0,0,1,0,0.0,0,0,0,0,0,0,,,0.0
RS-M1-011,1,1,0,0,3,1,0.3333333333333333,0,0,2,1,1,0,,,0.0001561822349126815
RS-M1-012,0,0,0,0,1,0,0.0,0,0,1,1,0,2,0.0,0.0,0.00036975207635505297
