life,selection,productive_start,productive_end,productive_collider,productive_duration,productive_transfer,productive_damage,productive_peak_impulse,productive_peak_sustained_force,adverse_start,adverse_end,adverse_collider,adverse_duration,adverse_transfer,adverse_damage,adverse_peak_impulse,adverse_peak_sustained_force
RS-M1-001,"largest total-transfer source bout and largest total-damage contact bout; descriptive selection, not a hypothesis test",1675.329573341971,1707.5290711328007,source-6,27.970414417994615,0.11199794086730372,0.0014157373701789034,0.005630861048754398,0.03963377345629547,3485.5592109580975,3490.5579547906027,mover,3.874211027303163,0.0,0.03782278726911042,0.8138760904210701,0.7843969200071557
RS-M1-002,"largest total-transfer source bout and largest total-damage contact bout; descriptive selection, not a hypothesis test",2548.782590322955,2583.4993847035585,source-6,30.813825892700393,0.13094648332804093,0.002017062800587265,0.021211599221468286,0.054724111798202225,641.6353715133539,647.6374596886324,mover,4.896186798501618,0.0,0.04655494331730328,0.795189908293815,0.8021556930388023
RS-M1-003,"largest total-transfer source bout and largest total-damage contact bout; descriptive selection, not a hypothesis test",1930.0542616859182,1952.624572750473,source-3,16.956268170135168,0.09084007374506785,0.004240798304331647,0.11348303261720935,0.11324386857706165,3567.251072273751,3576.6794455267177,mover,8.395147276756472,0.0,0.09800270600215301,0.7915677748478213,0.930002816928277
RS-M1-004,"largest total-transfer source bout and largest total-damage contact bout; descriptive selection, not a hypothesis test",46.87503731893977,70.09649876585583,source-0,20.379150278848122,0.09434075847789739,0.004750288512929144,0.10147088223987982,0.13587243976274244,3066.6928596864745,3068.5913074148857,mover,0.8129879199755243,0.0,0.013265499701805494,0.5665237114116164,0.5022072337263888
RS-M1-005,"largest total-transfer source bout and largest total-damage contact bout; descriptive selection, not a hypothesis test",3530.767996061677,3548.096241893725,source-6,15.054965517791851,0.04659342774015571,0.002692374055754206,0.09283247546826671,0.08692265582203741,4395.129350097936,4395.921199040294,mover,0.2363945329629556,0.0,0.013246859443619334,0.6090861367520352,0.5664218508004588
RS-M1-006,"largest total-transfer source bout and largest total-damage contact bout; descriptive selection, not a hypothesis test",115.50103285002635,126.80000000002796,source-5,10.17339907716206,0.06888680011415614,0.003294011918213743,0.08989727590015538,0.10837452400708297,115.50103285002635,126.80000000002796,source-5,10.17339907716206,0.06888680011415614,0.003294011918213743,0.08989727590015538,0.10837452400708297
RS-M1-007,"largest total-transfer source bout and largest total-damage contact bout; descriptive selection, not a hypothesis test",3069.187470428761,3091.0923286188795,source-3,20.304517677834895,0.07364540796879519,0.0013347186002941262,0.03301930332181991,0.08234979723250732,4298.332170001701,4302.679298890683,mover,3.304275755429981,0.0,0.03013103011454282,0.7521856531798435,0.7152911414523416
RS-M1-008,"largest total-transfer source bout and largest total-damage contact bout; descriptive selection, not a hypothesis test",1426.787626414404,1453.140460376504,source-6,25.53583760486036,0.1318220343608977,0.003014201787724036,0.0756620933692035,0.16145663702432386,1426.787626414404,1453.140460376504,source-6,25.53583760486036,0.1318220343608977,0.003014201787724036,0.0756620933692035,0.16145663702432386
RS-M1-009,"largest total-transfer source bout and largest total-damage contact bout; descriptive selection, not a hypothesis test",416.45808354754945,430.07964544675815,source-4,13.195744831736995,0.058652299849035305,0.0009777451368203688,0.04482417452187906,0.042931516880223,551.758544876111,559.5505734181822,repair-1,7.048281703242224,0.0,0.0014304927394177905,0.0690234792120697,0.06027583096104475
RS-M1-010,"largest total-transfer source bout and largest total-damage contact bout; descriptive selection, not a hypothesis test",,,,,,,,,,,,,,,,
RS-M1-011,"largest total-transfer source bout and largest total-damage contact bout; descriptive selection, not a hypothesis test",535.628056476811,552.3778317913125,source-6,15.181106356817402,0.09072591495621635,0.004119044593654856,0.13179391139697158,0.16923329292529118,535.628056476811,552.3778317913125,source-6,15.181106356817402,0.09072591495621635,0.004119044593654856,0.13179391139697158,0.16923329292529118
RS-M1-012,"largest total-transfer source bout and largest total-damage contact bout; descriptive selection, not a hypothesis test",,,,,,,,,110.94660698349725,146.05000000001215,repair-2,33.68076120728527,0.0,0.0027866001305475382,0.13398485036282906,0.13916942144083014
