collider,start,end,duration,impulse,damage,transfer,repair,first_relative_speed,peak_relative_speed,peak_impulse,peak_sustained_force,start_position,last_position,fragments,life,bout,source,E_onset,I_onset,E_end,stock_onset,stock_end,brush_like,productive,approach_speed,departure_speed,path_since_previous_contact,time_since_previous_contact,chemistry_onset,nearest_other_source_contact,same_source_prior,true_departure_revisit,near_after_5s,near_after_30s,transfer_per_contact_second,max_departure_clearance,time_since_same_source,path_since_same_source,unrelated_1unit_cells
source-6,1354.3692782553417,1359.3695443562124,3.3859405659116675,0.351692318251576,0.0023583796433415613,0.01723660956950646,0.0,0.082277199280988,0.15811596419261129,0.08304462066857443,0.09755139247215516,"[9.02984771805612, 16.757503505161235]","[9.029557886947416, 17.241334011849386]",567,RS-M1-001,1,6,0.590851062722449,0.9031445026539028,0.5995876721189742,0.1999933657347268,0.1829013893102145,False,True,0.10898657269553544,0.1213920172109387,,,"[0.5899727863045834, 0.5495706559797865, 0.6051651380557143, 0.5620624747347783]",,False,False,True,False,0.005090641502404956,,,,
source-6,1675.329573341971,1707.5290711328007,27.970414417994615,0.6865512650208072,0.0014157373701789034,0.11199794086730372,0.0,0.018811788840301023,0.04916973856346488,0.005630861048754398,0.03963377345629547,"[10.986925423424928, 17.16117756873305]","[10.783296494061917, 16.378351705074714]",3220,RS-M1-001,2,6,0.08333875213080787,0.9069413934879531,0.14279674113562094,0.19223732525858245,0.08574153545702527,False,True,0.014422635889270676,0.011829992981871333,11.206384927263187,315.9600289857585,"[0.5965907449731594, 0.5590464280074112, 0.6562467114406978, 0.6207084941039249]",source-6,True,True,True,True,0.00400415736404858,1.6630976298640214,315.9600289857585,11.206384927263187,10
source-6,1709.277613264071,1714.5402267868828,4.75509066321431,0.026924897426087096,6.42771283814087e-05,0.0032736850163147674,0.0,0.0007242560671765093,0.026988820915527546,0.0014372217811723105,0.009130777954017457,"[10.777170486941818, 16.370709896553304]","[10.747916703433354, 16.336207407250427]",526,RS-M1-001,3,6,0.14012360706627544,0.9056095289031258,0.13519155544620243,0.08623742892575884,0.08447649681652146,False,True,0.004538825182282832,0.007295262076577962,0.009838574196592731,1.7485421312703693,"[0.5488828375873571, 0.5082214952561852, 0.5971489281397938, 0.5591487668305961]",source-6,True,False,True,True,0.0006884590112319429,0.00035040128639329815,1.7485421312703693,0.009838574196592731,1
source-6,1735.3965965246025,1743.9595685708662,5.634304107991741,0.08149763867075646,0.00035887042006312384,0.008718246216015494,0.0,0.00814675879250379,0.059742938334567175,0.008221963425761558,0.015141160816077841,"[10.89342859584817, 16.55079476384905]","[10.99627795637523, 16.91380119658404]",923,RS-M1-001,4,6,0.10151734959696285,0.9054095569418525,0.09583291415295316,0.09034081630267454,0.08405832599116435,False,True,0.03078634739469187,0.05602095805871488,0.28291367230251296,20.85636973771966,"[0.5645320177183273, 0.5276371981558245, 0.6499647663433049, 0.6114540252039952]",source-6,True,False,True,True,0.0015473510213354414,0.03611128792213547,20.85636973771966,0.28291367230251296,1
source-6,1781.3571160075676,1785.5302128500903,3.2041119191971084,0.029950598034484563,0.00026234629337581154,0.002833986133242767,0.0,0.03537797111351308,0.0356448852784735,0.010485062400379245,0.011827902967997378,"[10.756788498378615, 17.65365982652227]","[10.69285731900509, 17.721074708812555]",418,RS-M1-001,5,6,0.034490440237808354,0.9050054245422957,0.03069681090867269,0.09440183955327465,0.09268632884979242,False,True,0.031188589112642218,0.012980510255117558,0.8546822885731586,37.397547436701416,"[0.5850715104565979, 0.5563533326740144, 0.6614054289095302, 0.6249323567484159]",source-6,True,False,True,True,0.000884484126869361,0.08539658121962601,37.397547436701416,0.8546822885731586,4
source-4,2584.3852909697866,2590.817193929998,5.418454841645394,0.10363614830631333,0.0009128456703243266,0.016218964084648065,0.0,0.033031306891433763,0.06298204808012704,0.04235780703181372,0.021304290358222313,"[16.51675680110118, 10.87548615682551]","[16.5532230643407, 10.89464538845435]",573,RS-M1-001,6,4,0.13195689511460507,0.8915888324867791,0.1372579527562687,0.19998876242526023,0.18395425497282888,False,True,0.044049562924224545,0.003712488927709183,30.332581739381453,798.8550781196964,"[0.7238955103315063, 0.6831028283593491, 0.6561276848016582, 0.617394707075121]",source-6,False,False,True,True,0.002993282136448135,,,,
source-4,2597.0708116048527,2597.574374270787,0.22634647079645875,0.0017294401240767285,3.0137297652188764e-05,6.880975775683911e-05,0.0,0.04463434941736735,0.04463434941736735,0.0014843044599789149,0.0013366533092904745,"[16.5710779453362, 10.903341503011747]","[16.580175616417968, 10.90760535867959]",66,RS-M1-001,7,4,0.12682115049363082,0.8914934568678909,0.12608328111121045,0.18420079155615404,0.184154399045949,True,True,0.017079808946128816,0.02272842828448437,0.030977025469127284,6.253617674854468,"[0.6863275579056273, 0.6477346017957419, 0.5962835682413404, 0.5564310542035862]",source-4,True,False,True,True,0.00030400190254663186,0.0031937794369765182,6.253617674854468,0.030977025469127284,1
source-4,2612.529153828875,2633.0671939309204,16.41990856291678,0.2015173119899528,0.0006517579375434699,0.041756985077498664,0.0,0.01695947682480955,0.044839261728212315,0.016541213579439877,0.03169701389502687,"[16.70138571719588, 10.954373883902353]","[16.418044598061396, 10.813220702924646]",1924,RS-M1-001,8,4,0.10177243057779334,0.8911621813878493,0.11067210608380486,0.1846867403049156,0.14524511019041392,False,True,0.020830546728815194,0.004974401188209448,0.2057124658294498,14.954779558088376,"[0.6234378280375252, 0.5853143917689467, 0.5754639465012552, 0.5339091954229084]",source-4,True,False,True,True,0.0025430704999054566,0.03458061996274564,14.954779558088376,0.2057124658294498,1
source-4,2635.002134716213,2636.9571939310053,1.8394893447750387,0.006727732082204145,1.222003797984745e-05,0.0015179149706191365,0.0,0.029392518223342993,0.029392518223342993,0.0003032392244630411,0.005466770686199791,"[16.414736191406167, 10.810842940646875]","[16.40756644894956, 10.805619320549727]",192,RS-M1-001,9,4,0.10750094265130376,0.8908351829374056,0.10592589907874539,0.14550864587703732,0.144261036691403,False,True,0.0014537127810876768,0.0052806743519835326,0.004143355949778993,1.9349407852923832,"[0.6305052572133059, 0.5914853273097025, 0.5656736453881079, 0.5242995372001521]",source-4,True,False,True,True,0.0008251828013740252,0.000292163177417315,1.9349407852923832,0.004143355949778993,1
source-4,2638.9581774293956,2639.46719393106,0.3561110129090775,0.003421481322657124,5.1616986383306714e-05,0.00020961183061061955,0.0,0.007600159674298613,0.016802766895418014,0.0025133215285969516,0.0063964709609509295,"[16.404076673097695, 10.803041336743197]","[16.40225422805927, 10.801685719696746]",39,RS-M1-001,10,4,0.10281664007980312,0.8907787612533429,0.1022052133505788,0.14452637668018967,0.14440027759023052,True,True,0.005302801799725719,0.0038288746403129857,0.005376321154685115,2.0009834983902692,"[0.6206860128834794, 0.5816313959277146, 0.560518524961238, 0.5188776630560155]",source-4,True,False,True,True,0.0005886137272147149,0.0011812449744041942,2.0009834983902692,0.005376321154685115,1
source-4,2641.884469920501,2646.477193931213,3.553397391427119,0.04270983798919888,0.00015349215614817447,0.007888196631353095,0.0,0.009662256124735842,0.03812617356306422,0.004206701813848761,0.01571631841426777,"[16.39979163853058, 10.79984368660163]","[16.353260358526118, 10.762710847336693]",399,RS-M1-001,11,4,0.09844259540997549,0.8906932766612545,0.09910514576360736,0.14473122606460337,0.13753298245864798,False,True,0.007276747993339357,0.007763641201760484,0.0074121187445683745,2.4172759894408955,"[0.6151572752428534, 0.5760777618937643, 0.5576960332993709, 0.5159322527983234]",source-4,True,False,True,True,0.0022199027472649293,0.0022380085149893425,2.4172759894408955,0.0074121187445683745,1
source-4,2718.574878629919,2722.1087920584855,2.921213115667794,0.11905551188448725,0.0008683763417157895,0.00536531715891821,0.0,0.00766625116095468,0.03948964398277062,0.033392526448135756,0.04379619909797263,"[16.658757950255993, 10.93997545900517]","[16.78630145467591, 10.976899653362919]",355,RS-M1-001,12,4,0.6826022135452186,0.8899560680124208,0.6823546696197588,0.14782611063922263,0.14295649632126287,False,True,0.06299879058848129,0.020795071935952345,0.9939437568039153,72.09768469870596,"[0.746202117777902, 0.7083291167227381, 0.6005070098127943, 0.5631539772410638]",source-4,True,False,True,False,0.001836674335789325,0.1034514304883769,72.09768469870596,0.9939437568039153,2
source-2,4038.3885971467744,4044.6357834266687,4.945732400339114,0.2903283435850558,0.0017851266057445807,0.016043623522443297,0.0,0.10123568580037388,0.12447277018824983,0.06781374625551712,0.07410979484250871,"[17.99879250800457, 3.0491276510687904]","[17.97150471664742, 2.762979778028547]",643,RS-M1-001,13,2,0.6296785399795806,0.8149614548114766,0.6354877645326119,0.19999876533410615,0.1841121838989135,False,True,0.069416302996284,0.03452429044644255,59.6956521984676,1316.2798050882889,"[0.7359661801384099, 0.6933518996227854, 0.6391543446898331, 0.5903875261674998]",source-4,False,False,True,True,0.0032439327937239856,,,,
source-2,4048.5070162447323,4048.5070162447323,0.0,0.005660879084901259,0.0001132175816980252,0.0,0.0,0.05743598692406495,0.05743598692406495,0.005660879084901259,0.0,"[17.96506869250996, 2.7380030175857306]","[17.96506869250996, 2.7380030175857306]",1,RS-M1-001,14,2,0.629137868779261,0.8144193855491447,0.629137868779261,0.18426515731751644,0.18426515731751644,True,False,0.007739526668635779,0.005007374643520476,0.03674079030835742,3.8712328180636177,"[0.763333359190192, 0.7229116424856806, 0.6227061374450189, 0.5733071047091484]",source-2,True,False,True,True,,0.007837707360571322,3.8712328180636177,0.03674079030835742,1
source-2,4057.4064138220897,4059.1389216490943,1.590132672974634,0.022563435447910674,8.711311539445432e-05,0.0019351973152043555,0.0,0.096912585979493,0.10613375542436562,0.0035126346997171533,0.019557754167358755,"[17.965461638001756, 2.739454753078805]","[17.961519720493722, 2.7252640738160308]",173,RS-M1-001,15,2,0.6149581383929366,0.8143491328551504,0.6140178050023062,0.18460923191826178,0.18274775145925704,False,True,0.003973564033482353,0.00920258499187575,0.07257800749985677,8.899397577357377,"[0.7744152336780865, 0.735031120320368, 0.6139192609281656, 0.5643730129363387]",source-2,True,False,True,True,0.0012170036803182058,0.027008267515586937,8.899397577357377,0.07257800749985677,1
source-2,4060.591431953548,4062.9389216491772,1.8104083618942022,0.01688386917081772,6.115373270627462e-05,0.0017004967103099514,0.0,0.06375365122928466,0.08450834737097951,0.0013912191689941385,0.011114635305955167,"[17.959434841577277, 2.718069538940033]","[17.940665950833427, 2.660665758749419]",242,RS-M1-001,16,2,0.6116863819987227,0.8143044480503704,0.6096884710193167,0.18280337503033162,0.18121604863977017,False,True,0.006314130120600012,0.03974860446586534,0.007555548880503693,1.452510304453881,"[0.7186189823753126, 0.6739538077642927, 0.5940086761478979, 0.5443677634692141]",source-2,True,False,True,True,0.0009392890278802888,0.00042568776630047545,1.452510304453881,0.007555548880503693,1
source-2,4064.478548921614,4065.958921649243,0.6515349854897075,0.002776527168867528,2.012209898673074e-05,0.0002444635202776272,0.0,0.003922542168842877,0.03644426559029053,0.0008296326534020027,0.0031425724075404846,"[17.933881308428543, 2.6424168602744156]","[17.95071444214261, 2.6899320097517445]",181,RS-M1-001,17,2,0.6072748937806406,0.8142545260479763,0.6051860179203197,0.18128809139125068,0.1811134653922434,True,True,0.018367560573263622,0.03878286479314424,0.02928570414371734,1.5396272724369737,"[0.6597022935652644, 0.6114717089901269, 0.5835078146174957, 0.5339351065578625]",source-2,True,False,True,True,0.00037521165512529345,0.00022133857722073103,1.5396272724369737,0.02928570414371734,1
source-2,4070.5796849944904,4079.7455633901245,6.322675247193649,0.050117108907132286,0.00019455564421913443,0.005350056852013458,0.0,0.02334605197708573,0.08089241418712746,0.00223296785245145,0.011634490906056916,"[17.982521986792506, 2.8138534300201505]","[17.999441845551715, 3.0334065492254525]",863,RS-M1-001,18,2,0.5978761283511581,0.8142063372450086,0.5888518493615281,0.18132410397956272,0.17646390571798745,False,True,0.016791188171986285,0.06707298841009124,0.12812909589609944,4.620763345247269,"[0.6466842442368901, 0.5980357900838529, 0.5804807513033315, 0.531355927587272]",source-2,True,False,True,False,0.0008461698004160671,0.0010422456558030202,4.620763345247269,0.12812909589609944,1
source-2,4321.281183759399,4332.938921655071,10.779593306368605,0.36510336203539934,0.0012462125512869824,0.055984895312691796,0.0,0.026802831788064006,0.04574031247904133,0.04077573909327638,0.0536692458068174,"[17.75295106378153, 2.341923487999443]","[17.600995551069246, 2.200747631641921]",1166,RS-M1-001,19,2,0.19217443905227438,0.8176566854137178,0.2288849975740956,0.18706378147807282,0.13249343756801926,False,True,0.04828511799999163,0.0027316669906404184,12.437309695486448,241.5356203692745,"[0.7553505424015851, 0.7141219188162993, 0.6161309975986808, 0.5663869112825323]",source-2,True,True,True,True,0.005193599955168606,4.207311930427834,241.5356203692745,12.437309695486448,11
source-2,4373.567321436333,4389.078921656296,10.477410226581462,0.23933036132873348,0.0012466114425800118,0.02891952607008797,0.0,0.0563045022710276,0.0563045022710276,0.03531984005280545,0.039092258647546764,"[17.724780838399006, 2.3110205109312085]","[17.999565325705383, 2.9705161551563246]",1600,RS-M1-001,20,2,0.1628880568041737,0.8165195908432406,0.16598495195595722,0.13900370330293316,0.11318953982095786,False,True,0.056402494982297845,0.05122736289180962,0.8695938035103552,40.62839978126249,"[0.5706728152306373, 0.5224939363647693, 0.7228347796604844, 0.6788879044649478]",source-2,True,True,True,True,0.0027601788461731106,0.3526410904679329,40.62839978126249,0.8695938035103552,2
source-2,4498.665168969269,4500.0,1.1064712486042731,0.19891347102818044,0.002231965932066866,0.003977582017772925,0.0,0.030657779529768656,0.030657779529768656,0.09973386248499472,0.09679591300742739,"[17.412212037318227, 3.9110879410576436]","[17.32786230039228, 3.9447255400513166]",134,RS-M1-001,21,2,0.6862990866076394,0.8139846989520156,0.6880699889833553,0.13395469938640842,0.13024220503150044,False,True,0.1268682188825878,0.05657338773420945,3.4898230431381876,109.58624731297277,"[0.5717368724101649, 0.5238378869969477, 0.6989690019877532, 0.6534868692876625]",source-2,True,True,,,0.0035948354038031565,0.627165990250163,109.58624731297277,3.4898230431381876,6
source-6,2287.832017939398,2293.2537208445965,5.321204161579044,0.4279915954119529,0.0019625003354352744,0.03589815524422251,0.0,0.0001509592696738814,0.051551940041563875,0.09356090375394611,0.0941506109790494,"[10.994227254236778, 16.89270523263959]","[10.996817772426711, 16.920285952191747]",542,RS-M1-002,1,6,0.4753363749307705,0.844504070070509,0.5023790595710996,0.19998294935632718,0.16438710506417065,False,True,0.09365613628829458,0.0033751360212777542,,,"[0.588397190786436, 0.5462154469168858, 0.6065937968737386, 0.5684750767194451]",,False,False,True,True,0.006746246555134974,,,,
source-6,2548.782590322955,2583.4993847035585,30.813825892700393,1.0901339269702985,0.002017062800587265,0.13094648332804093,0.0,0.0038548171888127944,0.061029751830754445,0.021211599221468286,0.054724111798202225,"[9.732987707833788, 17.96369312328856]","[9.093587235975837, 17.422393065056365]",3473,RS-M1-002,2,6,0.0853647126325971,0.8426684285190013,0.1591392263451569,0.1811904924075882,0.05854970263803507,False,True,0.022435382308169022,0.0232550242130626,8.222105948489016,255.5288694783585,"[0.6283727460881849, 0.596613704436545, 0.6149314156089483, 0.5834913636398891]",source-6,True,True,True,True,0.004249601584172686,3.031620946420076,255.5288694783585,8.222105948489016,11
source-6,2707.2606724763787,2714.278137718152,5.036212681833119,0.3458853083069162,0.0023495974852488183,0.008158114316146723,0.0,0.10864215263530307,0.12030852637396298,0.08516364969598958,0.08621060880222736,"[9.136126383339825, 17.503708620616923]","[9.484935302391976, 17.85715153495628]",754,RS-M1-002,3,6,0.65903403087686,0.8393723247089245,0.655696622475962,0.0961741601649004,0.08992767679283589,False,True,0.09774964682798291,0.10556989404640578,2.61485751929753,123.7612877728202,"[0.6816179174504987, 0.6418308138253487, 0.5912160258292615, 0.560754933325231]",source-6,True,True,True,True,0.0016198907455944197,0.6072965604595597,123.7612877728202,2.61485751929753,4
source-6,2757.014030904428,2798.685972607335,37.208362792700214,2.25652664503837,0.004905080730509441,0.06668845358728676,0.0,0.038258770053647834,0.14542209226958186,0.12541822519059065,0.134380202094592,"[10.519195108380938, 17.85465574332169]","[10.426428459037691, 17.904521292939307]",4116,RS-M1-002,4,6,0.5867124932784388,0.8362176357137839,0.5864078780216274,0.10106314596105584,0.048390124950600105,False,True,0.13139059567453365,0.09388038296175542,1.9685206402602091,42.73589318627637,"[0.5659437223152507, 0.5344885172749496, 0.5867889525646999, 0.5583801753596133]",source-6,True,True,True,True,0.001792297445572374,0.5787794944160916,42.73589318627637,1.9685206402602091,4
source-5,3666.121053094578,3689.2924546238473,21.39430127422255,1.7412862940803604,0.002611182623389775,0.09757194717117254,0.0,0.01109093025724157,0.12610164043580013,0.08323607879682167,0.13101045120060772,"[2.3941424184719207, 17.79557312112766]","[2.129517036270698, 17.49219854726755]",1999,RS-M1-002,5,5,0.5690639550390648,0.8364494302242889,0.6285106776226702,0.19998780279995831,0.10603459550749543,False,True,0.08349930345236341,0.1064001687060347,35.72599799424128,867.4350804872433,"[0.6679874981747889, 0.6234520634830819, 0.6813948561713462, 0.6374878970984936]",source-6,False,False,True,True,0.004560651265051339,,,,
source-5,4199.5490497335595,4227.0285787298035,21.418778006295984,1.3873979427009895,0.004513549781484315,0.0828872339295468,0.0,0.019700365598316213,0.09338933636962313,0.08876548670401842,0.1053172406517502,"[2.4498225705588754, 17.835047780774584]","[3.8543305548736377, 17.51973019651055]",2757,RS-M1-002,6,5,0.5016047415592385,0.8262435483216329,0.5392536158930058,0.17368332942311915,0.09642698104062142,False,True,0.09853711260880349,0.048973954046469766,19.05482442838769,510.2565951097122,"[0.726109137695047, 0.6842368048923947, 0.6246159362503786, 0.5796591078308693]",source-5,True,True,True,True,0.003869839535438593,2.535533905870554,510.2565951097122,19.05482442838769,13
source-5,4245.282005310718,4249.4785787302935,2.9580509946919338,0.08330217281439334,0.0006987220848009297,0.003761304153953581,0.0,0.05727907890674165,0.10346005929879629,0.027320420531344508,0.028949132394283626,"[3.955816978698016, 17.293962418235004]","[3.9962333595931954, 17.08671471952406]",449,RS-M1-002,7,5,0.509176086387068,0.8229588998636025,0.5061954385830216,0.10103488723869229,0.09834050365572113,False,True,0.05767353570078635,0.07269401591183362,0.35539927916642,18.253426580914493,"[0.5428260757061424, 0.5008040061112075, 0.5759336754981487, 0.5314067967152314]",source-5,True,False,True,True,0.0012715481108010113,0.0993513155684953,18.253426580914493,0.35539927916642,2
source-5,4277.994117691559,4282.328578731011,2.7814643947676667,0.06827196977383716,0.0006303318745573355,0.0033506842563504526,0.0,0.07821865033966331,0.08208067226481555,0.02597476029410921,0.020337452024944084,"[3.979577992629105, 16.798935441916136]","[3.9998155295417943, 17.019217145460896]",534,RS-M1-002,8,5,0.46100575693329654,0.822287090983546,0.4573263233019881,0.1053286597075703,0.10302615092782531,False,True,0.05169755952632676,0.07586657113586297,1.05408323372842,28.51553896126552,"[0.5511247069085089, 0.5083392534800091, 0.6728964128590283, 0.6287237508369179]",source-5,True,True,True,True,0.0012046475456071162,0.25404469774032146,28.51553896126552,1.05408323372842,4
source-5,4357.882064442893,4362.47857873276,4.5500819368553245,0.10940399861216861,0.0008544827787024202,0.008367177429675967,0.0,0.017397290485466965,0.06763982128211006,0.04190056699700131,0.03713971520161513,"[2.910261267750388, 17.99596534080665]","[2.9034305730295986, 17.995326251220362]",276,RS-M1-002,9,5,0.3348109360333945,0.8213382429749306,0.33567350470577545,0.1196908786647264,0.11232540668559525,False,True,0.0423175281855657,0.0015607831844465043,2.9708847226393402,75.55348571188279,"[0.6060014744097639, 0.5604092442528356, 0.626812302103482, 0.5820388810309953]",source-5,True,True,True,True,0.0018389069792133748,0.6851140073296507,75.55348571188279,2.9708847226393402,4
source-5,4398.978806404362,4408.547813503278,7.183336416518,0.16100158198336964,0.0009060347610519694,0.014463553911446034,0.0,0.06677177795139057,0.0752359652934063,0.0311539392131633,0.03433966433101615,"[2.883048618648311, 17.993137641307555]","[3.1899682189977883, 17.981790240279892]",951,RS-M1-002,10,5,0.277797636457746,0.8206986927519047,0.2768713564196544,0.11993662813078715,0.10763926658864528,False,True,0.038131122525898266,0.02735935920467604,0.7616682783660167,36.50022767160226,"[0.7154037926448219, 0.6728304694278617, 0.5674889228615059, 0.5237263576562413]",source-5,True,True,True,True,0.0020134869192799123,0.33863787791919675,36.50022767160226,0.7616682783660167,2
source-5,4410.780635317125,4432.078578734279,16.633261408445627,0.18797196026000776,0.0004686188402509908,0.021139262579850587,0.0,0.018517747456451628,0.05410720395585561,0.0015403929224094733,0.024590812687290593,"[3.220803574069834, 17.975318297674907]","[2.7362561798653093, 17.964592762799377]",2055,RS-M1-002,11,5,0.27330151488604953,0.8203849289166684,0.26031935871232287,0.108148430324539,0.09237015217129227,False,True,0.008653284346209532,0.006498759742481389,0.033753420668773515,2.232821813847295,"[0.6004564366925467, 0.5560215469075965, 0.5404033440202887, 0.49776087299790645]",source-5,True,False,True,True,0.001270903045455476,0.00032575286802916104,2.232821813847295,0.033753420668773515,1
source-3,1930.0542616859182,1952.624572750473,16.956268170135168,1.1873805610598802,0.004240798304331647,0.09084007374506785,0.0,0.02936733406404172,0.09418437879390329,0.11348303261720935,0.11324386857706165,"[3.1585423221462507, 9.012647817510492]","[3.9332340983203964, 9.640731134365142]",2172,RS-M1-003,1,3,0.36756731494411216,0.9977303393476558,0.4211888880289162,0.19996361461267784,0.11291930978468531,False,True,0.11743174526451904,0.022328503580653154,,,"[0.6137989427139153, 0.574746554198106, 0.5814538480557299, 0.538070003905219]",,False,False,True,True,0.0053573152319602475,,,,
source-3,1956.663070311154,1968.4570488483398,9.493237639291921,0.3413194841469446,0.0008755582292226459,0.02479102174335631,0.0,0.04943253134849307,0.06769170583393506,0.006549225697259848,0.05344119827621961,"[3.9390815044196605, 9.656305472692837]","[3.987935941749056, 10.154863474692931]",1196,RS-M1-003,2,3,0.41472544642144565,0.9956282171817241,0.4205159888586182,0.11378939285861875,0.09193095738940293,False,True,0.011324751365752209,0.03822677116359113,0.02872425818765123,4.03849756068098,"[0.5873075109366864, 0.5453763952040519, 0.5388344836535642, 0.4952017253483057]",source-3,True,False,True,True,0.002611440130893575,0.006163206976162572,4.03849756068098,0.02872425818765123,1
source-3,1998.1063570741214,2006.757048848305,7.171351582326005,0.19805800116168246,0.0008110398662703266,0.012888144296319445,0.0,0.08307701266847227,0.1173959608809134,0.027184058344164836,0.04059132033843724,"[3.968681320787703, 10.248307266935068]","[3.8473371200089224, 10.53105591516935]",865,RS-M1-003,3,3,0.37038107562012534,0.9943399622995639,0.36849482570763814,0.09965070636856381,0.08905038866872211,False,True,0.02737691255283282,0.10693408968126229,0.2927232215796778,29.649308225781624,"[0.5275864187513515, 0.4848048326210653, 0.5343575377501025, 0.49282384403208057]",source-3,True,False,True,False,0.0017971708886903041,0.055800962498187,29.649308225781624,0.2927232215796778,2
source-6,4257.520040129973,4261.837530122587,3.744831511699724,0.04943857058318941,0.0003973642446339597,0.007843562464863835,0.0,0.04815154091211778,0.06643849249724175,0.018668855655335718,0.0151036483700153,"[10.987379598760755, 17.1583714873329]","[10.990140195483622, 17.140079960470324]",390,RS-M1-003,4,6,0.21214954720700824,0.8956965204849142,0.21266933434087892,0.19997690596980994,0.19219671200188562,False,True,0.019056660560097,0.0051086657928055045,90.11562366937046,2250.7629912816674,"[0.591283636174096, 0.5510720844828606, 0.6231216926510926, 0.5875580262044571]",source-3,False,False,True,True,0.002094503435030047,,,,
source-0,46.87503731893977,70.09649876585583,20.379150278848122,2.1687125214151672,0.004750288512929144,0.09434075847789739,0.0,0.04510550509431934,0.14005355585692572,0.10147088223987982,0.13587243976274244,"[3.839500400945404, 3.5433590681324927]","[3.0087638662592164, 3.99996159661783]",2443,RS-M1-004,1,0,0.6237814868145977,0.9979705823552024,0.6797628977880112,0.1999609037388154,0.10898754568744597,False,True,0.10379213874263812,0.11762155340047012,,,"[0.5897198399623084, 0.5398855866726173, 0.5769554313067908, 0.5286399506554268]",,False,False,True,True,0.004629278315682049,,,,
source-0,89.4889343688266,91.57000000000994,1.8739760265410608,0.08531851949958798,0.0006799426414484598,0.0029478204174265715,0.0,0.012332682288859479,0.06456833893389813,0.0302936007370189,0.04421485723199778,"[2.5644773936783207, 3.9001777932402515]","[2.6002143387435566, 3.9166086561095868]",209,RS-M1-004,2,0,0.6493435125884339,0.9946438394723317,0.6490141640015571,0.11329243634745008,0.11080559099593687,False,True,0.03589933030624667,0.012828924153383601,0.915773414434025,19.392435602970778,"[0.6887687779259369, 0.642731404622761, 0.5780834868856679, 0.5300512129170185]",source-0,True,False,True,False,0.0015730299511182043,0.200137085234676,19.392435602970778,0.915773414434025,4
source-0,1017.8536577484987,1027.7553010955753,7.47418973461337,0.5177374780399694,0.0027163814902243792,0.03446270991510746,0.0,0.07314836023835816,0.11444661348071729,0.08559270422596439,0.0834571235083935,"[3.615999819184052, 3.787746293500288]","[3.0154931440136687, 3.9998803696059806]",1066,RS-M1-004,3,0,0.5470481350125885,0.9928579147611041,0.5652926812621507,0.19118607434052348,0.15747920571885318,False,True,0.096302873088336,0.09567111611732505,33.073292519304644,926.2836577484887,"[0.5922736120285567, 0.5427120671769781, 0.5726832766770402, 0.5248622642697065]",source-0,True,True,True,True,0.004610895781185327,3.688707771239536,926.2836577484887,33.073292519304644,23
source-0,1117.8118891372512,1126.8653010954852,8.007250714678317,0.281339808990195,0.0017559735481629869,0.025103410207269253,0.0,0.062126014632596524,0.09475053111138713,0.07329246746274101,0.06887698152491481,"[3.1807955186377943, 3.9835207067191116]","[3.3211343787241803, 3.9470336378470985]",870,RS-M1-004,4,0,0.4198291491143851,0.9903875380061443,0.43024149425064334,0.16602641165753296,0.14207331194274572,False,True,0.0777853125889758,0.0019248831897313373,3.798556964675093,90.05658804167592,"[0.7168372705542536, 0.6727313562545356, 0.6026206477773337, 0.5534234864862937]",source-0,True,True,True,True,0.0031350848252136632,0.8332270974044189,90.05658804167592,3.798556964675093,4
source-1,1887.6741333440223,1891.1945287641038,3.4067422426996012,0.3860868110660162,0.002201348855928688,0.021579901321092953,0.0,0.004597151038776363,0.02663592286004674,0.10150188882460927,0.1167382273425811,"[9.027368415983185, 2.7676472470226035]","[9.038406787738872, 2.725521411181099]",352,RS-M1-004,5,1,0.5929391195514253,0.9850820780609414,0.6087900054862293,0.1999967098953586,0.1785316818216107,False,True,0.10327437670856257,0.004442176910811823,27.552957666784827,760.8088322485371,"[0.6432389076530179, 0.5933960233694678, 0.6685627430875036, 0.6202091137772409]",source-0,False,False,True,False,0.006334468469793128,,,,
source-4,3236.3900221317185,3249.946220724738,13.175422224819494,1.2858376803685578,0.0020710328460315217,0.08192350695607138,0.0,0.0177297588825828,0.0427045520446106,0.08125101982042592,0.12929895462955154,"[16.446521010820096, 9.167136860821863]","[16.533858731282912, 9.115289696792614]",1277,RS-M1-004,6,4,0.5265309060089631,0.9462186748971347,0.5861332770152645,0.19994857671645233,0.11972368670687673,False,True,0.08129176741628819,0.0067736827185741295,49.47425822437327,1345.1954933676147,"[0.5750437044828631, 0.5305713584198839, 0.5952351743393888, 0.5535036914262247]",source-1,False,False,True,True,0.006217903726967183,,,,
source-4,3339.954354113484,3346.2039004200046,5.910014006781808,0.21120856123219262,0.0011984735091344206,0.01517982973674273,0.0,0.054959844848810904,0.10837125625386922,0.05524641391007829,0.05533856608534921,"[16.808627402800084, 9.018482537527124]","[16.756323036396058, 9.030143547967812]",566,RS-M1-004,7,4,0.4398209856935934,0.944667734169311,0.44462624775247683,0.13589135887249273,0.12186370152322236,False,True,0.055395632636422304,0.009900665015301067,4.333925585542303,90.00813338874605,"[0.6535189682729252, 0.6154612133302859, 0.6182524969451202, 0.5745747482192434]",source-4,True,True,True,True,0.0025684930220679176,1.2635186327083945,90.00813338874605,4.333925585542303,3
source-4,3352.583892943954,3353.474937692743,0.5154454355862597,0.005641881938498523,9.461894100128564e-05,0.00012169355688101406,0.0,0.02419063288620177,0.05172176584624713,0.0045819734539583705,0.004837948370211765,"[16.87911003580339, 9.00733408610906]","[16.892307913852665, 9.005815703815768]",76,RS-M1-004,8,4,0.4340164512032341,0.9444825494692984,0.43267986383947177,0.12309862743333426,0.123149498586763,True,True,0.02085322812058736,0.009988105052676426,0.13667969321839735,6.379992523949568,"[0.590435018666936, 0.5465321602890054, 0.5488935160626474, 0.5073543457442938]",source-4,True,False,True,False,0.00023609396548948325,0.007466577802496266,6.379992523949568,0.13667969321839735,1
source-4,3364.751860457032,3366.5162207272824,1.612123852597831,0.07802744705073791,0.0005046648744313761,0.00546201003666845,0.0,0.017089483200489957,0.02407928580072099,0.02158359216984476,0.05813875723806191,"[16.890555409449615, 9.006007101770116]","[16.925579297102075, 9.002773060360703]",177,RS-M1-004,9,4,0.4149455570964642,0.9440478981539794,0.4175710731915368,0.12526804153855622,0.12016655213014896,False,True,0.026354333364247414,0.01643853348806232,0.12830732613591067,11.276922764288884,"[0.5581508518026665, 0.5146856005755904, 0.5559711711815692, 0.5161482920004012]",source-4,True,False,True,False,0.0033880833832132576,0.04852933907204271,11.276922764288884,0.12830732613591067,2
source-2,3574.1978967035384,3577.2962207318833,2.728712992984709,0.050505903703792425,0.0005140084870194773,0.007927389347691747,0.0,0.029967882727673822,0.03650741202161125,0.023561933425595396,0.016297656773248088,"[16.781149209460978, 3.9757583366395517]","[16.74215814142508, 3.9661871341217414]",308,RS-M1-004,10,2,0.07640134327114523,0.9435036664544323,0.07942199084470555,0.1999585672377597,0.1921095371734285,False,True,0.031032099271927228,0.006651457373741057,9.239168455983517,207.68167597625597,"[0.6043381146364196, 0.5571679172781465, 0.5652360876930466, 0.5180897990923973]",source-4,False,False,True,True,0.0029051752119304583,,,,
source-2,3582.1246408629186,3589.8537923828703,5.977784972700039,0.06440892666939203,0.00025419240283454587,0.0155967575439789,0.0,0.03243715696935648,0.06057371700588747,0.006411427985812772,0.013006176459035394,"[16.73454717417616, 3.964123849578103]","[16.56095622622237, 3.8984656725846447]",788,RS-M1-004,11,2,0.07179286526213755,0.9433326680762085,0.0747906422927583,0.19219926710377702,0.1769422144647466,False,True,0.011627869810641166,0.031968926330006815,0.01919831883714096,4.828420131035273,"[0.6230982519983769, 0.5759276803766653, 0.5676593126495195, 0.5207142622806684]",source-2,True,False,True,True,0.0026091198688490418,0.0049247936588376895,4.828420131035273,0.01919831883714096,1
source-2,3615.229581244747,3618.4962207327826,2.969606867453244,0.026463672626738967,0.00026426434060990747,0.004298369221476953,0.0,0.0032396770986836887,0.01324104442347864,0.012220683059297096,0.009401150821933218,"[16.450373087514684, 3.8354102328291666]","[16.472756658630164, 3.8497143411366226]",327,RS-M1-004,12,2,0.033570593422989854,0.942962290571904,0.032802624270803986,0.17834011683678488,0.17425404816297682,False,True,0.020079972689427884,0.005781997403596822,0.6546610879786954,25.375788861876572,"[0.7633065056937033, 0.7229032532145329, 0.5932062831639873, 0.5461130922609608]",source-2,True,False,True,True,0.0014474539605181021,0.16789158835088314,25.375788861876572,0.6546610879786954,1
source-2,3683.3270404567916,3686.8360743887033,2.198491637718205,0.0590264504120322,0.0004913465150985306,0.003400014645265248,0.0,0.049304440854482864,0.09556865871538874,0.019334535060435934,0.03676840886351713,"[16.466239028387083, 3.8456353973675554]","[16.622535694181774, 3.926024188360245]",365,RS-M1-004,13,2,0.6288040505294163,0.9425557491912715,0.6265842019157428,0.17807587326741345,0.17491911221515427,False,True,0.049579028426712364,0.03415337519692408,1.7943420601571631,64.83081972400896,"[0.7355506653951189, 0.6929382350612253, 0.5811214264935475, 0.5340791461469581]",source-2,True,True,True,True,0.001546521527274988,0.4871181230685526,64.83081972400896,1.7943420601571631,4
source-3,430.57893493360706,438.6809656480378,6.397031503756819,0.8048860405886469,0.003974945249252808,0.028375641170052063,0.0,0.03526912106063675,0.17182319059117088,0.12643132595048337,0.15532944902402926,"[2.1275296664957124, 10.488667082321607]","[2.0017076286864857, 9.941584749886536]",854,RS-M1-005,1,3,0.6957864756977521,0.9974713734809904,0.7106212878949363,0.19997751515240508,0.17199692870879485,False,True,0.14022106234267828,0.08538613708865721,,,"[0.6176560972150634, 0.5795229117907624, 0.6278786556060082, 0.5963923811330935]",,False,False,True,True,0.004435751356451465,,,,
source-6,3530.767996061677,3548.096241893725,15.054965517791851,0.6176508641792292,0.002692374055754206,0.04659342774015571,0.0,0.0189733717487422,0.10301342831699419,0.09283247546826671,0.08692265582203741,"[9.026539631276446, 16.77114434528678]","[9.15948616071634, 16.45820933404138]",1707,RS-M1-005,2,6,0.5896980514519949,0.9868479299840482,0.6082951189538026,0.19993807215515907,0.1545279680297431,False,True,0.10828006350752492,0.08738948599809442,116.19811386457053,3092.0870304136392,"[0.5970726710548647, 0.5573221628194934, 0.5978660665632352, 0.5550708241981851]",source-3,False,False,True,True,0.003094887708981593,,,,
source-6,3555.433972205987,3557.536029583502,1.3137184006634801,0.036907118678607805,0.0002302539780035367,0.002411085402523488,0.0,0.01605520315115286,0.10787870363045057,0.007914913147426995,0.027634139602545696,"[9.256408376769071, 16.331365946168212]","[9.178154594530787, 16.430289433465013]",275,RS-M1-005,3,6,0.5968951421947167,0.9858539071747123,0.5958862926696417,0.15535060016392296,0.15318569106400223,False,True,0.02821344023520008,0.07615764456979959,0.18778264855160387,7.337730312262011,"[0.7069395320078805, 0.6679672981384791, 0.5912159867781642, 0.5510860976383952]",source-6,True,False,True,True,0.0018353137181497906,0.004181400645473232,7.337730312262011,0.18778264855160387,1
source-6,3576.4442138636787,3582.643393231317,5.302834723119292,0.37581719980283346,0.0017040689713680357,0.02015165986261898,0.0,0.09956548751236935,0.10001041912883502,0.05859707883695453,0.10213069984826949,"[9.00769695625818, 17.123833232546307]","[9.068057464822129, 17.36260599996453]",631,RS-M1-005,4,6,0.5650323074797168,0.984610009882918,0.5751769436308078,0.15534051173891905,0.13607099365233571,False,True,0.05938559729884977,0.04025550496059775,1.3634337936632335,18.908184280176556,"[0.5896233931177237, 0.5529226756486072, 0.5796748860034722, 0.5381330284109608]",source-6,True,True,True,False,0.0038001674415311863,0.35997659653094183,18.908184280176556,1.3634337936632335,4
source-5,115.50103285002635,126.80000000002796,10.17339907716206,1.0401546645792232,0.003294011918213743,0.06888680011415614,0.0,0.016432148622452528,0.053428570189425664,0.08989727590015538,0.10837452400708297,"[2.7254504736112177, 16.038427039868683]","[2.3344807583737883, 16.253619298292868]",1130,RS-M1-006,1,5,0.5117775215704812,0.998202054481997,0.5618678240356143,0.1999160933250476,0.13217539321718647,False,True,0.10137269197111151,0.015751491825482217,,,"[0.5956519500940911, 0.5517578250597774, 0.6070079611681903, 0.5625903596105387]",,False,False,True,True,0.00677126686878901,,,,
source-5,145.94494773817294,159.02000000000035,12.023471001797544,0.4963962342926176,0.0012230711829388234,0.030797073558621782,0.0,0.03948654809158165,0.13587295722924647,0.046045006871230226,0.0799820500210768,"[2.034857227853144, 16.738276043469707]","[2.011239751198653, 16.850490226987727]",1101,RS-M1-006,2,5,0.5301476840261401,0.9957850879443602,0.5392712161211228,0.13532471466133295,0.10723458193758767,False,True,0.06346762485108931,0.00546993903897612,0.8217572350721296,19.144947738144978,"[0.7234067296254943, 0.6813901135183569, 0.6059535978942309, 0.5603205354921968]",source-5,True,False,True,True,0.0025614128860141578,0.2025079764882447,19.144947738144978,0.8217572350721296,2
source-5,167.9826715850217,174.50999999998626,5.934258645603085,0.20742425740342263,0.0004379712206299123,0.01202983315404994,0.0,0.06190500466871572,0.11132649540995385,0.016591175906547646,0.07323327056428584,"[2.0098820496439407, 16.85976289924085]","[2.005973013076208, 16.890865450800177]",545,RS-M1-006,3,5,0.5244037727891858,0.9951510933807154,0.525572680657128,0.10927185236810577,0.09884425663657279,False,True,0.019336691753860036,0.0023214276952256427,0.04589626725458196,8.962671585021354,"[0.5530046366221458, 0.5088213251843537, 0.5671878638448142, 0.5234935992718525]",source-5,True,False,True,True,0.0020271838274125943,0.010501246603137115,8.962671585021354,0.04589626725458196,1
source-5,183.53825418681203,185.05926307581157,1.184848108917978,0.03169352767698147,0.0003799427395981718,0.0010417520174284258,0.0,0.052456164899643255,0.059736396514732594,0.017125643739922373,0.021083755141797427,"[2.0020674477955427, 17.064269910669143]","[2.0058072971978986, 17.107614450178176]",153,RS-M1-006,4,5,0.5104278703967465,0.994702432803419,0.508962947434896,0.10109967506889554,0.10043819327572674,False,True,0.042854112427319374,0.01645271965289009,0.1872314180845791,9.028254186825762,"[0.7017508008667044, 0.6583232314557047, 0.5571995490103588, 0.5123588997944116]",source-5,True,False,True,True,0.0008792283243628335,0.023043353400096223,9.028254186825762,0.1872314180845791,4
source-5,1169.8904187221437,1179.6593929177186,9.392059671413758,0.29541505062136775,0.0009145329199772941,0.042094044948671326,0.0,0.01903707607058396,0.050747315215069325,0.037169884674318324,0.054258893156600055,"[2.729461768729942, 17.96270923212488]","[2.7989474895635196, 17.979580465746558]",843,RS-M1-006,5,5,0.317987795801682,0.9842848912056061,0.34431893506789607,0.19143051164994712,0.15016401568584914,False,True,0.04444866090754686,0.0028369297398983615,32.63859246082649,984.8311556463321,"[0.7511061280164817, 0.7109440419722742, 0.633298050317194, 0.5885969426274742]",source-5,True,True,True,True,0.004481875799489574,2.5355339058374344,984.8311556463321,32.63859246082649,12
source-5,1197.830444756058,1206.1086630200991,6.299038509419609,0.09330607901726028,0.0005791639617047848,0.010784598469669367,0.0,0.026009434731742408,0.06274661598755903,0.021303813053792225,0.030973915666146237,"[2.7372799228239013, 17.96487209575414]","[2.562948095560131, 17.89943628621717]",840,RS-M1-006,6,5,0.3158429219089026,0.9836876797180404,0.3134405278106672,0.15233618665014778,0.14272351347485365,False,True,0.033562851919660186,0.02466991676431321,0.29541288388236353,18.17105183833928,"[0.5983301460802852, 0.5527202492771914, 0.7512435893306828, 0.7110851744482424]",source-5,True,False,True,True,0.0017121023237978356,0.11811454170614111,18.17105183833928,0.29541288388236353,2
source-5,1262.8512409419377,1264.5793929176414,1.6659504095378759,0.0748912101700007,0.0007700137981587374,0.00638353203385706,0.0,0.025950704202832714,0.0409246517712115,0.037440439249556506,0.05076793232074989,"[2.4028511014894263, 17.802130409023096]","[2.411793605093893, 17.80871084966826]",173,RS-M1-006,7,5,0.22222420183259142,0.9827857832324203,0.2257680554540343,0.1502369268256153,0.1441468334245294,False,True,0.037988348734078095,0.004660609118167717,1.283398342638712,56.742577921838574,"[0.675579421004785, 0.6312496565453587, 0.6263336700160639, 0.5813236241336993]",source-5,True,True,True,False,0.003831765938115656,0.2502534672943699,56.742577921838574,1.283398342638712,2
source-6,2812.028503522564,2815.7764530078975,2.413335914634296,0.17847029968930836,0.001463899935098387,0.011702680138356666,0.0,0.1106673712852903,0.1381955346227655,0.05735418526439862,0.05680182223026801,"[9.089627589890023, 16.586210107621874]","[9.00317173213573, 16.92041309779282]",480,RS-M1-006,8,6,0.500631397999824,0.9811044004461156,0.5059505843211218,0.19995345985130822,0.18836404121903288,False,True,0.08692207962403112,0.12124898632671535,55.448286286881505,1547.4491106049225,"[0.5806587302303348, 0.5390886134440191, 0.6134165422233239, 0.5699962657956913]",source-5,False,False,True,False,0.004849171666236952,,,,
source-5,3178.516794921088,3179.125250990491,0.4825451997216903,0.04761234522505355,0.0008537119521731691,0.0006652090561508009,0.0,0.005149666326182687,0.006451896812461104,0.042091174634006905,0.027360633265418932,"[3.47343951809429, 17.880826329517028]","[3.48513857009096, 17.87443728645506]",63,RS-M1-006,9,5,0.6158558418639111,0.9782430116506091,0.6155842792917485,0.1995232626122437,0.19886951748295398,True,True,0.05010855199176786,0.016776138322068767,13.955388127889321,362.7403419131906,"[0.5923613731286981, 0.5482747210732799, 0.6167419058320593, 0.5712794494495325]",source-6,True,True,True,False,0.0013785424796153036,8.451234938436999,1913.9374020034468,69.7506247263685,53
source-5,3427.445159623021,3436.0498519704192,7.988864858294826,0.26918948942567894,0.000992344000849818,0.0444143870985014,0.0,0.005708209308999625,0.05722941758019856,0.04094209090147986,0.047819476326054766,"[3.0905737204905765, 17.99588975353853]","[3.1573715735658543, 17.987539461505268]",685,RS-M1-006,10,5,0.2105542123088897,0.9738798347676145,0.24091493588898039,0.19935574488325292,0.15558391701783134,False,True,0.04335843357734057,0.0009475210758884658,9.353189151835537,248.31990863252986,"[0.7328987143416152, 0.6913365282568054, 0.6505937324225854, 0.6062936654363416]",source-5,True,True,True,True,0.005559536665886395,2.171820761718421,248.31990863252986,9.353189151835537,7
source-6,1322.8165436117029,1322.8232313528508,0.006687741148071432,0.022393281154072353,0.00044597117084504783,8.541740475899347e-06,0.0,0.14764553591005014,0.14764553591005014,0.022298558542252392,0.014163618136936522,"[9.276053887573223, 17.689856525945583]","[9.276604216762413, 17.69043404991192]",1,RS-M1-007,1,6,0.6529612561326231,0.999554028829155,0.6529612561326231,0.19999145833093,0.19999145833093,True,True,0.12146341695206263,0.11928458281327188,,,"[0.6105762235455681, 0.5739397367949101, 0.6655389938979448, 0.6245572779866315]",,False,False,True,True,0.00127722354779873,,,,
source-6,1334.4880567824573,1342.503231352833,5.938640606306028,0.24042812553698134,0.0009981025901136893,0.01879983480285073,0.0,0.013637402076764277,0.06366498588626654,0.019236539852524225,0.060090418948931794,"[9.527034549123794, 17.88108097379683]","[9.166605057672713, 17.55267792262261]",802,RS-M1-007,2,6,0.6345976155514694,0.9991692980321045,0.6405360659659534,0.1999737070407696,0.1813897586074725,False,True,0.06334537229942909,0.03285912109967258,0.46638100075967515,11.66482542960648,"[0.6189708425872426, 0.5819541143283482, 0.7476668608180126, 0.7099337694278433]",source-6,True,False,True,True,0.003165679833005531,0.02323684622305655,11.66482542960648,0.46638100075967515,1
source-3,1985.7158262943974,1995.6480871227109,7.838509616916543,0.22158841461424914,0.001234091665552608,0.031670662461956565,0.0,0.0449682966751689,0.0968890204020492,0.04146824502745922,0.03459927419862907,"[3.999971613010522, 9.992465189607007]","[3.9357468837115683, 9.647327673726174]",1031,RS-M1-007,3,3,0.2963232931585177,0.9271569395590722,0.31196326940738717,0.19997037345887542,0.16879806600427144,False,True,0.05474271012412324,0.04415321522673919,29.24036132352051,643.2125949415645,"[0.5650771985452125, 0.520758643544227, 0.6095661743221351, 0.5665863868686054]",source-6,False,False,True,True,0.004040393392336609,,,,
source-3,2018.2697464442829,2040.5414467265487,15.657160038505003,0.47920877945256285,0.0023502354236591026,0.05180177603337691,0.0,0.058770917222751164,0.07767068648548657,0.06571044550969611,0.07284759066714455,"[3.616539944509678, 9.21267637089608]","[2.7499815992172616, 9.031758890604621]",2151,RS-M1-007,4,3,0.2747840635954915,0.9254380038838751,0.290481437771853,0.17049677756390572,0.1222771257762838,False,True,0.07921124335739974,0.02429282191763321,0.8498359935826301,22.621659321571997,"[0.7535160928129783, 0.7151209926024145, 0.6230376615234163, 0.582939911856138]",source-3,True,False,True,True,0.0033085039627865436,0.2476188470061622,22.621659321571997,0.8498359935826301,1
source-3,2045.3094988381476,2049.011446726564,2.7448993201721903,0.020531549058207664,6.554422219318371e-05,0.0027858052259161947,0.0,0.03641063068695279,0.04138368378986105,0.0010261324798037641,0.010594593085141886,"[2.728183665207955, 9.037650853274624]","[2.789384423849947, 9.02243103445976]",339,RS-M1-007,5,3,0.2828831186551241,0.9243814547208151,0.27977601334245755,0.12319793300048887,0.12113395803165103,False,True,0.006308655085674049,0.01141614344793859,0.029606827755415566,4.7680521115989905,"[0.641691611737962, 0.6059555842018125, 0.5870351398971658, 0.551115420796883]",source-3,True,False,True,True,0.0010149025158931652,0.0006896985955109347,4.7680521115989905,0.029606827755415566,1
source-3,2058.023895224404,2084.019451901625,19.652136715048773,0.4679417230536686,0.0015382654599600488,0.04500898126628109,0.0,0.03059586192629148,0.08382688854070246,0.018540531219964834,0.03776317365170789,"[2.794918120742231, 9.021255179912428]","[3.796003063734915, 9.3947074073845]",2568,RS-M1-007,6,3,0.26570147315472986,0.9239656225238193,0.2677569595875667,0.12286085316872185,0.08452136908170123,False,True,0.02931465045061772,0.007644482614058028,0.04877961769346939,9.012448497840069,"[0.6119912919932313, 0.5773171326905908, 0.5678075988468252, 0.5294608614177608]",source-3,True,False,True,True,0.0022902843552790432,0.011817180234843905,9.012448497840069,0.04877961769346939,1
source-3,2085.405818563892,2098.1614255365507,9.710574769159912,0.17424741398478186,0.0004638504540391403,0.01461213118983913,0.0,0.069563867605966,0.08416805992452565,0.00037672195883382256,0.025536709248622138,"[3.7968719794168067, 9.395851799222214]","[3.4068502569234567, 9.086505134878864]",1294,RS-M1-007,7,3,0.2653663435429958,0.9227906332490816,0.2591494146437354,0.0849207165428463,0.07415675988193275,False,True,0.004696339961227343,0.04709406797956572,0.00412592729419714,1.386366662266937,"[0.6165186264842377, 0.5761970338571728, 0.5411510440036498, 0.4999816515444394]",source-3,True,False,True,True,0.0015047648092104916,5.950616056282776e-05,1.386366662266937,0.00412592729419714,1
source-3,2129.5747321340755,2136.571446728475,6.563413911344095,0.13218994990026306,0.0002892425066909346,0.011872361902169998,0.0,0.03419207803429257,0.04184597574281984,0.007798462182706195,0.037749673800044986,"[3.3086875950321164, 9.048836518357842]","[3.233871989483727, 9.02773260167629]",700,RS-M1-007,8,3,0.20899738030187298,0.9221783479905643,0.20961265920934702,0.08365619597547773,0.07391657235387483,False,True,0.011802787109043499,0.004524152420731179,0.3093188625137344,31.413306597524752,"[0.6854236031428005, 0.6444492506467968, 0.5681657228779637, 0.5321367765621146]",source-3,True,False,True,True,0.0018088699055913578,0.030892038853588266,31.413306597524752,0.3093188625137344,1
source-3,2137.92410702058,2141.181446728576,2.3245879377148517,0.034021281127020034,0.00013850860247389092,0.002661012799221067,0.0,2.165462238084187e-05,0.04575088518745098,0.004367921634357377,0.02936530692919024,"[3.2306753604815226, 9.026969230636698]","[3.220750042788716, 9.024669584463465]",240,RS-M1-007,9,3,0.20750974331428607,0.9219577162948416,0.204958745068077,0.07433262899708827,0.07271413358842438,False,True,0.005053874828839872,0.0031680193923122684,0.004115439564898793,1.3526602921047015,"[0.6242612514598442, 0.5811015350857309, 0.5856108162516527, 0.5499094622433918]",source-3,True,False,True,True,0.0011447245148475357,0.001016450969463012,1.3526602921047015,0.004115439564898793,1
source-3,2143.5042817551143,2144.6014467286504,0.8960883300643447,0.0077011045071761685,8.442379979766417e-05,0.000364406240602297,0.0,0.06702309613202422,0.06829190421412491,0.004013596709037645,0.006943921494205459,"[3.217636004507236, 9.023969995541995]","[3.213931766929062, 9.023151393540335]",95,RS-M1-007,10,3,0.20098332648363024,0.921826294190874,0.1994835550554713,0.07344869470226394,0.07343387872424782,True,True,0.00538894356855697,0.0035280852217312087,0.004380786578153106,2.3228350265385416,"[0.6767354615911156, 0.6354210618803967, 0.56860789606306, 0.533378989634873]",source-3,True,False,True,True,0.0004066633035787112,0.0011907449125219127,2.3228350265385416,0.004380786578153106,1
source-3,2145.772600307669,2146.4914467286917,0.6861389150033549,0.003784611962469365,2.030554946568236e-05,0.00029973940729429425,0.0,0.057527167055425765,0.05767746418299113,0.0009063997076711628,0.005293931478923812,"[3.211519211396174, 9.022626159880947]","[3.2088016132266324, 9.022041980445575]",72,RS-M1-007,11,3,0.1974984939879759,0.9218040143311035,0.19662595996357127,0.07380273101854543,0.07373105004332815,True,True,0.002633696908876554,0.00457138542453244,0.0024908728409940295,1.1711535790186645,"[0.6654656137305822, 0.6253771657837812, 0.5582698915943516, 0.5227814640112263]",source-3,True,False,True,True,0.00043684944949205903,0.00011531153328636634,1.1711535790186645,0.0024908728409940295,1
source-3,2167.8268115632472,2183.4914467294993,13.524803954471285,0.3471836213497743,0.0009383185913056232,0.026805742785273555,0.0,0.010620890291174048,0.054564519091928186,0.013458585890461368,0.04133079310881736,"[3.414660267115702, 9.090023701981638]","[2.999513558869068, 9.000000113419421]",1567,RS-M1-007,12,3,0.1622897682170491,0.921532665057982,0.1635050018502757,0.08028445609525606,0.05869921987829295,False,True,0.025590551450905843,0.017378292747541726,0.4134671666013645,21.33536483455555,"[0.6798661969692175, 0.6394487498262592, 0.5542831167614238, 0.5176150711343185]",source-3,True,False,True,True,0.00198196904557804,0.04705699065905544,21.33536483455555,0.4134671666013645,1
source-3,2186.4184421089262,2188.881105924032,1.4494986781416686,0.009704013071898714,6.42159067067031e-05,0.0006077237709218762,0.0,0.039583073706986216,0.04482000266613589,0.0023264765819359366,0.005419121331472898,"[2.9799942968652946, 9.000200134046146]","[2.9035289556337194, 9.004664208544213]",361,RS-M1-007,13,3,0.1587654807778035,0.9208169886528467,0.1553436775054171,0.059729397242375595,0.05998514955354549,False,True,0.013508927197456923,0.042668582782606095,0.019714007161937275,2.9269953794268986,"[0.6113477932163118, 0.5748142657380758, 0.5475716683515854, 0.5133103493455223]",source-3,True,False,True,True,0.0004192647982963386,0.001168394311395149,2.9269953794268986,0.019714007161937275,2
source-3,2202.4585901485607,2205.929882801561,2.9670512242190217,0.03768218128283717,0.00018342332788001938,0.0028278100814142088,0.0,0.022854542380658236,0.024531692870855982,0.006092231786287151,0.015612089716343532,"[2.7647977335471814, 9.028053553991901]","[2.70505304180394, 9.044486372703796]",348,RS-M1-007,14,3,0.1335126084506036,0.9206774576420534,0.13078586972314316,0.0646561923154246,0.06301269386494127,False,True,0.01687737951161817,0.014079786036417652,0.18858985362136593,13.577484224528689,"[0.6380024506328547, 0.6001104850201553, 0.5565040961107648, 0.5248740352866185]",source-3,True,False,True,True,0.0009530708665666992,0.008160666439368525,13.577484224528689,0.18858985362136593,1
source-3,2296.3318107779983,2304.629432585249,7.868508935662802,0.30601810053336137,0.0013952518463535035,0.008178620348299274,0.0,0.026320249522043766,0.16051980156009293,0.06040791622795399,0.07254819948778293,"[2.9815076374312235, 9.000170998281794]","[2.946163133988203, 9.00145025471642]",773,RS-M1-007,15,3,0.6838272030688155,0.9194077206253402,0.6780273320733134,0.09070729759834482,0.08490835445617397,False,True,0.06451920221666918,0.005816567623413312,1.9279533111929794,90.40192797643749,"[0.630018357888829, 0.5872982198921862, 0.5921007998091183, 0.5575950828085255]",source-3,True,True,True,True,0.0010394117125839357,0.7276652651344582,90.40192797643749,1.9279533111929794,3
source-3,2305.807891632752,2308.469432585333,1.7316622355242584,0.01660522583059743,5.790807215649022e-05,0.0005714126900425884,0.0,0.1523934467422096,0.1523934467422096,0.0016715586463692212,0.01496533211154921,"[2.9490424555715506, 9.001299179508782]","[2.9325822396547143, 9.002275163583082]",186,RS-M1-007,16,3,0.6759655224481933,0.9192126728181901,0.6720189170723047,0.08524723994195582,0.08543784495490608,False,True,0.00176784438432075,0.008550434921804838,0.003218540274289694,1.178459047503111,"[0.5271068365704032, 0.48704769776131807, 0.5679794322075749, 0.524733118052167]",source-3,True,False,True,True,0.0003299792986878841,5.117024926915015e-05,1.178459047503111,0.003218540274289694,1
source-3,2310.0656694046556,2312.189432585414,2.0477563684995164,0.04544957260968257,0.00020060716073499012,0.0015694189434867696,0.0,0.08320399884136283,0.08320399884136283,0.009084506055369989,0.029226971437372535,"[2.926695037453341, 9.002690427937468]","[2.9157411589300137, 9.003556098950943]",213,RS-M1-007,17,3,0.6693827933066666,0.9189810289102827,0.6675946691373628,0.08589118675506419,0.08493346421236604,False,True,0.010483415935150366,0.0033495045990944573,0.007924644435391315,1.596236819322712,"[0.5414172201180777, 0.5050147237088336, 0.530816446012871, 0.4893407314635516]",source-3,True,False,True,True,0.0007664090160475261,0.002294123459674946,1.596236819322712,0.007924644435391315,1
source-3,2314.5665484934398,2315.159432585479,0.5925226718004315,0.015578030700902884,0.00017755220311864258,0.00032829126389786735,0.0,0.03178374234052243,0.06402641388914604,0.008873703283632092,0.017080060652693824,"[2.9128185696144246, 9.003807549584764]","[2.912574210290783, 9.003828964744562]",4,RS-M1-007,18,3,0.6639257517575968,0.918784637804982,0.663285572102069,0.08561377841067233,0.08545665294092439,True,True,0.008837480669124546,0.00026242683246192373,0.006455477329765813,2.377115908025644,"[0.5504808069609439, 0.5155081757004822, 0.5274619832367896, 0.48702221395628675]",source-3,True,False,True,True,0.0005540568817397753,0.0023826360479026754,2.377115908025644,0.006455477329765813,1
source-3,2317.759534411922,2319.4994325855737,1.6118440456459016,0.055384864836319346,0.00023852067350510543,0.0019125087836442615,0.0,0.012773764092652188,0.016124286440467636,0.010909465961298204,0.04348427715524168,"[2.9131198557192333, 9.003781228508476]","[2.9231641856581136, 9.002956239874248]",167,RS-M1-007,19,3,0.65924757181191,0.9185663703483099,0.6584845878773261,0.08618722159108766,0.08478511831856674,False,True,0.011291448047278437,0.005520418994595287,0.009803613764475472,2.600101826442824,"[0.5582486760194522, 0.5241012528383893, 0.5286969622913281, 0.4889907452630074]",source-3,True,False,True,True,0.0011865346333043512,0.004756739020084,2.600101826442824,0.009803613764475472,2
source-3,2320.7917731354705,2322.5094325856394,1.6423331443380487,0.045965835478482056,0.00022588458970609156,0.0015010712956565584,0.0,0.040249157105895994,0.0952145783015358,0.0100888504472784,0.04141321243376704,"[2.9272000525669393, 9.002653436473862]","[2.9407111681508233, 9.001759128220447]",172,RS-M1-007,20,3,0.6564806075315838,0.9183442619850852,0.6551676904935319,0.08514622502242308,0.08415182328598335,False,True,0.011187138598151614,0.00730836284545629,0.005707883430631,1.292340549896835,"[0.5598940220304678, 0.5258285370408876, 0.5289419586163188, 0.48940175823510235]",source-3,True,False,True,True,0.0009139870925892891,0.0016982601442940837,1.292340549896835,0.005707883430631,1
source-3,2522.8782181156676,2532.4794325902226,7.1384864206412875,0.38072633412597773,0.0016911170244518169,0.028205737048206708,0.0,0.008559658164241268,0.0943463704927006,0.043866035537676776,0.07033443230925154,"[2.6496365803593678, 10.936613834119855]","[3.1774848308104073, 10.984123622349088]",977,RS-M1-007,21,3,0.3307361864558104,0.92114318469384,0.3430074288867664,0.12979253261584572,0.10371190448004837,False,True,0.06138344094323924,0.044095265059292746,7.174270295844565,200.36878553002816,"[0.5631085237973272, 0.526381969500865, 0.6016677967416333, 0.5685719107998]",source-3,True,True,True,True,0.003951220943230825,1.3176978357161433,200.36878553002816,7.174270295844565,9
source-3,2538.655426778625,2539.6972524442494,0.7311867548094951,0.0008509300756836682,1.2034262749149885e-05,3.3608940559632675e-05,0.0,0.036925910681253594,0.0578997026492952,0.0005673247489792627,0.0007636043216319097,"[3.3104297787867734, 10.95059631419647]","[3.316277618148026, 10.948666679313451]",105,RS-M1-007,22,3,0.33332005671419557,0.9203180418851614,0.33164793797059744,0.10518797653372823,0.10540075492581025,True,True,0.006071694650532616,0.006746069669446119,0.1373204140559494,6.175994188402456,"[0.5572539112249955, 0.5191614301275982, 0.6244531976916253, 0.5870105919064353]",source-3,True,False,True,True,4.596491982187125e-05,0.0008897360237474228,6.175994188402456,0.1373204140559494,1
source-3,2603.5680655911774,2607.4294325918586,3.541423114558218,0.18164654004772332,0.00113861100858498,0.01486285586377274,0.0,0.0059123536425306515,0.0173452660676316,0.04855326280154798,0.06336274159285192,"[2.8741615409264574, 10.992050745834458]","[2.801965860465833, 10.98019512492287]",387,RS-M1-007,23,3,0.22729372483719673,0.9193462888613606,0.23594720674329164,0.11935275778733019,0.10536183438371907,False,True,0.054424627018792256,0.009282048882239486,1.788415405252266,63.87081314692796,"[0.6116986757503884, 0.5771880532420399, 0.6870032209304228, 0.6454823333023254]",source-3,True,True,True,True,0.004196859675612875,0.3379490572240531,63.87081314692796,1.788415405252266,4
source-3,2655.4174870352967,2656.0894325929207,0.6515281687292337,0.016354141952273048,0.0002343173744450762,0.0008205578773529467,0.0,0.03649919692634019,0.03649919692634019,0.01160152023035598,0.010211827528430653,"[3.070232871599902, 10.997530623013168]","[3.068127005103639, 10.997676656973272]",67,RS-M1-007,24,3,0.15840577722264754,0.9189467127041995,0.15814149412341788,0.11605829749482321,0.11538209218462843,True,True,0.012038971401787288,0.002910102475691841,1.1304651919423918,47.98805444343816,"[0.6113772103005133, 0.5758837882501272, 0.6751263931087047, 0.6329735687997415]",source-3,True,True,True,True,0.0012594357646168932,0.4945410493094662,47.98805444343816,1.1304651919423918,4
source-3,2819.5605508916624,2823.8623286130464,2.7255265568335636,0.17113446312413425,0.001580581697441255,0.006593859722866285,0.0,0.10280250737687406,0.12046742659135609,0.06404501757401727,0.05852062408802938,"[3.8871084225206025, 10.46156109759574]","[3.990631889447231, 10.136559995670048]",485,RS-M1-007,25,3,0.5918484512896751,0.9176635253828813,0.5914282662507245,0.14376266673125224,0.13782206819001422,False,True,0.1084284567827583,0.0749788584151217,6.165812619717244,163.47111829874166,"[0.7257774237612252, 0.6853782177485247, 0.5684331959491787, 0.5246870182812915]",source-3,True,True,True,True,0.0024192975505352757,2.1193534436019803,163.47111829874166,6.165812619717244,7
source-3,2826.6972815993036,2839.5323286133885,11.727536367499683,0.5259132133044765,0.0007203557904404123,0.031675114962050964,0.0,0.06396585653311253,0.08344995017619718,0.0044794686765314935,0.0863271681395872,"[3.998352999325239, 10.057369755694415]","[3.945831697013717, 10.324657365414778]",1222,RS-M1-007,26,3,0.586848378291698,0.9172742546633899,0.5976116697831919,0.13825863197190236,0.10900438999352535,False,True,0.013459072089734892,0.007103939074566803,0.09084188728944298,2.8349529862571217,"[0.6052797887158244, 0.5621256278037668, 0.5363031394470078, 0.49285001337184614]",source-3,True,False,True,True,0.0027009180760105473,0.0024809627357902375,2.8349529862571217,0.09084188728944298,2
source-3,2842.0433420178547,2854.608520746389,10.329560295085153,0.43487646362470117,0.0008696016222575376,0.02063819195592179,0.0,0.030055414030550617,0.1421960567377817,0.01057847534576065,0.08533526066799338,"[3.9479583268063694, 10.318394426292027]","[3.9998350985204105, 10.018159732547693]",1203,RS-M1-007,27,3,0.5937007432785699,0.9164319187395639,0.5940788537806349,0.10957252579352333,0.09211357168648757,False,True,0.011430911723032232,0.03707439125188038,0.0174307308574555,2.511013404466212,"[0.5319677635495708, 0.4888579950901945, 0.5561102794152961, 0.5146511176669423]",source-3,True,False,True,True,0.001997973908506205,0.007382988318895389,2.511013404466212,0.0174307308574555,1
source-3,3069.187470428761,3091.0923286188795,20.304517677834895,0.8006490243793226,0.0013347186002941262,0.07364540796879519,0.0,0.009039963537668607,0.027929344284171542,0.03301930332181991,0.08234979723250732,"[3.6661574427272283, 10.74581114344158]","[3.4975880076621046, 10.867413497309006]",1918,RS-M1-007,28,3,0.24748193325634046,0.9086744144619527,0.286024466059962,0.1368836754161597,0.06898282617388818,False,True,0.039807974139636014,0.0016881169719466214,8.018359888498253,214.57894968237224,"[0.6014253177590299, 0.5625154699739741, 0.7139196959957677, 0.6730781593705252]",source-3,True,True,True,True,0.0036270454259146987,1.737611819089735,214.57894968237224,8.018359888498253,7
source-3,3097.91746017133,3099.542328619064,1.2914754813521516,0.024000017806148823,0.00032116947457554987,0.0007505550862116694,0.0,0.029845634654926578,0.029845634654926578,0.015562128653347357,0.020113230000656263,"[3.5058707820654598, 10.862609269564308]","[3.514174495825581, 10.857685600385812]",140,RS-M1-007,29,3,0.2751161512483682,0.9076888393550275,0.2734003849142852,0.07119265596841245,0.07097267368989124,False,True,0.017675362607832704,0.004136056959000592,0.0527067127692078,6.82513155245033,"[0.6696456747250029, 0.6293423297512656, 0.5437835329445981, 0.5010123588590838]",source-3,True,False,True,True,0.0005811609256614394,0.024676269984793553,6.82513155245033,0.0527067127692078,1
source-3,3119.646565042876,3120.3623286195184,0.30015427789941446,0.006697945271807517,0.00010803599083133186,0.00013844140281754188,0.0,0.05473585614245339,0.060869710583583474,0.005336765629515332,0.005301959810288811,"[3.515005183065419, 10.85718706334668]","[3.5433962626488014, 10.83947644084545]",104,RS-M1-007,30,3,0.24051654290893126,0.9075721771409287,0.23949047124488987,0.07729590684593039,0.07737847739793348,True,True,0.04467120675677521,0.04742967111027909,0.34987112754909333,20.104236423811926,"[0.5920519261092045, 0.5486490207433166, 0.520573353676886, 0.47908689560714623]",source-3,True,False,True,True,0.00046123414860652214,0.03372697236985234,20.104236423811926,0.34987112754909333,1
source-3,3129.0070241077824,3129.5710669249097,0.44701952994965705,0.007494098548695316,0.00011955131873239098,0.00017984717092571254,0.0,0.016644161610093022,0.016644161610093022,0.00578371891360279,0.007584981405024241,"[3.724363961963179, 10.689417762146453]","[3.7296971675069956, 10.683770461424126]",57,RS-M1-007,31,3,0.22528192852891046,0.9074552020844157,0.22458349229575236,0.07999708657284425,0.07998990133467468,True,True,0.016449682609784532,0.011402832341823767,0.23770913745441646,8.644695488264006,"[0.6460631754377691, 0.603046309736639, 0.5196554246717384, 0.47748924701862966]",source-3,True,False,True,True,0.00040232508621260187,0.007768665306352451,8.644695488264006,0.23770913745441646,1
source-6,1426.787626414404,1453.140460376504,25.53583760486036,2.5578319560003195,0.003014201787724036,0.1318220343608977,0.0,0.001804482785033439,0.06158612012927828,0.0756620933692035,0.16145663702432386,"[10.45723370685315, 16.110653421083846]","[10.69098658096635, 16.27713241522318]",2416,RS-M1-008,1,6,0.4903460928445095,0.9886302415221511,0.578618695292982,0.19997370965997854,0.07295780514176477,False,True,0.07571456783175001,0.027090908570987823,,,"[0.66554782223783, 0.6253250029112503, 0.6684418519432055, 0.6261440032731317]",,False,False,True,True,0.0051622365555695484,,,,
source-6,1465.327414883405,1471.1207585402572,4.089371654618915,0.1359608898436086,0.0009487074964248227,0.004504559578677037,0.0,0.057601401530720193,0.10248407808158176,0.03391490737097536,0.03349352100484324,"[10.643384204226127, 16.234456555247537]","[10.357855700783487, 16.066222812012445]",639,RS-M1-008,2,6,0.558895883994281,0.986450983454394,0.5540960395305807,0.07676562094789782,0.074073776345751,False,True,0.06239165717765326,0.09073916770399801,0.2543990941434515,12.186954506900975,"[0.663465041531631, 0.6215565960570053, 0.541831559997528, 0.4998416807072189]",source-6,True,False,True,True,0.0011015285376640125,0.0838523635725219,12.186954506900975,0.2543990941434515,1
source-6,1474.0238526441576,1488.2107585402416,11.939802762451976,0.4906365595292052,0.0006720193803604702,0.017949789711280084,0.0,0.02513915537156079,0.07658550252503062,0.0028883474202599057,0.09754080999394343,"[10.153442471657, 16.011842417446292]","[9.782769130924143, 16.023879746284635]",1354,RS-M1-008,3,6,0.5493393988129348,0.9861228071569834,0.5442278362907833,0.07498260404650617,0.0616454860781387,False,True,0.05723950053534618,0.0007025673192315095,0.21205315432865746,2.9030941039004574,"[0.6140192404683211, 0.5721577736950275, 0.5312637250471011, 0.4899558833019446]",source-6,True,False,True,True,0.001503357305677459,0.0011756793429416046,2.9030941039004574,0.21205315432865746,1
source-6,1501.0302711643105,1501.5007585402295,0.45518324611806565,0.017564160658679023,0.00031823929017620517,9.430405591998602e-05,0.0,0.04914518529194113,0.06115657242568558,0.01587512804578858,0.00795331295058211,"[9.773894358864833, 16.02589721321946]","[9.774872125286743, 16.025670774074126]",46,RS-M1-008,4,6,0.5242880802310123,0.985191052164111,0.5236159785997326,0.06600924844554269,0.06607255558834817,True,True,0.016133071432702796,0.0018430673261529973,0.2982094554004533,12.81951262406892,"[0.5582270053482117, 0.5176319678495986, 0.6113975408286451, 0.5707483834277101]",source-6,True,False,True,False,0.00020717822267018454,0.14810613271500284,12.81951262406892,0.2982094554004533,2
source-6,1505.8589293781788,1513.3507585402187,5.606661721606526,0.33659948261449163,0.0012321076053404803,0.010017933649233842,0.0,0.028231791315279267,0.12475524663073433,0.025573768218578014,0.08012878924850349,"[9.784218422698133, 16.023558342273187]","[10.289845276017127, 16.04292617880268]",804,RS-M1-008,5,6,0.5166613756768444,0.9846788400704789,0.5142955853466953,0.06752066124671559,0.060076591775777774,False,True,0.03455956821614348,0.09621173339389517,0.043968429357803984,4.358170837949274,"[0.5362457685100255, 0.4959051876030251, 0.669276162929303, 0.6278144788843428]",source-6,True,False,True,False,0.0017867911685535602,0.01786038931235301,4.358170837949274,0.043968429357803984,1
source-6,2396.0516219898636,2407.6948564353083,9.956794094867275,0.5297986163759505,0.0028950896718062365,0.03910694597761934,0.0,0.05678137498200384,0.12005515510167658,0.11079748982061276,0.10939025166950132,"[10.947610380951854, 16.680571500840802]","[10.999912857263991, 17.013203694340618]",1173,RS-M1-008,6,6,0.47900720769531696,0.9743448669625081,0.49920343893449104,0.18456959197373615,0.14671325587863254,False,True,0.11507128052360709,0.027058381011998665,33.99677576932058,882.7008634496449,"[0.651108243817715, 0.6136885004546413, 0.7072935451379986, 0.6664658484662713]",source-6,True,True,True,True,0.00392766442742639,5.06980585649219,882.7008634496449,33.99677576932058,17
source-6,2490.730980400673,2495.964856437235,3.8165772877460746,0.09634672604308075,0.0008560320057542381,0.008020769651489604,0.0,0.05081941710443134,0.0683915236455804,0.037844070922105504,0.036842011815030856,"[10.693700389107816, 17.720263681023596]","[10.710158306931417, 17.70404202945238]",310,RS-M1-008,7,6,0.36539904673630563,0.9729088456686722,0.3648343003092032,0.15668731903921693,0.149321606270086,False,True,0.04122935006920603,0.0009312523408624962,3.0738029404415244,83.03612396536482,"[0.5880822250737204, 0.5527161927399599, 0.6148060166058533, 0.5837978265491021]",source-6,True,True,True,False,0.002101560913555183,0.7408654643807919,83.03612396536482,3.0738029404415244,4
source-4,416.45808354754945,430.07964544675815,13.195744831736995,0.27868506559887973,0.0009777451368203688,0.058652299849035305,0.0,0.00837647186186123,0.0464756158816467,0.04482417452187906,0.042931516880223,"[17.98275862435669, 9.81510682453996]","[17.9722587469878, 9.766092050168414]",1163,RS-M1-009,1,4,0.02639897897154877,0.9991035165095624,0.06253725638312843,0.19997789219781428,0.14263475000770182,False,True,0.044932658754023365,0.010315898641218587,,,"[0.684006751749199, 0.6460009020858386, 0.6911687079664031, 0.6511591489667251]",,False,False,True,True,0.004444788876787846,,,,
source-6,535.628056476811,552.3778317913125,15.181106356817402,1.8445362466588395,0.004119044593654856,0.09072591495621635,0.0,0.01594848954510836,0.14110813502538977,0.13179391139697158,0.16923329292529118,"[10.294515547693724, 17.955646687968326]","[10.610727270076183, 17.79184102049748]",1658,RS-M1-011,1,6,0.5304204276357728,0.9960235508847731,0.5927407885033557,0.19999921636939252,0.1117323976060363,False,True,0.13229745776039847,0.045546115734041555,,,"[0.6230328164333911, 0.5884175845052316, 0.6349515152046284, 0.6040930748507497]",,False,False,True,False,0.0059762386761406175,,,,
