life,source,start,end,born_near,censored,previous_consequence,return_visit,return_latency,return_path,contact,productive
RS-M1-001,2,3883.41232234319,4103.868921650071,False,False,False,False,,,True,True
RS-M1-001,2,4218.178921652566,4500.0,False,True,True,True,114.31000000249514,6.190502010017099,True,True
RS-M1-001,4,2568.4371939295097,2744.8887920589827,False,False,False,False,,,True,True
RS-M1-001,4,3488.8289842924523,3530.918984293371,False,False,True,True,743.9401922334696,34.88586033756037,False,False
RS-M1-001,6,1339.6802267872238,1396.7602267871719,False,False,False,False,,,True,True
RS-M1-001,6,1466.6202267871083,1888.6440581189015,False,False,True,True,69.85999999993646,2.8379942526953243,True,True
RS-M1-001,6,2945.8187920633686,3062.5987920659177,False,False,True,True,1057.174733944467,41.19387287955729,False,False
RS-M1-001,6,3104.6487920668355,3210.2489842863715,False,False,True,True,42.05000000091786,1.6983162577128326,False,False
RS-M1-001,7,2846.00879206119,2882.028792061976,False,False,False,False,,,False,False
RS-M1-002,4,646.2877668361409,703.0877668360893,False,False,False,False,,,False,False
RS-M1-002,4,706.2977668360863,1013.093833575292,False,False,False,True,3.2099999999970805,0.6273185371159258,False,False
RS-M1-002,5,3621.3725228044314,3736.0825228069352,False,False,False,False,,,True,True
RS-M1-002,5,4187.92857872895,4500.0,False,True,True,True,451.8460559220148,13.749801608741961,True,True
RS-M1-002,6,2270.0837208440907,2368.4737208462384,False,False,False,False,,,True,True
RS-M1-002,6,2504.283720849203,2876.658137721696,False,False,True,True,135.81000000296444,4.188285130984852,True,True
RS-M1-002,6,3191.868641141658,3211.9186411420956,False,False,True,True,315.2105034199617,8.881527645126354,False,False
RS-M1-003,3,461.35314170437414,491.03314170434714,False,False,False,False,,,False,False
RS-M1-003,3,1921.6870488483823,2030.4870488482834,False,False,False,True,1430.6539071440352,55.255612382839224,True,True
RS-M1-003,4,3575.439818009319,3598.6498180098256,False,False,False,False,,,False,False
RS-M1-003,4,3616.3198180102113,3634.2798180106033,False,False,False,True,17.6700000003857,0.6181560940152053,False,False
RS-M1-003,5,2410.7001451759193,2542.040145178786,False,False,False,False,,,False,False
RS-M1-003,6,4084.727530118721,4430.088724601553,False,False,False,False,,,True,True
RS-M1-004,0,21.830000000000613,139.64000000001798,False,False,False,False,,,True,True
RS-M1-004,0,463.5799999997234,495.6947997072261,False,False,True,True,323.9399999997054,10.188150021282858,False,False
RS-M1-004,0,937.2853010956575,970.0653010956277,False,False,True,True,441.5905013884314,16.286453081347556,False,False
RS-M1-004,0,1007.8253010955933,1207.7253010954116,False,False,True,True,37.75999999996566,1.1242542619581073,True,True
RS-M1-004,0,1230.515301095391,1465.9163368742954,False,False,True,True,22.789999999979273,1.058535943657418,False,False
RS-M1-004,0,1601.8263368741718,1646.716336874131,False,False,True,True,135.9099999998764,4.5033565403319,False,False
RS-M1-004,1,1860.214528764132,1913.6745287640833,False,False,False,False,,,True,True
RS-M1-004,1,1981.7345287640214,2178.884528766818,False,False,True,True,68.0599999999381,4.190663575550062,False,False
RS-M1-004,2,3551.49622073132,3723.8260743895107,False,False,False,False,,,True,True
RS-M1-004,4,3112.6124807074557,3147.646220722505,False,False,False,False,,,False,False
RS-M1-004,4,3191.306220723458,3393.4662207278707,False,False,False,True,43.660000000953005,1.7831630022312623,True,True
RS-M1-004,4,3773.8360743906023,3829.246074391812,False,False,True,True,380.36985366273166,16.093748144255485,False,False
RS-M1-005,3,130.84000000002598,182.86999999997866,False,False,False,False,,,False,False
RS-M1-005,3,310.57999999986254,563.4920613256147,False,False,False,True,127.70999999988388,4.900153801922686,True,True
RS-M1-005,3,4469.761267467844,4500.0,False,True,True,True,3906.2692061422295,141.20191373811906,False,False
RS-M1-005,5,1085.5203610694182,1327.8095538718803,False,False,False,False,,,False,False
RS-M1-005,5,1396.6795538718177,1426.2895538717908,False,False,False,True,68.86999999993736,5.742590680489997,False,False
RS-M1-005,6,1917.9029859528343,1958.3529859527976,False,False,False,False,,,False,False
RS-M1-005,6,3226.942702670197,3288.5527026715417,False,False,False,True,1268.5897167173994,47.07947469081853,False,False
RS-M1-005,6,3492.5462418925126,3739.6462418979063,False,False,False,True,203.9935392209709,4.841783146649192,True,True
RS-M1-005,6,3911.836241901665,3978.6139945558866,False,False,True,True,172.19000000375854,3.8339991752699234,False,False
RS-M1-006,5,104.49000000001655,220.989999999944,False,False,False,False,,,True,True
RS-M1-006,5,628.2195984622298,707.3295984621578,False,False,True,True,407.2295984622858,13.418064174962106,False,False
RS-M1-006,5,855.6795984620229,985.9193929178947,False,False,True,True,148.34999999986508,3.6864016797899843,False,False
RS-M1-006,5,1033.969392917851,1338.709392917574,False,False,True,True,48.04999999995641,2.0002773450074827,True,True
RS-M1-006,5,1420.4105694564141,1836.1866398661236,False,False,True,True,81.70117653884017,1.9031337990127781,False,False
RS-M1-006,5,1859.3266398661026,1910.0866398660564,False,False,True,True,23.139999999978954,0.9840390693018364,False,False
RS-M1-006,5,3002.7764530119794,3206.6198519654113,False,False,True,True,1092.689813145923,44.146459100522335,True,True
RS-M1-006,5,3411.2198519698773,3469.839851971157,False,False,True,True,204.60000000446598,6.348101881468892,True,True
RS-M1-006,5,3605.1295655378053,3622.7795655381906,False,False,True,True,135.28971356664852,3.07410917740296,False,False
RS-M1-006,5,3801.0295655420814,3827.349565542656,False,False,True,True,178.25000000389082,13.199395617259285,False,False
RS-M1-006,5,3890.7695655440402,3956.639565545478,False,False,True,True,63.420000001384324,1.8499447598204313,False,False
RS-M1-006,5,4464.444929097658,4500.0,False,True,True,True,507.8053635521801,11.466651365114188,False,False
RS-M1-006,6,2385.8372206840604,2431.577220685059,False,False,False,False,,,False,False
RS-M1-006,6,2795.72645300746,2835.6064530083304,False,False,False,True,364.1492323224011,12.566588706751588,True,True
RS-M1-007,3,1646.2632313525567,1748.9414467268139,False,False,False,False,,,False,False
RS-M1-007,3,1916.1514467266618,2713.239432594168,False,False,False,True,167.20999999984792,8.488286766093182,True,True
RS-M1-007,3,2795.572328612429,2967.1623286161744,False,False,True,True,82.33289601826073,3.0847739546995,True,True
RS-M1-007,3,3001.742328616929,3246.0323286222615,False,False,True,True,34.58000000075481,1.4877746750365333,True,True
RS-M1-007,4,3941.131478317497,4055.841478320001,False,False,False,False,,,False,False
RS-M1-007,4,4301.099335476088,4354.639335477256,False,False,False,True,245.25785715608663,9.061276066901598,False,False
RS-M1-007,4,4361.2293354774,4500.0,False,True,False,True,6.590000000143846,0.7122002735635817,False,False
RS-M1-007,6,75.43000000000168,84.34000000000624,False,False,False,False,,,False,False
RS-M1-007,6,867.197238729176,1045.1672387290141,False,False,False,True,782.8572387291697,30.165017683484272,False,False
RS-M1-007,6,1093.9572387289697,1203.61723872887,False,False,False,True,48.789999999955626,1.1722667586993225,False,False
RS-M1-007,6,1311.3832313528612,1437.3332313527467,False,False,False,True,107.76599262399122,3.733012814640041,True,True
RS-M1-008,4,466.94841357389436,512.1684135738533,False,False,False,False,,,False,False
RS-M1-008,4,1141.5797124685357,1182.3197124684987,False,False,False,True,629.4112988946824,20.89842855404011,False,False
RS-M1-008,6,1414.5907585403086,1536.3407585401978,False,False,False,False,,,True,True
RS-M1-008,6,2363.7148564343483,2526.0948564378928,False,False,True,True,827.3740978941505,29.933352285036207,True,True
RS-M1-008,7,1565.730758540171,1585.560758540153,False,False,False,False,,,False,False
RS-M1-008,7,1916.2876884159862,1970.4976884159369,False,False,False,True,330.7269298758331,10.318078655342,False,False
RS-M1-008,7,2772.2848705422984,2892.9648705449326,False,False,False,True,801.7871821263616,27.86110787914089,False,False
RS-M1-009,4,120.12000000002455,548.811348382849,False,False,False,False,,,True,True
RS-M1-009,4,582.5713483828183,600.0,False,True,True,True,33.759999999969295,1.9171225128377287,False,False
RS-M1-010,0,321.4999999998526,432.2209538582467,False,False,False,False,,,False,False
RS-M1-011,5,87.5700000000079,444.1381328396145,False,False,False,False,,,False,False
RS-M1-011,6,31.310000000002095,52.80999999999806,False,False,False,False,,,False,False
RS-M1-011,6,526.6381328395395,569.3581328395006,False,False,False,True,473.8281328395414,20.03178884387309,True,True
RS-M1-012,6,155.7800000000033,402.8399999997786,False,False,False,False,,,False,False
