life,structure,expression,windows,level_correlation,first_difference_correlation,linear_age_detrended_correlation
RS-M1-001,theta_E_norm,E_command_effect,15,0.9385189760608008,0.6490048302333985,0.6989824195985935
RS-M1-001,theta_I_norm,I_command_effect,15,0.8750047687778114,0.7224967558140123,0.7018377500626233
RS-M1-001,H_norm,q_norm,15,0.9371366048628449,0.6718155297627045,0.7757787335556084
RS-M1-001,H_norm,associative_motor_command_effect,15,0.7797829762852937,0.5335599800678642,0.49633900233369926
RS-M1-001,H_norm,H_use_mean,15,0.9118452186254713,0.6342821663625406,0.6706835604508727
RS-M1-002,theta_E_norm,E_command_effect,15,0.7706662323333249,0.41933645832714095,-0.1316456346229151
RS-M1-002,theta_I_norm,I_command_effect,15,0.9471319542748864,0.8828530028695858,0.944473889187115
RS-M1-002,H_norm,q_norm,15,0.9462117787425803,0.7757717534333388,0.9394884432517911
RS-M1-002,H_norm,associative_motor_command_effect,15,-0.11491009780131944,0.3549158400812472,0.5627177729523416
RS-M1-002,H_norm,H_use_mean,15,0.9371495809226728,0.6962811254133983,0.8761149336984392
RS-M1-003,theta_E_norm,E_command_effect,15,0.8980061996602676,0.2505595665436225,0.07556595871126823
RS-M1-003,theta_I_norm,I_command_effect,15,0.9999002033259061,0.9995768449009805,0.9998710556328297
RS-M1-003,H_norm,q_norm,15,0.9460711899053244,0.7120992287054054,0.8168462196893911
RS-M1-003,H_norm,associative_motor_command_effect,15,0.5119102188139509,0.5231685371814608,0.5295657929538304
RS-M1-003,H_norm,H_use_mean,15,0.9195937878399569,0.7219936288112049,0.6921914776341147
RS-M1-004,theta_E_norm,E_command_effect,15,0.8767472872670287,0.7391364835482229,0.868718751563253
RS-M1-004,theta_I_norm,I_command_effect,15,0.8831798344852382,0.8150980839631904,0.545372993935414
RS-M1-004,H_norm,q_norm,15,0.9774799775847092,0.8489658004817943,0.8792991651272407
RS-M1-004,H_norm,associative_motor_command_effect,15,0.6546324152575118,0.4153819489268265,0.006663393735312588
RS-M1-004,H_norm,H_use_mean,15,0.9269568596783567,0.6069879166454859,0.5701653965831888
RS-M1-005,theta_E_norm,E_command_effect,15,0.5063167877126092,0.34011839540850425,0.6141036661933077
RS-M1-005,theta_I_norm,I_command_effect,15,0.9761544426837361,0.9755200541736201,0.9649839774942015
RS-M1-005,H_norm,q_norm,15,0.7667202878104649,-0.13197636027150206,0.4947253835434315
RS-M1-005,H_norm,associative_motor_command_effect,15,-0.3422235001156239,0.49630951542256,0.16717006502987272
RS-M1-005,H_norm,H_use_mean,15,0.7896747623459907,-0.10197894080470271,0.5144985467010436
RS-M1-006,theta_E_norm,E_command_effect,15,0.4239069821899684,0.11615137259850829,-0.08233024615213327
RS-M1-006,theta_I_norm,I_command_effect,15,0.7935227144513347,0.4206275629054547,0.5197412456910376
RS-M1-006,H_norm,q_norm,15,0.9761969771370501,0.6577761643263539,0.9126135245532935
RS-M1-006,H_norm,associative_motor_command_effect,15,0.7670721631065047,0.7172336467240803,0.5961292126557828
RS-M1-006,H_norm,H_use_mean,15,0.9315963311999987,0.507632959961858,0.7454309040498044
RS-M1-007,theta_E_norm,E_command_effect,15,0.7670324235740367,0.38933666938560485,0.711669639119161
RS-M1-007,theta_I_norm,I_command_effect,15,0.9789940527144769,0.8522305703950978,0.8550914442233284
RS-M1-007,H_norm,q_norm,15,0.9179983410387251,0.4606457363626164,0.668669031948031
RS-M1-007,H_norm,associative_motor_command_effect,15,0.14853655107511832,0.4187476742150274,0.06624664647709741
RS-M1-007,H_norm,H_use_mean,15,0.9170242023572849,0.5328857434786317,0.6069968159401846
RS-M1-008,theta_E_norm,E_command_effect,10,0.7273379491259545,0.422534797507687,0.6111313430024845
RS-M1-008,theta_I_norm,I_command_effect,10,0.8658855223819943,-0.0382462526332348,-0.22147914730781734
RS-M1-008,H_norm,q_norm,10,0.9850080580350502,0.8689182655047322,0.898506081065972
RS-M1-008,H_norm,associative_motor_command_effect,10,0.39126041272134393,0.7860483612839436,0.8858253603318064
RS-M1-008,H_norm,H_use_mean,10,0.9396712486143997,0.6562508668102426,0.5644990876529089
RS-M1-009,theta_E_norm,E_command_effect,2,,,
RS-M1-009,theta_I_norm,I_command_effect,2,,,
RS-M1-009,H_norm,q_norm,2,,,
RS-M1-009,H_norm,associative_motor_command_effect,2,,,
RS-M1-009,H_norm,H_use_mean,2,,,
RS-M1-010,theta_E_norm,E_command_effect,2,,,
RS-M1-010,theta_I_norm,I_command_effect,2,,,
RS-M1-010,H_norm,q_norm,2,,,
RS-M1-010,H_norm,associative_motor_command_effect,2,,,
RS-M1-010,H_norm,H_use_mean,2,,,
RS-M1-011,theta_E_norm,E_command_effect,2,,,
RS-M1-011,theta_I_norm,I_command_effect,2,,,
RS-M1-011,H_norm,q_norm,2,,,
RS-M1-011,H_norm,associative_motor_command_effect,2,,,
RS-M1-011,H_norm,H_use_mean,2,,,
RS-M1-012,theta_E_norm,E_command_effect,2,,,
RS-M1-012,theta_I_norm,I_command_effect,2,,,
RS-M1-012,H_norm,q_norm,2,,,
RS-M1-012,H_norm,associative_motor_command_effect,2,,,
RS-M1-012,H_norm,H_use_mean,2,,,
