life_id,complete,duration_s,path_length,max_excursion,final_displacement,mean_speed,rms_speed,mean_abs_omega,rms_omega,heading_total_abs_rotation,mean_forward_velocity,mean_abs_forward_velocity,mean_abs_lateral_velocity,forward_time_fraction,reverse_time_fraction,rotation_dominant_time_fraction,translation_dominant_time_fraction,mixed_active_time_fraction,inactive_time_fraction,left_right_command_correlation,common_command_rms,differential_command_rms,opposed_commands_time_fraction,positive_contact_time_fraction,positive_contact_native_count,near_wall_025_time_fraction,near_wall_05_time_fraction,near_any_fixture_025_time_fraction,near_any_fixture_05_time_fraction,minimum_fixture_gap,heading_acf_first_1e_s,direction_acf_first_1e_s,early_heading_acf_first_1e_s,early_direction_acf_first_1e_s,curvature_median,curvature_p90,absolute_path_direction_turn_per_length,curvature_valid_native_fraction,coverage025,coverage1,coverage025_offset,reentry025_fraction,reentry025_transitions,reentry1_fraction,reentry025_offset_fraction,forward_count,forward_count_ge01,forward_median,forward_max,reverse_count,reverse_median,reverse_max,reversals,reversals_per_minute
FS-001,True,429.7881124135106,13.665694813449885,0.4582679898010927,0.13036730944464278,0.031796353642051814,0.04108416038467855,0.06092824228875226,0.07963412586232137,26.186234245955845,0.0005468637179849993,0.031726474140333666,0.0009771045317236902,0.4008486857222447,0.37360270180183897,0.34826463477423714,0.36697152723538684,0.27929602738295106,0.005467810607425554,0.020695180437927358,0.1035604438250892,0.10145741064961925,0.4951000417824067,0.0,0,0.0,0.0,0.0,0.0,0.963571799698208,,1.6,,1.6,0.38916551959488943,6.185442309903679,1.3574587453856424,0.774116990087952,7,4,6,0.92,75,0.8125,0.9230769230769231,55,55,3.389999999996917,6.590000000000085,52,3.3149999999993653,4.489999999995916,94,13.122745457821333
FS-002,True,429.40201119013125,13.690712170713327,0.4366131779805646,0.2795890790595525,0.03188247333429554,0.04153905827063191,0.0633392942615202,0.08140995700669644,27.198016192791005,-0.0006550948450858616,0.031714240498054685,0.0012450284129838184,0.38041275015750153,0.37286737329487335,0.3568497752617257,0.3548888827456482,0.2842091951589928,0.0040521468336336235,-0.0017005686253986421,0.10339064823161019,0.1035498126105286,0.5051024576922523,0.004471334437112964,192,0.7719852319074337,0.9721473125688191,0.7719852319074337,0.9721473125688191,3.424061034706938e-11,,1.6,,1.5,0.4134838485033134,7.005027516565259,2.1852489275394222,0.757918025151374,6,3,6,0.9107142857142857,56,0.9285714285714286,0.9397590361445783,51,51,3.3099999999969896,6.849999999999854,53,3.3199999999969805,5.159999999995307,96,13.41400331133889
FS-003,True,429.8343547242134,13.651137824180331,0.692375748067961,0.4219442581673332,0.0317590664267379,0.04121591943340968,0.06231534975365555,0.07954196350845683,26.785278150776207,0.0009391356669207727,0.031686322241971515,0.0010361093134415836,0.38086764866674794,0.37969127625670424,0.352694004873734,0.3549375545426111,0.28671510000421485,0.005653340579440457,0.005737903354079582,0.10292715609899993,0.10233455148664863,0.5044137406451006,0.0,0,0.0,0.0,0.0,0.9885072006327442,0.27059412127748605,,1.6,,1.6,0.4208206861629442,5.811873637918475,1.3521815510526434,0.7597654886815718,7,2,6,0.9117647058823529,68,0.75,0.9137931034482759,49,49,3.4099999999968986,4.870000000001511,50,3.3649999999969396,5.399999999995089,88,12.28380175285828
FS-004,True,429.784887375161,13.526491763854077,0.4672417488686588,0.02360589777166348,0.031472702184725074,0.04089494350837755,0.06144246752496442,0.08028696031394517,26.407043985268835,6.9687887736567e-05,0.03139860752516149,0.0009988379433296826,0.36692774602458994,0.39394125985683764,0.3530251803449752,0.36553169879811714,0.27374159365753326,0.0077015271993747135,0.010488454106449326,0.10278933881108256,0.10172968257819479,0.5026814430228549,0.0,0,0.0,0.0,0.0,0.0,1.3906157436875155,,1.6,,1.6,0.39213602649007745,5.4758251152611255,1.3056844665333363,0.7598073432919168,5,1,5,0.9354838709677419,62,,0.9393939393939394,51,51,3.3100000000016934,4.3999999999999355,52,3.3799999999993133,7.059999999993579,94,13.12284392884392
FS-005,True,429.21930665053424,13.967801060918319,0.5097226917615324,0.45702898170804224,0.0325423410468597,0.041839108207500544,0.06288830258642021,0.08242190151003752,26.992873632572195,-0.0010221854196385796,0.032459937645998575,0.001061814801190443,0.3752627095386964,0.40179764511606375,0.341760022736893,0.3730260906701475,0.2781079620626747,0.007105924530285114,0.026538248113459048,0.10555887314704065,0.10276213146582086,0.48928206023481996,0.0,0,0.0,0.0,0.0,0.0,1.355112272516875,,1.6,,1.6,0.374584468890395,5.950314240066335,1.3888235959986799,0.7765895482397894,9,2,6,0.8857142857142857,70,0.9705882352941176,0.9137931034482759,48,48,3.3649999999969538,7.420000000000758,52,3.434999999996876,6.559999999994034,93,13.000347173439652
FS-006,True,429.40507415734226,13.676235614048124,0.5034067223113032,0.11277851462433729,0.03184926410309924,0.04072843843740693,0.0636483531714725,0.08236507217070495,27.330925813588845,0.00036775426688947957,0.03177728012006478,0.0009901159612903888,0.40030983447195295,0.38418269817545747,0.34806295732135434,0.35217346803389327,0.2934758054438451,0.006287769200907644,-0.008485869104951816,0.10312058046961757,0.10400450774123554,0.5002968360855519,0.0,0,0.0,0.0,0.2002538050318699,0.9832791915324034,0.030306768467513345,,1.6,,1.5,0.4040174956966668,5.989296297315326,1.3616966761002458,0.7837913367489521,4,1,7,0.9634146341463414,82,,0.8723404255319149,51,51,3.3399999999969623,7.490000000003832,52,3.2750000000007287,4.189999999996189,91,12.715266606279904
FS-007,True,429.80144132800393,13.479162250006437,0.7887482856252794,0.6509511015471477,0.03136137051648409,0.040668679978154994,0.06155856039411127,0.07997133965361229,26.457957983465988,0.0014691409428382908,0.03129462575122322,0.0009079548002857322,0.3819438098969077,0.3657502857930913,0.36084439560928705,0.3575139243954607,0.27498744451581086,0.006654235479441737,0.01963131616357025,0.10339454064058232,0.10140644954258786,0.5057252499116777,0.0,0,0.0,0.0,0.0,0.0,1.1459453583304793,,1.6,,1.7,0.3879896415084546,5.103158073023042,1.2518816988915031,0.7473708701721731,6,1,7,0.9295774647887324,71,,0.8867924528301887,50,50,3.5099999999993017,4.409999999999123,49,3.3300000000017036,6.619999999993979,89,12.4243417693073
FS-008,True,429.948288244605,13.633882330116815,0.6957713569059982,0.5964842817783583,0.031710516596731554,0.04122765220447193,0.061652206538573354,0.08041844583547754,26.507260667762527,-0.0012433866555076893,0.03163576732850637,0.0009845453795445213,0.36550907236219704,0.39755943836379465,0.3548991644264787,0.36311343542593816,0.27424228267404793,0.007745117473535575,0.006395338750072189,0.10249600523673065,0.10182491563794199,0.49589286450027054,0.0,0,0.0,0.0,0.0,0.0,2.4183584784481034,,1.6,,1.5,0.37726164780167826,7.0411535647368035,1.4690976185194111,0.7633158115085826,9,2,7,0.9080459770114943,87,0.75,0.8604651162790697,50,49,3.3999999999969077,5.809999999998844,53,3.3999999999969077,6.679999999993925,95,13.257408288033865
FS-009,True,429.88233480550343,13.333909419298893,0.3565843873211004,0.07422488527527751,0.031017579322797008,0.03965654982553261,0.06208952736659539,0.08030770824122078,26.691190991322223,0.0001794553593273779,0.030947134117739528,0.0009989767446990667,0.38792553520710193,0.3831978815192085,0.3577257950587257,0.3554228392965451,0.28229197847920023,0.004559387165529343,-0.00831301925902077,0.10186880641158602,0.10272768362128497,0.5000492399920583,0.0,0,0.0,0.0,0.0,0.0,0.5492256529593824,,1.6,,1.5,0.45486560293177053,6.158833315665196,1.3379281572282429,0.7703312552340188,5,2,6,0.9375,64,0.5,0.9206349206349206,54,54,3.359999999996944,4.2699999999961165,50,3.5649999999967577,7.059999999993579,95,13.259442267100638
FS-010,True,429.9273372022807,13.858112020086043,1.1834324867564188,0.8676040317162611,0.03224681750720658,0.0485842363854737,0.06211462422956684,0.08059660935499553,26.704771004439706,2.1939105125081987e-05,0.030494164300450453,0.0029092963098133673,0.3733188985944498,0.3673411442680466,0.35251849344712194,0.35471110302587905,0.2882580131016209,0.0045123904253783955,0.007583931306617505,0.10241226994815074,0.10161012093639006,0.49879902636054846,0.0012792859453392357,55,0.0,0.0,0.12190432071859886,0.32139695535868745,5.076096210032688e-10,,1.6,,1.6,0.38044851178903366,6.133868141936952,1.5375150294599367,0.7439756233717901,11,4,10,0.84375,64,0.625,0.8571428571428571,52,52,3.359999999996944,4.439999999995962,52,3.229999999998479,4.229999999996153,94,13.118495875842344
FS-011,True,429.5457390455156,13.655464580427946,1.0769016787268777,1.0572046460603886,0.031790478496588975,0.04123753245855663,0.06247811411766893,0.08012565479754656,26.837207702844147,0.002584415423686016,0.0317235962676588,0.0009909089173300344,0.4144279010684188,0.35374579745022,0.3557711929341404,0.3519997668606336,0.2865020598713828,0.0057269803338436415,-0.0004071313534509831,0.10340813739876925,0.10333253863421454,0.49963419384023877,0.0,0,0.0,0.0,0.0,0.0,1.1460107652673095,,1.6,,1.6,0.41140818869964535,5.830216649488483,1.3395399615878616,0.76754202169763,8,2,9,0.9146341463414634,82,0.8,0.873015873015873,54,54,3.405000000000541,7.530000000003852,47,3.3199999999969805,6.18999999999437,90,12.571420245022626
FS-012,True,429.5564183392375,13.72303947156684,0.4144868235888305,0.40594845686247377,0.031947001338318314,0.041020057968965774,0.06000785975126152,0.07809195155166114,25.77676130695518,-0.0009093740949738486,0.03188556411377066,0.0008981983078244996,0.38553724942648027,0.3961295716587759,0.3385967759521938,0.375270844801332,0.28054522026680223,0.005587158979672436,0.03362578472135848,0.1044859081295187,0.10099376342954113,0.47911382429095556,0.0,0,0.0,0.0,0.0,0.0,2.7372956982828107,,1.6,,1.4,0.3738148408253765,5.319735810317616,1.2295018791614805,0.7806774531486439,6,2,6,0.9382716049382716,81,0.9714285714285714,0.9206349206349206,54,54,3.264999999999354,4.889999999995553,53,3.4199999999968895,7.190000000003678,97,13.548860525705656
FS-013,True,429.3579901644587,14.411947597236942,0.35901942930347663,0.08852196018279819,0.03356627319714394,0.04273887426239394,0.06054543270530029,0.07935510463340281,25.995665299985227,-0.00016760133337564919,0.03349364478702757,0.0010565724832196832,0.39943358206588797,0.39142161983669455,0.32655265157812563,0.3857387163950575,0.281443463888291,0.006265168138526172,0.05482218451261627,0.10654028949234355,0.10085008311103666,0.47528634575146456,0.0,0,0.0,0.0,0.0,0.0,2.7894936188590016,,1.6,,1.8,0.40360929795985334,5.9497556201640345,1.3226906163050394,0.7911261208804006,4,2,7,0.9464285714285714,56,0.5,0.9130434782608695,52,52,3.524999999998366,8.100000000004144,51,3.459999999996853,6.84999999999377,93,12.996148034563582
FS-014,True,429.4674287588149,13.904139978700407,0.41663510328165054,0.06851166973554128,0.032375307293696524,0.04197404492475873,0.06175665342140059,0.0792241365859288,26.52247115363828,9.16857402383279e-05,0.03229860802425605,0.0010410760277355738,0.3798658270115708,0.3780030547815276,0.3505677466482952,0.3642651095849585,0.27988152756399903,0.0052856162027477335,0.04196858365838497,0.10556095541925127,0.10122062536679167,0.4938149311386215,0.0,0,0.0,0.0,0.0,0.037208875295114005,0.4076165970171206,,1.6,,1.6,0.3756263669464716,5.549177636531918,1.3816164481940776,0.7572765798910259,6,3,6,0.8611111111111112,36,0.8,0.9528301886792453,50,50,3.4549999999968577,8.160000000001276,47,3.5600000000018213,7.529999999998502,91,12.713420470045211
FS-015,True,429.83771501742297,13.766224352052474,0.3359768946792736,0.2928706110623824,0.032029730840796966,0.042648847286568925,0.05999653875611337,0.07774588066864564,25.788777904800686,0.0005021262133891688,0.031828646644931985,0.0013318815469486498,0.3779100677413002,0.36474230743955355,0.35550094763375795,0.36467251365703524,0.27656949552502935,0.0032570431841776677,0.06431527576457667,0.10535715215083248,0.09879552380406631,0.49981122528700156,0.00430394992194906,185,0.0,0.0,0.18311562073330306,0.2427141950845199,9.657519228767342e-11,,1.5,,1.5,0.35787269853506665,6.639234774160217,2.188112402003726,0.7439685457041156,7,2,6,0.9154929577464789,71,0.9444444444444444,0.9382716049382716,52,52,3.3949999999969123,4.489999999999107,53,3.3199999999969805,4.350000000002225,95,13.260818678437646
FS-016,True,429.69215546354644,14.11629235557832,0.6301324957046415,0.3395063769677401,0.03285210627210525,0.04200645727704097,0.05984684064544663,0.07836147394678052,25.71571795462537,-0.0005868615476556843,0.03278088440833278,0.0009909524073968051,0.3996814878194114,0.3734534083520492,0.3384100771089892,0.38055151326557657,0.2758719201473915,0.0051664894780429306,0.06326336020884653,0.10589118593192351,0.0993963160635853,0.48504492658275145,0.0,0,0.0,0.0,0.0,0.0,0.6435744837867947,,1.6,,1.6,0.3684873068698874,5.783080953832875,1.3167335486835765,0.772417324117387,8,2,8,0.9054054054054054,74,0.9545454545454546,0.8985507246376812,50,50,3.530000000001806,7.720000000001207,52,3.4649999999984042,5.459999999995034,93,12.986041120486286
FS-017,True,429.8806714724749,13.334242275144213,0.6202558289069919,0.35561456564071564,0.031017679902224128,0.04054457786083385,0.06215463299707865,0.08224326703096008,26.719065945413178,0.0006119539123550003,0.0309371979171313,0.0009478929023073557,0.3759182738932407,0.3655898262689463,0.3633814726710203,0.36249594443554267,0.26595752632558295,0.008165056567854424,-0.012453321973752355,0.10179709461925382,0.10307080846896981,0.49551116299983267,0.0007443926215707736,32,0.0021866533258641475,0.394132630852301,0.39410936858287693,0.9746208640583229,4.0857617289447035e-10,,1.6,,1.5,0.4012185091344155,5.436968280244685,1.2708722094642235,0.7407648646133804,8,4,7,0.8771929824561403,57,0.9318181818181818,0.922077922077922,50,50,3.2999999999969987,5.8399999999946886,52,3.2899999999970078,4.230000000002164,94,13.119919955184884
FS-018,True,429.75194322228424,13.58020988963842,0.39183248258051784,0.3017693809821452,0.03160011281813882,0.040992963440391536,0.06111081751436766,0.07924840431422153,26.262492578701842,-0.0004625291611510799,0.031537409004020654,0.000923903410499192,0.3855292473606974,0.3878283801355424,0.34803798414155557,0.3610267403538739,0.28590912022112003,0.005026155283450958,0.04188235979665603,0.10483095204363438,0.10057484726699152,0.5024061052082857,0.0,0,0.0,0.0,0.0,0.0,1.860687843165389,,1.6,,1.5,0.399972535582434,5.747721448041429,1.2617061711505269,0.7729842931937173,7,3,6,0.8867924528301887,53,0.9130434782608695,0.927536231884058,53,53,3.3199999999998724,7.4199999999932515,51,3.379999999996926,7.659999999998476,93,12.984234482248308
FS-019,True,430.21661801271136,13.462346234490047,0.4618851069234628,0.15726993941932896,0.031292018185341934,0.04063466052454246,0.06081584264555449,0.07919722373430958,26.163986144563665,0.00033405773523677,0.03122712219262898,0.0009500551521189259,0.37884779710647026,0.37615934211825025,0.3536590490223801,0.3627242497531542,0.27634129653540895,0.007275404689057175,0.04377804893427814,0.10344803650252148,0.09910459385530226,0.49034976609499187,0.0,0,0.0,0.0,0.0,0.0,1.2542999879715593,,1.5,,1.5,0.38213906065046543,4.957750297292658,1.2587909819848535,0.7541433253527348,4,1,5,0.9444444444444444,54,,0.9459459459459459,51,51,3.279999999997017,6.799999999999276,54,3.334999999996967,4.209999999996171,97,13.528068782847528
FS-020,True,429.63477747485035,13.60279198612453,0.641383525363467,0.37904391760391826,0.03166129163489513,0.041169903228307124,0.06179999641980615,0.08000883268707895,26.5514277097699,0.0009634213119451751,0.031592723152683,0.0009785314772071765,0.38607209820138383,0.37929890349609624,0.3590137148147406,0.3573733041408359,0.27676995958959744,0.006843021454826476,0.015059173432644677,0.10378696794361848,0.10223459528376437,0.5044395585213931,0.0,0,0.0,0.0,0.0,0.0,1.6199359257320292,,1.6,,1.5,0.4085470671111521,5.501793448011913,1.2583115033681687,0.7647510648697716,7,1,6,0.9340659340659341,91,,0.9056603773584906,53,53,3.4199999999968895,4.210000000000264,54,3.4649999999968486,4.549999999995862,98,13.686042909652954
FS-021,True,429.8237430869042,13.963780288158556,0.48949324906013914,0.2768561639726851,0.032487224153495135,0.04141500580780438,0.06040194922387797,0.0770043491127138,25.962191905152363,0.0005987373244735035,0.032412502779024424,0.0010240071766423376,0.39018319182542577,0.3894241436845468,0.3320663464864529,0.3698958062627418,0.2946178407396652,0.003420006511140514,0.06105140609661935,0.10554547721594829,0.0993018227226854,0.475156959967219,0.0,0,0.0,0.0,0.0,0.0,0.6319862478308078,,1.6,,1.5,0.39397672562498603,6.326278188592106,1.4108158481552462,0.7785584663347448,6,2,3,0.9315068493150684,73,0.9565217391304348,0.9722222222222222,51,51,3.4100000000017445,6.550000000003351,53,3.369999999996935,5.609999999994898,95,13.261249737075465
FS-022,True,429.66217316403976,13.473233664494556,0.3840832366291867,0.25098240016903783,0.03135773755757303,0.040781076475233685,0.06181878773589576,0.07978053244558517,26.56119468097147,0.0005197866472649296,0.031294410929715494,0.0009513572163900087,0.3958924257804234,0.36612991086832314,0.36668343140332565,0.3599106685636959,0.2671451673736646,0.0062607326593141594,0.016127975849126203,0.10412772817949827,0.10247082184841387,0.4990482908584465,0.0,0,0.07701399393929578,0.9050649497496581,0.07701399393929578,0.9050649497496581,0.16664722040345425,,1.5,,1.5,0.4185581981604578,5.580111887395728,1.3180499928240936,0.7611599869664386,7,2,5,0.9375,96,0.9444444444444444,0.9310344827586207,56,56,3.3749999999969305,4.209999999996171,51,3.359999999996944,4.250000000002174,100,13.964459463154263
FS-023,True,429.31615274578326,13.883914714265368,0.43612716193831425,0.232797455042261,0.03233960480048983,0.042122806253239206,0.06175800647549379,0.08087190993156264,26.513709741308173,-0.0004764553378266397,0.032267022109582995,0.0009874208559410653,0.37715794983348777,0.39104049294741783,0.3449349664545969,0.37086887828858633,0.2781865980028003,0.0060095572540167855,0.018646378675487987,0.10482776962082617,0.10288854654011267,0.49149362630837085,0.0,0,0.0,0.0,0.0,0.0,2.0894195091254697,,1.6,,1.6,0.3914620986807771,6.1976512793436465,1.2998547447425592,0.7674640702522653,5,1,7,0.9230769230769231,52,,0.9142857142857143,54,54,3.2449999999970487,4.5999999999999375,50,3.504999999996812,6.930000000003545,96,13.41668596245608
FS-024,True,429.9565823587775,13.395266999113502,0.5678569815766176,0.3320725731053725,0.031154929471310638,0.040110082575845085,0.06140121445710403,0.08054875654266522,26.39985632065475,-0.0008437779899465282,0.03108607520174354,0.0009306827361437586,0.36868044091601637,0.3816199279932954,0.3526402576934633,0.3609899379804935,0.28139255758112863,0.004977246744914991,-0.001999674590624131,0.1022914715153105,0.10249305989192709,0.4957942470156679,0.0,0,0.0,0.0,0.0,0.01795530134146904,0.36712319400962556,,1.6,,1.5,0.34959707436706994,5.059727161273349,1.2712409672390377,0.7492499127805559,5,2,6,0.9285714285714286,56,0.9285714285714286,0.9315068493150684,53,53,3.369999999996935,6.410000000003279,52,3.3849999999969214,4.4800000000007,95,13.257152544867035
FS-025,True,429.73068930685514,13.51217637910322,0.3807453211143988,0.16582949059862365,0.03144335909752665,0.04078863409436196,0.06154274352208866,0.08048820042349865,26.44680559558215,0.0002302584953658458,0.03138427177269587,0.0009174730628007082,0.3745136291280296,0.38763812812319604,0.3499417031383435,0.37018533690621935,0.2750094488029734,0.004863511152464158,0.02197692328610435,0.10387574053169026,0.10162371895491917,0.49361308043649527,0.0,0,0.0,0.0,0.0,0.0,0.8798150011788075,,1.6,,1.6,0.4022379814674926,5.298412218321581,1.2166719483153168,0.7612454331789729,6,2,7,0.9473684210526315,95,0.9655172413793104,0.8723404255319149,54,54,3.314999999996985,4.019999999999513,52,3.4149999999969083,6.659999999998675,97,13.543365984373876
FS-026,True,429.9887961610406,13.72087247909424,0.47520018454524204,0.39935676243936835,0.03190983719016587,0.04102577108245162,0.06113221690474987,0.07986098100129482,26.286168353529,0.0007516183414906333,0.03182208220739415,0.0010462353666974697,0.3945916766083711,0.3733353088108787,0.3458201643592351,0.36210245799447943,0.28614699056930487,0.005930387076980877,0.01449958318806476,0.10269564602196525,0.10121683945331553,0.4889634289036167,0.0,0,0.0,0.0,0.0,0.0,2.5697084541679667,,1.6,,1.6,0.3797191312084091,6.247564995847892,1.4460873865823356,0.7675938415740267,7,3,7,0.8695652173913043,46,0.8181818181818182,0.9469026548672567,50,50,3.459999999996853,6.88000000000352,52,3.314999999999344,4.509999999999103,89,12.418928231795249
FS-027,True,429.6951979967951,13.63819567261604,1.0547026902200267,0.8210184577204079,0.03173923221901522,0.041013895995667154,0.06154573610718046,0.07913384633354928,26.445907262433437,0.002005936370945985,0.03166898989170848,0.0009731390139083923,0.3987943100106,0.36628289246363405,0.35184288468106834,0.3630247690158351,0.2798029872349115,0.005329359068185538,0.026572894394739126,0.10365821563690006,0.10090132799656726,0.4959217580048095,0.0,0,0.0,0.0,0.0,0.0,1.4618822609541633,,1.6,,1.6,0.379596013342653,5.772079484380532,1.293072026855082,0.7641555540040494,7,2,7,0.9310344827586207,87,0.8,0.875,49,49,3.5199999999992997,7.139999999993506,51,3.3099999999969896,6.569999999994025,94,13.12558303256176
FS-028,True,429.90130334749813,13.302238382016082,0.47592724475683823,0.05188823258283396,0.030942540249206035,0.03993399827867386,0.06250764156720352,0.08071421955793791,26.872116578919098,2.0085168395162227e-05,0.030874242416523662,0.0009881399807184527,0.378621787681415,0.38555361128091514,0.3611324323480949,0.3552675900508849,0.27757533896924036,0.006024638631780209,-0.022794044651601248,0.10112000629637259,0.1034530693184216,0.5004637071920898,0.0,0,0.0,0.0,0.0,0.0,0.7202863651373035,,1.6,,1.6,0.44708519364214316,5.71159624667565,1.356613600890978,0.7639218422889044,5,1,7,0.9487179487179487,78,,0.875,51,51,3.3400000000017087,5.259999999995216,52,3.379999999996926,7.360000000003765,94,13.119290302409414
FS-029,True,430.13773048698897,13.355196977412156,0.3200895718422286,0.11698575881178977,0.031048652631081176,0.04047352069830312,0.061504270032978335,0.0803311978056851,26.45530712724417,-0.00012826068874871284,0.03098817594597478,0.0009129022691810834,0.3706952185279715,0.3876432783778862,0.35753136632044635,0.36225606115414566,0.27323806229910624,0.006974510226302375,0.0071739904658884,0.10215526508148944,0.10143622058435309,0.504071102422294,0.0,0,0.0,0.0,0.0,0.0,2.0969665422671278,,1.6,,1.5,0.38985354808493683,5.0844714072404,1.2573716184982158,0.7572826819798666,4,1,6,0.958904109589041,73,,0.9324324324324325,51,51,3.4399999999968713,4.459999999999905,53,3.4399999999968713,6.089999999994461,94,13.112079225448468
FS-030,True,429.6195592857151,14.200670043952904,0.3169375155847522,0.17788764468843304,0.03305405849669157,0.04235993981092205,0.06093384635711614,0.07942924758276382,26.178372217527723,0.00012963147531268958,0.03297422575170603,0.0010591706197693737,0.38913498323482587,0.390485014879019,0.33208450806383905,0.3710026616688533,0.2918628756299486,0.005049954637359454,0.05398010524321328,0.10593652971699065,0.10037714654835585,0.48082075300166277,0.0,0,0.0,0.0,0.0,0.0,1.8122704441372406,,1.6,,1.6,0.38009557664995175,6.199546327684827,1.4111246652211793,0.779032145434231,5,1,6,0.9493670886075949,79,,0.9090909090909091,50,50,3.4499999999968622,4.390000000000473,51,3.4099999999968986,6.18999999999437,95,13.267552365345777
FS-031,True,429.33739269256586,13.814442901032663,0.5073848645128108,0.20607258189138106,0.03217619321344508,0.041563733831931474,0.06300531577386373,0.08124837743051246,27.050538000122437,0.0004924968376104488,0.032105424886071564,0.0009976381611861845,0.393816152233152,0.3694996119604165,0.34774515926431027,0.36279160085069645,0.28261547854382113,0.006847761341172619,0.029609984693886763,0.10568299009564548,0.10261259303172385,0.5001427866632643,0.0,0,0.0,0.0,0.0,0.0,1.1567404798553504,,1.6,,1.5,0.360018759432481,5.677180014413045,1.3548241524713434,0.7625602683250646,5,2,5,0.9393939393939394,66,0.8888888888888888,0.9518072289156626,52,52,3.3949999999969123,8.029999999992697,51,3.369999999996935,4.319999999996071,96,13.416022219440233
FS-032,True,430.019273347035,13.655803849036976,0.8521155884823292,0.6085952861108614,0.03175611492721999,0.04078140272764885,0.062445021683349256,0.08212879696281257,26.852655301899524,-0.001541915856254318,0.0316486509659791,0.0012048211780533978,0.3947032389476745,0.3848182711882537,0.34617053054705005,0.3613774613809565,0.28452213094472373,0.00792987712727019,0.001649654000090848,0.1022209428878522,0.10205091627323339,0.4936057827080267,0.0002558024879764577,11,0.0,0.0,0.030812572415346046,0.10308671283963675,2.851572644679834e-09,,1.6,,1.6,0.44866213892142387,6.324284446995785,1.4543141787705038,0.7792609474198274,7,2,8,0.9130434782608695,69,0.9230769230769231,0.9186046511627907,50,50,3.3449999999969577,8.499999999998309,51,3.3999999999969077,4.3600000000022305,95,13.255219831507354
FS-033,True,429.51568698413666,14.224955908674989,1.182726154062556,0.8649388575517424,0.03312796362980076,0.0459240060971282,0.06212726996986986,0.0799577877194253,26.68464139765708,-0.002180103143741849,0.03294018130353395,0.0015424727285829546,0.37782089203646135,0.38692416839745825,0.35019835489662104,0.360848287261099,0.2845530529005195,0.00440030494176061,0.019999703215270684,0.10415507223093012,0.10208047059496327,0.4964561096275215,2.328203672889212e-05,1,0.0,0.0,0.014853939433033177,0.034573824542404805,3.132132715411018e-07,,1.6,,1.6,0.3726365236583309,5.610389965037917,1.4510545257662824,0.7647086214523526,10,3,12,0.847457627118644,59,0.3333333333333333,0.8493150684931506,52,52,3.404999999999312,6.220000000003182,52,3.3749999999969305,4.640000000001329,97,13.550145376215212
FS-034,True,430.52528016589577,13.513096746395444,0.944129742572374,0.8601369536008443,0.031388417571339394,0.041086083632891256,0.06296931405651861,0.08212065403353641,27.10988001292021,-0.0018418373556084522,0.030899163935280805,0.0017537127468437578,0.3725216784905181,0.38149973470223797,0.3592820378408365,0.359978861032925,0.2733063204106284,0.007432780715610784,-0.00832611436532947,0.1032148887041296,0.10403401109928379,0.4949193229345113,0.0026247006902000583,113,0.0,0.0,0.7869346952990705,0.9486905856225502,3.7905678595961945e-11,,1.6,,1.5,0.4491706346582863,6.828638369309429,2.2902743297362953,0.7556907925299637,10,3,9,0.8846153846153846,78,0.9393939393939394,0.8840579710144928,52,52,3.3199999999969805,7.5299999999988785,52,3.31999999999816,5.009999999999003,96,13.37900528809941
FS-035,True,429.56482530482106,13.731118581588598,0.5648124069576339,0.25835102338527555,0.0319651837690501,0.04132210335096526,0.06139410842218822,0.07959321900711636,26.372749459122424,-0.00045107130721748956,0.03189513798515506,0.0009929231668902288,0.385203792891054,0.3741107647507785,0.34635051856125587,0.3687452758442191,0.2785489366358466,0.006355268958678775,0.05093021016012562,0.10604950283544484,0.100778404747743,0.4865501386350953,0.0,0,0.0,0.0,0.0,0.29776646611890206,0.25573975349552414,,1.6,,1.5,0.3680304087042966,5.87144662107033,1.277554411828669,0.7591256169103269,6,1,5,0.9367088607594937,79,,0.9344262295081968,53,53,3.5099999999968077,4.240000000000663,50,3.3849999999969214,5.40999999999508,96,13.408919121607966
FS-036,True,429.6837794851511,14.156603232809392,1.0352565800313278,0.7277326061482146,0.032946561887376574,0.04238579033512446,0.060968769608674284,0.07964770619760637,26.197291356014546,-0.001488291640299422,0.032870633938515456,0.0010601589572293102,0.37511306615559603,0.403459493415648,0.3362240021559683,0.37028109293720607,0.28972469044366644,0.0037702144631596075,0.04991358443455868,0.10553975740260739,0.10039877736690075,0.48820502309047614,0.0,0,0.0036305768904499928,0.25891133273241146,0.0036305768904499928,0.25891133273241146,0.2284268014327142,,1.6,,1.6,0.3934434437413091,6.272387847858938,1.3835042380763751,0.7782768571960529,10,2,7,0.8695652173913043,69,0.96875,0.8823529411764706,48,48,3.3499999999981505,6.190000000003167,49,3.4299999999968804,8.150000000001274,93,12.986294261994203
FS-037,True,430.0567258303612,13.344211895151853,0.5327118824204587,0.13257052770261876,0.031028957562253358,0.03978799777029304,0.061101877788625046,0.07959008490209415,26.277273503863046,-0.0003131563477199076,0.03095918685580072,0.0009357042665861696,0.38289536226278026,0.3836470634924602,0.35007009763494673,0.3682926374992634,0.2751730013558259,0.006464263509964475,7.136168743462726e-05,0.10165292547024513,0.1016493410371508,0.4896098290137124,0.0,0,0.0,0.0,0.0,0.0,1.7388303012210038,,1.5,,1.4,0.36653091812777916,5.524280617507184,1.2905694308803806,0.7657249157074759,6,1,6,0.9342105263157895,76,,0.9324324324324325,51,51,3.459999999996853,5.5600000000028444,53,3.389999999996917,4.520000000000707,97,13.533098427335696
FS-038,True,430.8431662690639,13.196109703447853,0.2969706474063157,0.10392936155093452,0.030627017288647716,0.03957636259930578,0.060194675985848906,0.07874012262861696,25.934465605821398,3.6708351247483134e-05,0.03054864949033342,0.0009525880286936098,0.38098124589158683,0.371388042163057,0.351450392752516,0.3623360243864436,0.27839171108996735,0.007821871771073694,0.018126240577774184,0.10016979320854352,0.09837870991155892,0.4924603263558804,0.000510626643808965,22,0.389863442548145,1.0000000000000018,0.389863442548145,1.0000000000000018,2.026123713250172e-11,,1.6,,1.5,0.37358072295271166,5.1366955720309075,1.3596784260151997,0.7515318911893046,2,1,5,0.9791666666666666,48,,0.9603960396039604,51,51,3.359999999996944,6.49000000000332,52,3.334999999996967,5.019999999999001,95,13.229872135050458
FS-039,True,429.6846067696809,13.470717715831407,0.6611072454452686,0.12300569033790228,0.03135024504857813,0.04013872784152335,0.0626625378940685,0.08120767076011354,26.925127954203028,0.00030081277245122713,0.03127664387806565,0.0009988793240469848,0.3767754399832609,0.3876098826348554,0.3499543563602715,0.35614494349812026,0.2887341198987423,0.00516658024286628,0.013884250238162166,0.10334379455829917,0.10191496680990636,0.4925007707186319,0.0,0,0.0,0.0,0.0,0.14685189789408212,0.35214047376061863,,1.6,,1.5,0.4208376554724979,6.390285890711112,1.3989781381070483,0.763987153230311,8,1,6,0.8793103448275862,58,,0.9367088607594937,52,52,3.369999999999308,6.10999999999987,51,3.4399999999968713,7.549999999993133,93,12.986269259096327
FS-040,True,429.9225069584697,13.421706291157248,0.7595083300868972,0.6234314408956699,0.031218896600949023,0.040502664549847606,0.061401469491719735,0.07902411370894465,26.397873694814095,0.0014571787142118528,0.031151856269071777,0.0009311974713685325,0.37906831431773097,0.3626234902260184,0.36023354081676484,0.3566689287444368,0.27539846852315975,0.007699061915639008,0.020305982864972736,0.1031786321199093,0.10108813279835742,0.5015380759753963,0.0,0,0.0,0.0,0.0,0.4713465884633135,0.39005287985912385,,1.6,,1.6,0.37805336970491477,5.645182320824853,1.2683777977690043,0.7406029028656494,4,1,7,0.95,60,,0.9117647058823529,51,51,3.4899999999993057,4.539999999995871,49,3.350000000001714,5.169999999998971,94,13.11864326410997
FS-041,True,429.15147008761755,14.103226948596358,0.38774071381411734,0.22862856006079987,0.03286305169994383,0.042363432911629036,0.06261092398032846,0.08242450275436362,26.869570069701936,0.0005435313576291837,0.03278812250560152,0.001038280163178269,0.40114041777569387,0.39629706978026924,0.33414775433653476,0.37099131934725127,0.2898976437727218,0.004963282543492463,0.04168872561680943,0.106768759458481,0.10242295313526543,0.4808558618192982,0.0,0,0.0,0.0,0.0,0.0,2.15458073272736,,1.6,,1.5,0.4047959526091534,6.454024684098886,1.4813974314886518,0.7969940580216708,6,1,6,0.9382716049382716,81,,0.9242424242424242,52,52,3.4049999999981075,7.500000000000512,55,3.3399999999969623,3.9800000000003966,98,13.701456035556658
FS-042,True,429.4425749600678,13.89467758960923,0.45062548771640054,0.10889539479481428,0.0323551468805844,0.04182797403782897,0.06061086187616052,0.0797593339556057,26.028884594647316,0.00044912738332049287,0.032291759334760056,0.0008993944809570058,0.3905527997907419,0.3941854158632053,0.3435676469054967,0.3769304895190043,0.270886043403631,0.00861582017186826,0.023805124854907975,0.10449547378130015,0.10203762031045306,0.4780442995880353,0.0,0,0.0,0.0,0.0,0.0,2.6387262616075704,,1.6,,1.5,0.37182999232393793,5.415683110963414,1.2279718268847826,0.7838813338301043,5,1,4,0.9523809523809523,84,,0.9361702127659575,51,51,3.429999999999965,6.410000000003279,52,3.4749999999968395,7.659999999993033,95,13.273020264770024
FS-043,True,429.50318246833973,13.620308102634004,0.7112553628748928,0.6229480283708556,0.03171177457721859,0.04077787093635551,0.062422335472106565,0.08153907547516025,26.810591742376086,-0.0015354578689962181,0.03164678461606626,0.0009655804604666501,0.3688214813441505,0.41234428450689026,0.3505212677000306,0.3667567293985103,0.27920631300290716,0.0035156898985522823,0.01788375528320799,0.10422484610395749,0.10233352645425221,0.49710923856946904,0.0,0,0.0,0.0,0.0,0.0,1.451599921530276,,1.6,,1.5,0.38903431621656126,5.95430234291079,1.309805106803819,0.7805355064027939,6,3,6,0.9019607843137255,51,0.8461538461538461,0.9253731343283582,49,49,3.369999999996935,6.820000000001542,55,3.4300000000017548,6.930000000003545,94,13.131451011811176
FS-044,True,429.61922193616624,13.858948704758255,0.5119509705459817,0.2585854450608388,0.03225723540048962,0.0414592472908701,0.061804754947683976,0.08014249181924407,26.55250857994085,-0.0005686637667834021,0.032176558226226795,0.0010286220957781108,0.38047645834684585,0.39991046294873217,0.3483782669813557,0.35996992709739206,0.28413352034398404,0.0075182855772685155,0.033780818858694495,0.10507038882873783,0.10159640405548613,0.49848612678691234,0.00025604068529397415,11,0.0,0.5970385141991569,0.5970385141991569,0.9866626079387794,2.4940050025179517e-11,,1.6,,1.7,0.42526180074615083,5.31508915749005,1.3084152030732301,0.7796373454994064,5,2,5,0.9354838709677419,62,0.9811320754716981,0.9230769230769231,50,50,3.4099999999993216,7.179999999999847,51,3.3099999999969896,7.579999999998492,95,13.267562783415027
FS-045,True,430.52985498584803,13.29459333002367,0.9909040209109541,0.717226609123811,0.030879608408249867,0.03947824309579527,0.0615951738747961,0.08009085178516752,26.51856127614407,0.0016850739215464837,0.030810790751341723,0.000978908192543744,0.38896257265481543,0.380275602502367,0.35358722100898693,0.3562122306362265,0.2833252992501754,0.006875249104611567,-0.009967658076780954,0.09986715282092366,0.1008307210894561,0.49745645396156835,0.0,0,0.0,0.0,0.003553760516910709,0.17606212234106666,0.2267761178050911,,1.6,,1.6,0.40702619582102345,6.554078853551846,1.4290029433213984,0.7685357242404534,7,2,8,0.8604651162790697,43,0.8888888888888888,0.9113924050632911,51,51,3.4399999999968713,7.479999999993197,49,3.4099999999968986,7.3200000000006735,96,13.378863122487376
FS-046,True,429.95394384108477,13.460723158036956,0.7969716860831435,0.6265735565595231,0.03130736059258491,0.040153806288906226,0.06184840832287261,0.07925683242149562,26.59196707871285,0.0013753203313245086,0.03123769159663608,0.000983113530351279,0.3942980461708709,0.37183052345506484,0.3523633220957172,0.3515027648074307,0.29204045140121926,0.0040934616956334125,0.008716357357627125,0.10275948900673984,0.10186136728324091,0.5038770941502485,0.0,0,0.0,0.0,0.0,0.0,1.8989127795260887,,1.6,,1.5,0.42375731308742476,5.516062265147394,1.3870182702740068,0.7653913245726247,8,2,5,0.9230769230769231,91,0.9705882352941176,0.9245283018867925,52,52,3.3949999999984133,4.450000000000696,55,3.2899999999993454,6.640000000003397,94,13.117684070097983
FS-047,True,429.5897213181853,13.780745830891636,0.6547195899943558,0.5907815399992016,0.032078853722584136,0.04145165566638808,0.06131676570412118,0.07990096832705257,26.34105229096587,-0.001410920476789633,0.032015858135489746,0.0009248026682383483,0.3707950014013577,0.40883194193074224,0.3375080752749435,0.3758935374536028,0.27952186786435146,0.00707651940710275,0.05044873300472487,0.10576895354537197,0.10052524992804222,0.48343736130586484,0.0,0,0.0,0.0,0.0,0.0,1.0008795658848029,,1.6,,1.5,0.39978562790084476,5.791901953119606,1.2532612139800923,0.778667535732576,8,3,6,0.9,70,0.9487179487179487,0.9358974358974359,54,54,3.254999999999221,4.169999999996207,51,3.540000000000031,7.039999999993597,96,13.408142034510472
FS-048,True,428.8747258880734,13.975425340081353,0.5461506949640816,0.05191089161485799,0.03258626469802423,0.04183943530741945,0.06303935545461088,0.08242392797298913,27.03598629075706,8.887352326580464e-05,0.03251216684960399,0.0010181257496594072,0.3863365920127487,0.39840241351192457,0.33835055143321846,0.36988592778366125,0.28623743156186265,0.005526089221257856,0.02732778329841488,0.10718331382837612,0.1042866662060249,0.48069981175296206,0.0,0,0.0,0.0,0.0,0.0,2.2967857297413463,,1.6,,1.6,0.4233698790769844,5.496768845589013,1.3349151508743973,0.7840837549840278,5,2,6,0.9090909090909091,44,0.9545454545454546,0.9411764705882353,48,48,3.4949999999980577,6.789999999993853,52,3.3599999999984904,6.839999999993779,93,13.010792343721029
FS-049,True,429.5468545714765,14.082999768055423,0.3697782348570831,0.040135639087916626,0.032785712706719504,0.0422124581294857,0.059698318802390155,0.07794688506260035,25.643225064771897,1.0529454991119192e-05,0.03271828821696365,0.0009616804161151573,0.3903575425753123,0.40058493775180865,0.3344687511292052,0.37843800470532174,0.28206468912657123,0.005028555038902227,0.07441286158136715,0.10693416188200366,0.09926401840478889,0.48416138492615574,0.0,0,0.0,0.0,0.0,0.0,2.3407248936999325,,1.6,,1.5,0.39208398644722675,6.244600165642726,1.2960163799557287,0.7902640033524235,7,1,3,0.9310344827586207,87,,0.9629629629629629,52,52,3.3099999999981584,4.1999999999999105,53,3.4900000000017855,5.929999999994607,94,13.13011593491137
FS-050,True,429.3146346399188,13.700245388070181,0.4693155954858772,0.2665927338362515,0.03191189929866003,0.04156911500670855,0.06251718470872229,0.08050685292818083,26.839542311941468,0.0006475980205285333,0.03184447710081564,0.0009680942306181306,0.3799777292400548,0.37494645421303013,0.35988671751082346,0.35729040573856424,0.2756952371289944,0.00712763962161814,0.01842713360292394,0.10467681326664177,0.10276827997199954,0.5013214488260699,0.0,0,0.0,0.0,0.001327697576575928,0.2781052053817342,0.24254738937192422,,1.6,,1.6,0.38719845334771663,5.618082014564205,1.298935665663917,0.754396589876779,6,1,5,0.9107142857142857,56,,0.9428571428571428,50,50,3.5299999999967895,5.819999999994707,53,3.279999999997017,4.179999999999911,93,12.997460486480135
FS-051,True,429.69410445064295,13.41647704814702,0.7760077310324166,0.7496928011222735,0.031223321216612403,0.04034689414459335,0.06205426813414138,0.08089199139929092,26.66435317323996,-0.002033010814095294,0.031160487170531315,0.0009414959384172958,0.3621878875880099,0.3992703243391833,0.3603959151312679,0.3568215222470076,0.27675501890359266,0.006027543718132399,-0.002650036985738427,0.10266772806375278,0.10290564345274414,0.5009240346125512,0.0,0,0.0,0.0,0.0,0.0,1.370007018334522,,1.6,,1.5,0.40606094979456914,5.433215724379531,1.2809495327270286,0.7607344829993716,7,3,9,0.9318181818181818,88,0.9259259259259259,0.8571428571428571,50,50,3.2999999999969987,4.140000000000647,56,3.4149999999993312,7.239999999993415,95,13.265250653804895
FS-052,True,430.0679181401431,13.287863497258565,0.6970809376308481,0.29239407723964167,0.03089712795765558,0.03982209261049444,0.06260936353833833,0.0813855278771035,26.926278633012576,0.0008738770918372047,0.030833336825980613,0.0009600484027361249,0.37952145025338246,0.3902823509040446,0.35612979610836937,0.35291615983939645,0.28386214095657963,0.007091903095655043,-0.01117799374729396,0.10141758594279461,0.10256480708835264,0.49959550791227647,0.0,0,0.0,0.0,0.0,0.0,2.301095950214101,,1.6,52.0,1.6,0.41387493793144803,6.137623929473012,1.298265682329394,0.7691484909082453,6,2,8,0.9152542372881356,59,0.5,0.9204545454545454,52,52,3.414999999999317,5.799999999999876,54,3.2999999999981746,4.21000000000047,93,12.974694843854142
FS-053,True,429.7242908149212,13.704252276480723,0.5857414948419799,0.4018451470498704,0.03189080200817205,0.04156436853267269,0.06072353281485292,0.07825315631957129,26.094377074639326,-0.0008587270452161953,0.03182982437269997,0.0009477791878100149,0.3822683602280929,0.3798482038109917,0.34925717261713146,0.3669794874777516,0.2777129488623644,0.006050391042753038,0.04272011864111471,0.10492960290296455,0.10054623797816645,0.495281033360498,0.0,0,0.0,0.0,0.0,0.0,1.4170186558644482,,1.5,,1.5,0.40044931762511937,5.070493790885839,1.2462418756343547,0.7612864190635763,5,2,7,0.9384615384615385,65,0.5,0.9130434782608695,54,54,3.4100000000017445,5.519999999998902,52,3.434999999996876,4.23999999999991,97,13.543567641854874
FS-054,True,430.5825504022091,12.825890178927724,0.3129876600452514,0.10512132074905114,0.02978729669130115,0.039206017859299926,0.06146996579708609,0.07832625480096869,26.46789464604588,0.0002853870436108542,0.029716387969673692,0.0009232504227589042,0.3529172277372912,0.37539839886454157,0.3746611427971643,0.34049220030642435,0.2772987430365396,0.007547913859872306,-0.0376699370304156,0.0981002049919874,0.10189379333461154,0.5226931518520138,0.0,0,0.0,0.0,0.0,0.0,0.5629122089816758,,1.6,,1.5,0.3817837307432134,5.516686673807965,1.3294640212944064,0.7279715732268104,5,2,5,0.9384615384615385,65,0.9743589743589743,0.9420289855072463,49,49,3.2999999999969987,4.420000000002261,53,3.259999999997035,4.359999999996035,90,12.541149182557064
FS-055,True,429.55248129107054,13.498905876563313,0.6938121327300901,0.43271807562232245,0.031425510186766176,0.04027119675202386,0.06221663252229054,0.08055886888556375,26.72530887752464,0.000979506079973938,0.03135775089557205,0.0009575321592023464,0.38260749770558145,0.37581550176561973,0.35329792425798,0.36146921915878083,0.2775737226163922,0.007659133966847353,0.004903957284019321,0.10335009037996193,0.1028371884945138,0.49290833884516433,0.0,0,0.0,0.0,0.0,0.0,1.940036215445537,,1.6,,1.5,0.3882398551958769,6.243085851498717,1.3963744434979344,0.757653358165522,5,2,6,0.9047619047619048,42,0.0,0.9324324324324325,51,51,3.4099999999968986,5.219999999999889,50,3.3850000000017317,7.879999999992833,92,12.850583433737807
FS-056,True,429.9590590070933,13.717211414151151,0.4865529108378151,0.031326932255856525,0.031903529247246244,0.0408058266146175,0.059359743380679224,0.07754902553513018,25.52225940685937,-0.0001350902459557899,0.03184185250088451,0.000913389283827805,0.38499014390407166,0.3796640554032541,0.3438677611503801,0.3812223433052401,0.2670254239208993,0.007884471623480953,0.053157066595844904,0.10469866212252164,0.09931268317537155,0.484160188385888,0.0,0,0.0,0.0,0.0,0.0,2.0802059804162774,,1.6,,1.7,0.3609426524670681,5.594955593134962,1.1634137578071055,0.7636701942086289,5,2,8,0.9402985074626866,67,0.975,0.9176470588235294,52,52,3.3999999999969077,7.319999999998544,49,3.469999999996844,4.889999999995553,89,12.419787159111591
FS-057,True,430.20508040830487,13.399990318204416,0.5938159052181464,0.09655600863471805,0.031147912771012868,0.04034886131728076,0.059530960922007006,0.07714293397031534,25.610521830235584,0.00020657949246987613,0.031090015631081533,0.0008836491455111636,0.39543930963934754,0.3726827211055525,0.3495892709253131,0.370613940329753,0.2719865601980958,0.007810228546838744,0.02435779515915611,0.10241072905496268,0.0999443579661186,0.49605430090635755,0.0,0,0.0,0.0,0.0,0.0,1.74010149995723,,1.6,,1.5,0.39150790128561497,5.732008467191381,1.2237653385070377,0.7669223616922362,6,2,6,0.9333333333333333,75,0.9714285714285714,0.9411764705882353,50,50,3.414999999996894,7.430000000003801,51,3.4300000000017548,4.819999999995616,98,13.667899956967803
FS-058,True,429.4630112987011,13.940597426504976,0.5598244930529921,0.3438170525989465,0.03246053108124107,0.04187360184699602,0.06212609980132894,0.08052368863882077,26.680861900922356,0.0007329264054086931,0.032382937976273805,0.0010072469909760701,0.3937079721659666,0.37446763928208515,0.3441972791859087,0.36422228663414846,0.2862481938245399,0.0053322403554034,0.025864085528295524,0.1050509478332947,0.10236934678015305,0.4946176839715243,0.0,0,0.0,0.0,0.0,0.0,2.2451621981261276,,1.6,,1.5,0.36946922980958197,5.51281189853131,1.3572855319080277,0.7675452894332417,7,1,5,0.9240506329113924,79,,0.9402985074626866,51,50,3.4499999999968622,7.0300000000035965,49,3.4299999999968804,5.959999999994579,91,12.713551240394132
FS-059,True,429.2510753752291,13.753057881976256,0.6344701199820535,0.5387636331560514,0.03203965853773091,0.041175115110901564,0.06409844052524293,0.08337291130740523,27.51432452533568,-0.001255945551249905,0.03196755864530141,0.0010233393515878125,0.38031605449683137,0.38357504371089013,0.34588148642426875,0.35802141029207474,0.29015652410684084,0.00594057917681609,-0.00588282479835759,0.10410701180175307,0.1046998960527278,0.4856831163853407,0.0,0,0.0,0.0,0.0,0.0,1.1146005258085565,,1.6,,1.5,0.41320788450251245,5.4305086521377754,1.3935467723680512,0.7633779848573092,6,2,8,0.935064935064935,77,0.96,0.9014084507042254,54,54,3.2649999999970305,6.239999999994325,51,3.5099999999968077,4.200000000000649,94,13.13916335578147
FS-060,False,123.99999999999997,5.529902856191821,0.3981077315107816,0.349659453269112,0.044595990775740266,0.05503904748546295,0.08820273010563319,0.10782239602226566,10.937138533098521,-0.002992828004926578,0.0444626709081128,0.001662514261692409,0.43290322580645163,0.4103225806451614,0.3517741935483872,0.35741935483870974,0.28951612903225804,0.0012903225806451615,0.02759487286522552,0.10423836285898283,0.10128601436250013,0.48572580645161306,0.0,0,0.0,0.0,0.0,0.0,2.4975272513752707,,1.5,,1.6,0.4794964336394159,9.77261248209104,1.7243171305535954,0.8440196790063715,8,2,4,0.7666666666666667,30,0.75,0.8421052631578947,16,16,3.345000000000809,7.399999999999842,17,3.4600000000001963,4.370000000002236,29,14.032258064516133
