ending_native_index,nominal_age_seconds,block_wall_seconds,wall_per_simulated_second,working_set_bytes,peak_working_set_bytes
1000,10.0,3.525291199912317,0.35252911999123765,74158080,94007296
2000,20.0,3.5514922000002116,0.35514922000000354,74252288,94007296
3000,30.0,3.547078900039196,0.35470789000386416,74248192,94007296
4000,40.0,3.546943499939516,0.35469434999399696,74350592,94007296
5000,50.0,3.5500662999693304,0.35500662999700366,74338304,94007296
6000,60.0,3.5785564000252634,0.35785564000259756,72773632,94007296
7000,70.0,3.8280884000705555,0.3828088400069685,74149888,94007296
8000,80.0,3.557752100052312,0.3557752100050492,74215424,94007296
9000,90.0,3.5387676999671385,0.3538767699965328,74280960,94007296
10000,100.0,3.5793315999908373,0.35793315999890063,74145792,94007296
11000,110.0,3.6103108000243083,0.36103108000224615,74113024,94007296
12000,120.0,3.634751799982041,0.36347517999801815,72814592,94007296
13000,130.0,3.541819099918939,0.35418190999181387,74387456,94007296
14000,140.0,3.561325900023803,0.3561325900027042,74354688,94007296
15000,150.0,3.56394000002183,0.35639400000250715,74326016,94007296
16000,160.0,3.618642900022678,0.3618642900025969,74608640,94007296
17000,170.0,3.782755200052634,0.37827552000560744,74633216,94007296
18000,180.0,3.538906899979338,0.3538906899982557,74788864,94007296
19000,190.0,3.522262700018473,0.35222627000216766,74731520,94007296
20000,200.0,3.5823149000061676,0.35823149000094257,74674176,94007296
21000,210.0,3.503152300021611,0.3503152300024797,74854400,94007296
22000,220.0,3.535341300070286,0.3535341300073501,74821632,94007296
23000,230.0,3.496519200038165,0.3496519200041345,74944512,94007296
24000,240.0,3.5824994000140578,0.3582499400017316,73351168,94007296
25000,250.0,3.488403099938296,0.34884030999414684,74498048,94007296
26000,260.0,3.601657100021839,0.36016571000251046,74706944,94007296
27000,270.0,3.507646400015801,0.35076464000189916,74518528,94007296
28000,280.0,3.4990015999646857,0.3499001599967868,74485760,94007296
29000,290.0,3.473589300061576,0.34735893000647355,74498048,94007296
30000,300.0,3.559560199966654,0.35595601999698917,74534912,94007296
31000,310.0,3.880468299961649,0.3880468299965178,79798272,102924288
32000,320.0,3.560638799914159,0.3560638799917397,79855616,102924288
33000,330.0,3.5517545000184327,0.3551754500021663,80052224,102924288
34000,340.0,3.659685700084083,0.3659685700087411,80031744,102924288
35000,350.0,3.99882360000629,0.39988236000099264,80064512,102924288
36000,360.0,3.6464840999105945,0.3646484099913911,78471168,102924288
37000,370.0,3.5478202999802306,0.35478202999834574,79724544,102924288
38000,380.0,3.6225223999936134,0.3622522399996908,79687680,102924288
39000,390.0,3.4779851000057533,0.3477985100008917,79618048,102924288
40000,400.0,3.4445969000225887,0.34445969000257215,79638528,102924288
41000,410.0,3.4863099000649527,0.34863099000681236,79695872,102924288
42000,420.0,3.6432172000641003,0.3643217200067414,81055744,102924288
43000,430.0,3.6252932000206783,0.36252932000239757,79835136,102924288
44000,440.0,3.6398237000685185,0.36398237000718286,79687680,102924288
45000,450.0,3.817693299963139,0.38176932999666113,79798272,102924288
46000,460.0,3.7059914999408647,0.3705991499944235,79994880,102924288
47000,470.0,3.5577844000654295,0.35577844000686654,79822848,102924288
48000,480.0,3.601690100040287,0.36016901000435625,81371136,102924288
49000,490.0,3.617418900015764,0.3617418900019054,80031744,102924288
50000,500.0,3.547972699976526,0.3547972699979753,79876096,102924288
51000,510.0,3.5781571000115946,0.3578157100014849,79859712,102924288
52000,520.0,3.542886900017038,0.354288690002024,79941632,102924288
53000,530.0,3.626817899988964,0.3626817899992263,79736832,102924288
54000,540.0,3.6926757999463007,0.3692675799949659,81301504,102924288
55000,550.0,3.614217000082135,0.36142170000854223,79851520,102924288
56000,560.0,3.7544389999238774,0.3754438999927292,80015360,102924288
57000,570.0,3.8471365000586957,0.3847136500062195,79912960,102924288
58000,580.0,3.8376074999105185,0.38376074999140086,79843328,102924288
59000,590.0,3.633021300076507,0.3633021300079811,80064512,102924288
60000,600.0,3.939021799946204,0.3939021799949786,79790080,102924288
